524299
262144
786443
524294
262154
524313
262167
786457
786453
786451
786477
786472
524325
524326
262196
524345
786489
786484
262202
786508
524362
786506
524367
786507
786503
786497
524358
262218
524377
786527
786522
786523
524371
786514
262244
786543
786536
262241
786539
104
786533
107
524389
110
262260
113
786558
262259
524404
126
524426
262278
524427
262275
136
137
786566
139
786563
262283
786588
262288
786585
262300
524434
262303
524436
262297
262298
262311
524461
262306
166
524449
786592
524452
786621
786622
524479
191
786611
524471
524489
786637
786635
262348
786630
786624
209
262357
214
524497
786645
524499
222
524521
786669
239
524536
262390
786683
524529
249
524554
262407
262400
786696
524558
524559
786699
262412
786693
524548
786689
524568
524571
262417
524561
281
283
262434
262446
299
524579
524580
786721
262443
305
262449
524606
312
313
524598
262459
262471
524623
262476
786758
262474
340
786777
350
786771
786797
786792
524652
358
524655
524642
786787
786813
786815
786811
376
786805
262520
262521
786801
262523
385
524682
786831
262531
524672
524673
396
262549
786841
411
786861
524714
262566
262560
524716
786858
262563
524705
524707
524708
262569
431
441
524723
262585
786866
453
786884
262600
262612
524762
524764
786901
262622
524755
476
262617
262629
484
524782
489
786918
262639
262632
524772
524793
786939
262652
505
786933
262653
524786
524789
510
524814
262668
786950
523
786944
524805
262678
524829
524831
786964
262684
541
524822
542
545
786991
262688
786984
524846
553
524836
786978
262724
262720
787013
524866
524868
787036
262741
262742
787039
524880
601
524881
602
262751
787054
262759
612
524897
262767
262762
787068
524921
262771
787060
524914
262777
524918
524936
787085
642
787081
646
524929
649
262798
524935
262805
262803
668
670
524968
672
676
262818
524961
688
787135
787127
787148
704
787151
787147
712
524994
787142
524999
787165
722
525009
525014
525015
525032
262885
787182
787177
525037
525025
262894
525026
525029
787169
525030
751
787171
787196
262902
754
262903
787193
525040
763
262911
262904
766
787215
262925
777
781
787228
785
786
794
796
797
525077
787218
799
262951
525100
262945
525101
787233
814
819
787263
823
262973
525106
787249
525110
787250
836
787273
787275
525123
262984
787265
262985
262996
525146
262999
853
262994
854
525137
787280
263002
525153
263021
525154
875
263017
525157
525177
525178
787321
787322
263027
887
888
890
525171
896
263045
787342
263041
787337
787338
903
525185
905
263048
787331
525210
263058
922
525203
525204
926
263072
525228
525230
787371
525217
525221
525246
525247
263102
955
525237
787405
787407
263106
525263
787398
263115
976
263123
787412
990
787410
525288
263136
787434
263151
525286
525307
787449
263154
1020
263163
525321
787461
525337
525341
787476
263198
1051
787473
787474
1056
263207
1072
263228
1083
787511
787533
1093
787525
525377
263246
525379
787527
1102
263243
787548
787549
263254
263255
1110
787541
263263
263258
263268
525417
263267
263276
525408
1130
525432
787581
787583
1154
1157
787595
1164
1166
1171
525469
787604
263322
1183
263323
525483
263331
1191
263341
263336
787618
525478
1205
525502
787643
1211
787633
787661
263367
1219
263362
1224
525505
1225
263368
263369
263370
525528
525531
1235
787668
263390
1246
525527
1253
263395
525541
787682
263403
525562
263410
787700
787699
263430
525570
263439
525571
525575
1296
263445
787743
263441
263454
263449
263451
1312
787754
263468
263469
1326
525624
525627
263472
787769
787770
263475
787766
263480
1340
525620
525623
525640
525642
787791
525643
263491
525637
525656
1361
1363
525662
787798
263519
1372
787792
263532
1386
525669
787811
263542
525693
1400
1401
263545
1406
263556
787852
1412
787849
1416
1419
1422
787868
1426
263570
787860
1433
787858
263578
1439
787884
263588
525736
1442
787882
787883
525731
525734
1455
787896
787892
525745
1472
1481
787910
787905
263625
263627
1488
263639
1497
787925
525779
263641
263642
787922
263643
787945
263649
263651
263661
263663
787943
263656
787965
1521
263666
263667
1532
787983
525835
1541
525824
1545
263695
1548
787996
787984
263705
1565
788013
1569
525867
263724
1581
263734
525883
263730
788020
525874
263736
525876
525877
525878
788041
1605
263747
525903
1608
788036
788037
1614
525895
788061
1618
1620
788058
788059
263769
1631
788076
263781
263776
1636
525933
525934
263788
1643
788071
525924
788067
788094
263799
263792
788090
263795
1659
525940
1662
788109
1667
263815
263809
525957
788124
1681
263829
1683
788127
525981
1690
525970
263832
1695
263846
525996
263842
788138
525999
788133
1706
788131
263851
788156
263859
788151
1728
263877
1731
788171
526016
788162
788188
788189
526043
788184
263890
1754
526039
263906
1770
263919
1772
526075
1780
526079
1783
1785
526071
1791
263940
788232
788233
788235
1801
1802
263945
526085
788225
526086
788253
1809
1810
1811
263967
788268
1830
1833
788261
788263
1836
788259
1840
526137
788286
1844
263996
1850
526132
788275
1859
264001
1863
264014
1871
788318
1879
526160
1881
788309
264030
1883
526184
788332
526185
526187
788329
526176
1896
1898
788348
788337
1917
1920
526218
526222
788362
788353
788354
1937
788376
1945
526225
1946
526227
264101
1954
788399
526252
788394
526255
526240
1962
264111
264105
264106
526264
264116
1971
526268
1973
526258
1979
264131
264148
526296
2002
2003
526301
526303
264153
2014
2015
526312
526317
264173
788448
526310
2031
788471
526324
2045
2046
788492
788493
264198
2054
788490
526351
788484
788486
264201
264202
2063
2065
526363
2068
526366
788507
788502
788503
2077
526359
2086
264236
264238
788519
788512
526375
264245
526385
264249
526391
788557
526413
526414
788550
264264
526407
264278
526427
788568
2143
264292
2146
2147
788585
2149
788582
264299
526456
264309
264317
788598
526450
2171
264313
2175
2180
2185
2192
264349
2202
788631
2206
788627
2210
2213
788649
264355
526511
526496
526503
264372
788666
2231
526536
788687
526540
2246
526529
526531
788679
788673
2255
788675
788700
788696
2260
264412
2265
526548
264411
526568
526570
526573
264428
526562
2285
526584
2294
788720
526582
2310
264451
2311
526594
526596
2317
788766
526619
264464
264465
264476
788758
788752
2337
788778
2342
788779
788772
2346
526631
2355
788792
526653
526642
264505
526647
2368
526666
788815
2371
788808
526668
2373
526670
526656
2381
264522
264533
788824
264530
2391
526673
264541
788816
526676
788817
264550
264557
788832
264552
788834
2414
2419
788856
526711
264582
264578
2440
2444
264599
2453
2457
526737
2458
526740
2464
2469
2470
264610
788900
526753
788899
526776
2484
2487
2491
788913
264642
526784
526785
2507
526788
788931
264662
264669
788949
2523
788944
2527
526816
526817
788966
2544
788991
2547
788984
526847
788976
526836
788978
264705
788996
788998
264712
2573
264713
264715
789021
2578
264726
789023
526879
789013
789008
2592
264741
2596
2598
264739
2599
789031
526886
789027
789054
789046
264767
264760
264772
2627
264775
789066
264771
526912
264781
789056
2638
789059
2639
789085
526938
526939
789082
789073
789100
789102
264806
789094
526947
264809
264820
2674
2677
789113
526973
526974
789108
789111
264836
2695
264852
264854
789146
527007
2715
789138
2720
789162
264867
2727
789158
527037
789177
527055
2759
264908
527042
789191
527046
789186
2769
527067
789209
789204
264926
527059
2783
789224
264928
527084
2789
264931
264948
264949
789245
789247
527103
2809
2810
527095
527113
2818
527116
2832
527129
789279
789275
789266
527127
2847
789295
264995
527136
527138
2862
527163
2867
265015
789304
789305
527166
789307
265011
789301
789325
527177
2885
265025
789317
527172
789313
2896
265040
2900
789337
527186
789329
2909
789356
527211
265063
265056
789352
265069
265070
2922
2928
2931
265072
265075
2937
527217
527218
789367
2939
2943
2944
265093
265094
2947
789385
265090
789382
527235
265096
265098
2967
265107
789403
265116
265127
789423
789417
2986
527270
527290
789439
527291
3008
265157
3009
265159
527308
527309
789446
527301
265163
3026
789464
789465
265176
789458
3040
3042
789481
3050
789479
789475
789500
3059
3062
3071
789491
527369
789512
3081
3083
789511
789506
265227
789529
265235
527380
265240
789545
789540
789541
527397
3118
3120
265269
3132
527415
789582
3139
527430
789592
527453
527454
3161
789585
789587
265317
265335
527484
265330
3195
789618
789619
3203
527489
789639
3215
265355
527514
789663
3219
789656
527518
789652
527506
265374
789649
3236
3238
527520
527524
789666
527527
527546
3254
265394
789684
265407
265400
527543
527561
527566
789702
3278
3280
527569
3291
527571
3295
265435
265444
527593
3299
265447
3300
789739
265452
265453
527586
3308
789729
789731
265461
527609
265458
3321
789745
3329
265477
265472
3338
3339
265480
527621
265482
789763
265493
789786
527646
789782
789783
789777
789778
527648
3373
789793
265515
789820
789822
265527
527676
3380
789816
527664
527667
3395
265551
789855
265552
265553
789849
3414
265567
789847
527700
789871
265570
789867
527712
265583
527715
3439
789885
265590
527739
3446
3447
789883
789873
527733
3457
3459
789898
3464
789888
3468
527750
3473
3474
789912
527773
527775
527760
3480
265628
527761
265624
265627
265638
265632
789929
789924
789925
3501
789944
265651
3511
527794
3514
527795
265663
527796
527797
265678
265674
3534
789955
789976
3543
265694
265695
789975
265688
3549
789969
527831
265691
527850
789992
3559
3561
265707
789987
265717
3570
527857
527861
3581
527862
265732
265729
3591
3592
265741
265737
265750
790047
527901
527888
527889
3611
790032
3618
527919
790053
265769
265770
3632
527928
790078
265783
265785
3648
265797
3655
527937
527941
3667
790105
790100
527952
3676
3679
527979
527993
265847
265840
790138
3704
265854
790135
265861
528011
528015
3720
528000
265865
3725
3729
265877
790174
528030
3735
265881
528041
790190
265889
528046
3753
528037
265899
3771
528055
265925
528075
265923
3783
3785
3786
790214
265928
790210
3790
790239
790232
3801
3802
3805
3806
528104
3809
3811
3812
790248
265966
265963
3824
3826
265969
790265
790261
3834
528119
790287
790272
265992
528133
528134
266003
3863
790294
528146
790295
528169
266022
790319
266019
3879
528160
790310
790307
528185
3896
790320
528181
3903
528201
790344
3913
3915
528199
266064
266067
3927
790356
3930
528211
266084
790379
266088
790371
266102
790386
528264
528265
528256
790405
528257
528261
528282
790424
3990
528272
3992
266142
528276
3997
3998
4000
528301
4006
4007
266159
790433
528313
528314
4020
4022
266163
790459
528304
790452
528305
528307
266170
266171
4033
528329
4037
266179
528335
790469
528324
4047
528344
528337
790480
4064
528361
4070
528367
528353
790501
790502
266228
266231
790520
266225
528381
790523
528373
4094
266244
528396
4101
528398
790533
4108
790531
4112
266259
528401
266271
4124
528407
266274
790571
266283
4145
266294
4148
528444
266303
4157
4159
790607
528460
790597
528451
266327
790618
266323
528467
4188
4198
266345
266355
266366
4218
528503
266368
790664
266370
790662
528515
266383
528538
790680
4246
528529
4249
528530
266392
266405
4267
790689
266423
790713
790714
528561
4284
4285
4288
4289
790733
528587
266432
528576
790723
266455
790744
266461
4317
266458
528598
266464
266467
790756
266477
790759
790753
4338
266483
266492
528626
4349
528648
790797
528650
266502
790794
266508
528642
4364
528665
790811
4375
528658
528680
790824
528684
4390
528674
790817
528678
790845
266550
790847
528701
266545
790841
528690
4413
790835
790857
790852
266575
790848
4428
266571
790874
790875
528735
790865
266596
266604
4457
528739
266600
528743
790908
4471
528754
528755
790903
266617
790899
528778
790926
528768
266638
790940
4498
528797
4501
528784
266654
4514
266663
266658
790954
790955
528815
266668
4529
790968
4536
528816
266681
528823
528842
790984
266689
528845
4553
790983
528835
266696
4563
528855
4576
266727
791016
528879
4583
528866
791008
791036
528888
266742
528891
266743
4597
266738
791034
4598
528883
791026
791053
791055
791065
791066
266776
528919
4641
4642
791082
266787
4649
528931
4651
4652
4657
4658
4664
266813
266808
791089
4674
791118
266829
528966
266827
266839
266832
791128
528989
791130
791124
4697
791127
528979
4701
791148
791149
4706
529004
529005
266849
4711
791143
266863
266859
266868
4731
266875
791180
266882
4742
4743
791174
529027
266890
266908
529043
4766
791187
4767
4770
266927
4782
4783
4786
4788
4790
266931
266943
529078
266948
529097
266946
529090
4811
266959
791234
529094
529113
4819
266962
791259
529105
266973
791253
529107
266968
529109
4830
266971
266983
529133
791273
266978
529135
529120
791268
791269
529122
4848
4854
4859
267001
791282
4863
4866
267009
267021
529153
267017
791297
791299
791317
267038
267033
529193
791337
791333
267048
529188
267049
4909
4912
267060
4913
529211
529212
4918
791355
4921
791344
267067
267076
791374
529229
4935
267086
4940
4948
791385
4950
791381
267102
4955
529237
529256
4964
791400
4968
791397
4972
791423
267127
529276
791417
791418
4985
529265
791409
529288
4992
4993
267136
4998
529280
791425
529287
791453
791449
529310
267155
5016
791445
529299
267160
5020
791441
529302
791469
5025
529322
267170
267181
267183
5037
267177
5038
267178
267190
529342
791482
267199
5051
791479
791472
529333
791474
267202
5063
791492
267213
5066
529349
529350
529369
529373
267217
267218
529374
5080
267231
791535
5102
529383
791548
267255
529404
5108
791536
791538
267265
791562
267279
791554
5139
791577
529425
791574
791571
791597
529451
5157
529453
267308
5160
5165
529445
791613
267318
267319
791608
5174
5175
5180
529460
267322
791628
5185
529482
529483
267328
791624
5189
529486
267331
791621
267343
529475
791616
529477
267337
791619
5203
791641
267346
5206
791643
791637
5212
791634
267364
267365
5220
791658
529506
5226
529509
267371
529528
5234
791678
267377
5239
267379
791693
267399
267392
529536
529538
267407
791680
5262
529567
791696
5279
5281
791726
267436
791717
529569
791718
5291
5292
529592
5297
5299
529598
529599
791728
5309
267451
791757
791752
267457
529600
5323
791747
267476
267478
791775
529627
5334
267475
529618
791787
529635
5356
5357
529656
267510
5371
791799
5373
529655
5386
5387
529667
267528
529670
791811
529688
529691
267536
5400
529680
267550
267544
529685
267546
5409
791846
529700
791843
529720
267573
791864
267568
529726
267571
529718
791859
5441
791886
5444
791876
5451
267592
529734
267595
5455
791901
5465
267613
267623
791914
791911
5485
791907
529784
267638
267632
791926
529778
5499
5500
791949
267653
529803
791941
267661
529795
791936
791938
267664
5527
529808
5533
529813
5535
267685
791983
267693
267688
267690
5551
529848
5552
791997
791999
529841
267709
791990
267710
5568
267715
267726
267721
529861
5591
529887
267742
792023
5599
529898
792033
5614
267764
5618
792057
529918
267763
5623
529919
5626
5628
267769
792073
792074
529921
5641
792071
267786
529944
267798
5654
267804
267805
529939
792081
5663
529960
267808
267810
267821
792098
5679
792126
529982
529973
529992
267845
792139
529984
5707
530012
530013
267870
530005
5726
267866
792147
267876
267875
792167
267892
792185
267890
5750
530046
5752
530032
792178
5759
530058
5762
267910
5763
267904
792193
5774
792220
530073
530074
530075
792223
530076
530078
5784
267932
267928
530089
267941
267942
792238
267943
267944
530085
267954
5815
267974
792264
5828
267971
5838
792259
5839
267988
792284
530137
267990
792287
267998
267993
792301
530156
268002
268003
268012
792293
5870
268021
530164
530185
268037
530189
268034
5904
792348
5916
792337
268059
792366
792367
268071
530220
530208
268079
792353
530234
5940
268082
268095
5947
5950
792371
530231
268091
268100
792397
268102
5956
530267
792409
5975
530257
792407
530260
792401
792428
268133
5992
530273
792421
268136
792417
268145
530288
268153
268155
792456
6026
6029
792449
792450
530328
792478
268177
792473
268179
6052
6055
6062
6067
530367
530356
792499
792524
530369
268233
530374
530393
6097
6105
530386
268250
268262
6117
268258
792549
530401
530404
792545
792572
6130
6131
792568
792564
530418
792560
530423
6144
530447
268300
530437
792606
530459
530461
268316
792596
792592
530454
792620
6180
6185
530466
6186
530467
792608
530468
792610
268336
792629
268344
530485
6211
268355
6217
6220
268360
530500
6223
530521
6227
268381
530518
268379
6240
530537
268384
530540
792681
792682
530543
268387
268396
792675
530553
792703
268407
530546
268414
792689
268409
6272
268420
530575
530566
6287
268436
530584
792733
792731
792725
6298
6300
268440
530601
792749
792750
268449
268450
268462
530595
530596
268457
530599
792761
6325
6328
530608
530609
268478
6333
268474
6336
792781
268486
530624
6351
530649
530650
6358
792794
268509
6362
268506
530667
268527
792801
268521
6388
792827
6393
268543
6395
792816
6398
792847
530699
792840
792836
792839
268552
792834
530694
6415
268565
6418
792858
530718
6423
530719
530704
6425
530705
6427
268571
530728
792876
792878
530732
6437
530735
268591
268584
792892
6449
268597
6452
792890
6454
530751
6459
792881
530761
268609
6470
530766
530767
268621
792898
530759
530776
6486
6487
268636
6493
792913
792915
792940
6497
6501
268641
6506
530791
268671
792944
530806
268677
268678
268672
792969
792964
792966
6540
792991
268695
530843
530846
6551
268708
530858
793002
792997
792998
6571
792993
530873
6579
793023
268720
6581
793019
530865
6586
6589
268740
530889
793037
6594
530890
268737
268748
6601
268745
6605
793053
268752
268754
6616
793041
268762
268763
6625
793064
6635
793085
268785
268787
6649
793078
268799
793073
530935
6658
793103
530945
793088
268811
268830
793106
268826
793133
793130
793131
6695
268845
268847
6701
530982
793149
6707
793146
6711
793143
531019
6727
793158
793152
268873
268874
6734
793155
531036
531038
268892
793174
6749
268891
6751
531031
6756
268898
6761
531043
793184
531045
6768
531069
6776
793205
268925
6778
793228
531082
793225
793216
531096
793246
531099
6807
268958
6810
531093
6817
793263
6820
6822
531105
793249
793277
531130
268979
793265
793292
531145
6850
268998
6855
531136
793286
793283
6866
531162
531163
269008
793304
6872
793301
6873
531178
531180
269024
269025
269036
6888
793318
269039
269034
793315
531175
793341
531197
6902
269052
531185
793330
793331
531211
6915
269057
269065
6926
793347
531225
793375
6931
793369
793364
6936
6939
531220
793360
269082
269092
6946
531244
6959
531256
793400
793403
531249
6975
269121
793417
6983
793413
269135
269129
6990
6992
7001
793430
7002
793431
531286
269147
7009
269153
793449
793450
7015
531298
7018
269167
793440
269161
7025
793466
531313
793486
269191
269194
7058
7061
7064
7068
531348
793488
793516
7081
531367
269227
531384
793535
7094
793531
7096
531377
269246
7099
531380
269243
793523
269252
531401
269255
793544
269248
7115
269263
7117
793537
7120
7128
531413
269275
7137
793581
7140
7144
793573
531430
269302
793593
793594
7159
531440
269309
269310
7163
7169
531469
793609
269326
531460
531474
793618
7198
793638
269353
7215
7218
269367
269361
269373
269374
269369
531528
7235
7238
269379
269388
7242
269396
531545
793693
7251
793695
7256
793681
531542
269412
793710
7268
269422
7276
531577
269436
7289
793717
793718
269439
531574
793714
531592
531594
531596
793736
7301
269441
793732
531584
7304
7305
269454
7307
531587
793730
531590
269450
7313
793758
269458
7318
7325
531606
531628
531631
793765
531620
793760
269482
7343
793763
269489
531645
793783
7355
7356
269508
531658
531662
7370
793798
531651
7375
269515
793821
793816
269520
793819
531666
793815
793810
793838
531694
793834
793835
531683
7404
269545
269546
531711
269565
793846
7419
531699
269561
531720
793868
7425
793866
7431
793867
269580
531713
7436
269590
7449
531753
531754
793889
531769
793917
7480
793908
793911
531766
269627
793907
531785
7490
531787
531788
7494
793931
531791
793924
793922
793923
269652
7505
793946
7511
531807
531793
793942
531794
269656
793936
793939
793964
531816
793965
531822
269678
793981
7543
269683
531826
7548
793999
269698
7561
531842
531845
7567
269716
794012
7569
7571
794015
7572
269715
794011
7576
531857
269725
7577
7579
794002
531863
794029
794022
7595
794016
7596
269736
531896
269746
794043
7609
7611
7612
7614
794061
269767
269761
794052
794055
794050
7631
7635
7639
269789
269791
269784
794095
269793
269804
531942
531962
794104
531964
531965
531967
794102
531954
269823
7676
794097
269819
7679
531983
531968
531969
269832
269844
269840
531997
794132
269852
794134
269854
7706
794129
531989
269850
7712
794156
532012
794152
532015
7722
7724
794144
532006
7729
794174
794175
7734
532020
7741
532023
532041
532044
532038
794205
7761
269911
532059
794203
269916
794198
269914
532076
794212
794211
532090
532092
532081
794231
794252
269954
7816
794244
269965
794242
532120
532121
794270
269975
269980
7836
269985
532130
532132
794274
532135
532154
270001
270008
7868
532149
7875
7889
532187
794335
7892
7893
7898
270046
7899
794321
270042
794348
532203
270049
270051
270056
7916
270058
794360
7924
532222
270076
7933
270085
532234
794378
270083
794373
532226
270089
7950
7955
532255
270108
532242
270110
794391
270111
794386
270117
270112
532270
794405
7978
7979
532263
532280
794429
794430
270134
532283
532284
794425
7999
270151
8003
794436
794437
532315
532318
270172
532310
794472
8036
532321
270190
794471
270191
270184
794492
532350
794491
270206
794482
8066
532363
270215
532364
270210
8070
794501
794503
8078
794498
8081
270229
794525
794520
8085
532368
270235
8099
270242
794533
8107
8108
794528
270250
8110
532391
794559
270263
270256
270258
8118
8119
532400
8121
794551
532407
532429
532430
794590
8151
8152
270300
8155
794579
532458
8163
8165
532448
8168
532452
532453
794594
270325
532474
8180
794617
270329
794611
270338
794629
532481
794625
270347
532505
270352
794650
532510
794647
8220
8225
532523
532524
8230
270371
8235
270383
532536
8240
8243
270384
532540
794682
270387
8248
8252
532533
270393
794675
532552
270406
532557
794699
794692
532547
8273
532573
794714
532575
8282
794711
532564
8285
532565
270436
794733
8290
8295
270444
532577
532579
270453
794744
8309
532592
8312
532593
532595
532597
8319
794765
532617
794766
532620
8327
270487
794776
532637
8344
794774
794775
8349
8351
270500
794789
794790
270511
532645
532647
8374
270526
794807
532659
8379
8380
270520
270532
794829
8388
8390
532672
8395
532676
532697
794841
270546
532702
270547
270557
794833
8414
794835
8418
8422
8424
8428
8429
270570
270581
8435
270577
794870
270598
8451
532748
8454
794890
532737
794886
270601
270620
8473
794899
794925
270630
532778
794927
532774
270635
8496
794940
270644
8497
532794
8506
794930
8511
270663
794959
270658
794950
532802
270671
270664
270666
532825
270679
532829
270673
794970
8540
794962
532823
270693
532845
270690
794987
270703
8555
795007
8564
532849
8572
8575
795021
532875
270720
795012
795015
795036
270737
270739
795026
795027
8615
532901
270763
8624
8629
532915
532918
8638
795076
270793
8654
532935
795102
8660
795096
270810
795113
795111
8686
8689
8690
270839
532988
8697
795126
270847
795120
8701
8707
270855
795146
795147
795142
270862
8715
532995
270859
8720
795165
795161
8726
533009
270884
795182
795183
533027
270889
8753
270903
795192
8758
795195
533044
795185
533064
533069
8775
8776
8778
270920
8781
795228
795224
795225
8791
533072
270942
533079
795244
8800
8802
533098
795246
533101
533095
270955
533116
795258
533119
270974
533107
8828
270968
270970
8831
533129
533131
270983
270977
795268
8841
270989
270990
533123
795265
795293
8850
795288
795290
533136
8856
8858
795309
795306
8871
533153
795303
533157
795298
795324
8882
271031
8885
795321
533182
533168
8889
8890
795313
271044
533192
795342
271047
533197
533199
8905
271053
795335
533190
795356
8913
795355
533201
533205
271066
271076
533225
533226
8934
8938
533218
8939
271080
8940
795361
271081
8942
533222
795363
8947
271090
8952
533239
533256
795400
533262
795403
533253
8973
533273
795422
271126
271127
795417
795414
533269
271130
533288
8996
271150
533284
533286
271165
533298
9021
271172
533325
271181
533317
271179
9041
271190
795479
9054
9056
271200
271212
795494
271210
795491
271221
271222
795513
795514
533374
533361
795510
271225
795505
271227
795528
795529
271233
271235
271244
271240
271254
9106
9112
271262
533398
271265
271266
795563
533410
533411
795580
795581
533438
533439
795579
533424
271294
533428
795596
533449
533452
271297
795593
9157
9165
533447
9169
271319
271324
795605
9181
271322
9184
9187
9190
271340
795622
795623
795618
533479
533499
9206
533502
795643
795636
533489
9210
271359
9211
9215
533513
533515
795656
533519
9224
533508
9230
9231
795678
533535
9249
271393
9255
9257
533538
271406
271407
795683
9269
533566
271421
271416
9282
9286
795723
9293
271433
271434
795743
533586
795734
9307
271451
271463
533611
271458
9318
533615
9329
271477
533627
795765
533622
271503
533635
271511
533662
533652
9372
271514
9375
795822
795819
795813
9389
795810
271540
271543
795832
271537
795829
795830
9405
795827
9409
533708
9413
795850
795844
271564
533699
795843
9425
533723
271568
271569
271570
795859
533736
795885
9447
533731
271592
533734
271606
271607
271602
795899
533745
795888
9471
795917
795919
533772
533773
9480
271629
533764
533766
271637
795935
533790
271655
9507
795942
9515
9518
271659
533820
9527
533812
271672
9534
795954
9537
795976
271695
9549
533848
9552
9555
9556
795994
533854
9562
9564
9567
271717
796013
796015
271712
9573
271713
533858
533883
796024
796020
796022
796023
533896
796044
271749
796046
796040
271747
271756
796037
533889
271759
9615
533919
796059
9625
533906
796054
533907
271769
533910
796076
9632
796069
9643
533925
796067
796092
796088
271795
9657
9658
271801
271813
533961
271814
9668
9673
533957
533958
271828
9680
796122
533969
9689
271837
271838
796119
533975
271847
533996
533986
271854
796135
533987
9711
271851
796156
796159
534014
796154
9719
796150
534002
9725
271876
271879
9733
9734
796170
796166
271887
796167
9742
9744
796190
271894
796187
796180
271901
796181
9755
271903
534038
796205
9761
796206
271916
796198
9772
796193
9777
534074
271920
9783
9785
9787
271928
271941
271943
534094
796229
534085
271959
796245
796247
796242
534103
796268
534121
9825
271975
796261
534118
271985
271986
272005
534157
796298
796293
534147
9871
9872
9875
796309
9881
796310
272025
272026
796307
272036
534186
272032
9897
534178
534183
9904
272052
796351
796345
272050
272060
796340
272063
796336
9923
272066
796359
534239
272094
9946
796369
272091
9952
272100
534249
796399
272098
9958
796389
9963
796391
272105
272106
272119
272115
272125
9977
9985
534282
534284
272130
9998
796419
796446
10002
272151
272144
534303
272159
10018
10019
10025
796449
10032
534329
10034
272177
534334
272190
796465
796493
10050
534347
534349
272194
272195
10056
272207
534342
272202
10075
272218
534358
534381
534382
796523
796517
10090
534371
272232
534399
10108
534391
534410
796552
534413
10118
272259
10121
272270
272271
796547
10136
272286
534420
796561
534442
534444
796585
10151
272296
272298
534461
272305
272307
534451
534454
10175
796616
10182
10186
796636
10193
534490
10203
272344
796625
10209
796653
272353
796651
272367
534502
534503
272370
272371
10231
10232
272376
534516
796657
796658
10240
796687
534539
272384
796681
272385
272396
796679
10256
10258
534544
10265
10270
272420
796717
796718
10276
10279
796704
534564
272424
10287
796732
534584
10291
796729
10294
272435
796725
272446
10300
534581
10302
796722
10304
272453
534604
796746
272456
796737
272457
534616
796765
10325
10331
796753
10338
796783
10342
796778
272482
10343
272492
796772
796769
272500
534649
272498
534640
10372
10373
796806
534662
796831
534674
534675
534679
272549
10401
796840
10405
796836
534688
534691
272552
796832
796834
272554
272564
10420
534705
10430
10432
10434
796872
534732
796875
272588
796869
534744
534750
534739
10463
10465
534756
272628
534777
534779
272631
10484
534768
272636
796917
10489
534772
796914
796915
796940
10501
272642
534784
534785
534786
10506
796930
796956
10513
534810
10520
10523
272666
272667
796972
796965
534818
534820
534842
10548
10550
10552
796977
797005
10561
534858
534861
797003
10568
796999
10573
272714
10577
10579
10586
272735
272728
534889
534891
272748
10606
272753
797049
534909
797051
272765
10618
534900
797043
272768
272769
272770
10640
534937
797086
272786
797076
272797
534930
10652
534933
797100
10657
10658
272812
10665
272813
534969
10675
10688
534987
10695
534976
10696
10697
10699
797149
10708
535005
534994
272871
10723
272865
10728
535009
535014
535033
272887
797168
10748
797199
797192
272904
797184
10766
535046
797187
10771
797208
535069
272914
272927
10784
272934
797220
535072
797217
272948
10804
272944
797242
10818
272967
535117
10826
10829
535110
10835
535132
797270
797265
272985
10848
535151
535137
10858
535139
10859
273010
535152
273016
10876
273017
797299
10880
273030
797317
797319
535174
273034
535175
273044
797341
10899
273040
797337
273042
797339
797334
535187
273049
797330
535208
797358
273056
797349
535204
273076
10934
273084
273085
10941
797363
10947
797386
10951
273091
797377
535238
10958
535256
10963
535249
10970
797399
797392
10972
10973
797421
10977
273126
797419
10984
535265
10989
797436
535289
797432
535283
535284
11012
11020
11022
11024
535323
273171
11032
535312
11040
797485
535338
797480
11054
11057
797502
535357
11061
797499
535345
797494
797491
273221
535369
797517
797518
11076
273217
11078
797515
11081
273239
797535
273234
11096
273242
273243
797548
535407
273262
273259
535416
11126
535409
11132
797554
797555
273280
11141
797574
11146
535429
11149
797596
11152
535453
273308
797591
273305
11166
273306
273316
535465
535470
11176
535458
273321
797630
797625
797627
535472
535473
11198
797618
535478
535498
797640
11206
797643
273347
797636
535491
11212
11213
797634
11224
797654
797649
273383
797679
535523
535544
11248
11252
535550
11256
273407
11270
797700
797702
797703
535559
273428
535577
797727
11287
11288
273437
535572
535575
11296
273447
273440
797737
273452
273454
11307
797735
535587
273450
11311
797731
273456
11317
535613
535614
273468
797749
11324
273476
535625
535626
11331
11338
797762
11343
11345
11346
11348
797785
797786
535632
535633
273501
535634
11359
11363
535662
11368
273517
273518
535650
535651
797793
273514
273515
535672
797816
535676
273521
535664
797813
535667
797815
535669
273531
273540
535689
273557
273559
535707
11413
273560
797840
11427
273568
273569
273588
797887
535729
11449
11453
11454
535753
11457
273609
273616
273618
797911
535764
535766
273626
535785
11493
273635
11499
797921
273653
535802
797951
535803
11507
273659
273668
273671
535822
11526
535823
535808
535810
273678
535811
11536
273684
797978
11547
11550
11551
273701
797995
797985
798013
798014
798015
11573
798009
11574
535871
11582
535881
535882
11587
273728
11588
11590
535875
273737
273750
273746
798036
273759
273752
273754
11615
11618
798057
535917
273762
11626
11631
798051
798074
11638
11639
11641
798070
798071
11644
273786
273798
11654
798084
798087
11663
535943
273809
273820
535953
798098
273819
798124
273829
273825
273839
273833
798114
798142
798139
798133
273855
273851
273862
536004
11728
11730
536028
273874
273875
536031
798163
11753
273902
536036
11764
11771
536052
798193
798195
273915
536055
798222
273926
11782
798218
11788
273928
536069
11789
11791
536071
536088
11792
798235
798228
273950
11803
798224
798249
273965
11818
798240
536100
273961
798270
273980
273976
798258
11841
798285
798287
798280
798281
798277
273999
11851
536132
536135
798275
536156
274003
798299
11864
798295
274009
274022
798313
536173
798308
274026
274027
798334
798329
274044
798326
798320
11901
536182
274042
798322
274043
798323
798350
798346
274061
11913
798365
536221
274079
798383
536236
11944
798374
274095
798368
536228
11954
274102
536250
11955
11960
11961
274110
536244
536245
274105
798385
274106
798386
274116
11973
798406
798407
536261
798403
798430
274134
274135
274140
274143
11997
274149
798447
536301
12006
798443
536288
536289
12009
274157
536293
274154
798434
12015
274164
798462
12025
274173
274169
536311
274183
798473
274179
12040
274185
536345
536347
274192
536350
798484
536342
274202
798482
536361
12066
274208
536356
274229
536382
536383
274227
274237
536373
798540
12096
798541
274246
274240
536384
12107
12116
536413
536404
798546
12127
274267
12128
798568
274286
274287
274281
274283
536423
798588
798590
12150
798576
536456
12160
798601
12166
536448
12171
536453
536454
12174
536472
798620
536474
274320
12180
12182
274333
536493
798634
536495
274348
536480
536481
274349
798629
274344
274345
798627
274358
12210
798655
536507
12216
274360
536502
274373
12233
798663
274391
12245
798681
274386
274387
12251
798674
12255
274405
12262
536558
536545
274409
798690
798712
536572
536575
798707
12291
536588
798729
12298
798727
536593
12314
536594
798743
798764
798767
536622
274475
536634
12338
274487
798779
798772
12344
12347
274495
536629
274490
12351
274500
274496
798793
12357
536647
536664
798814
798810
274514
536659
536661
274535
12388
12394
798823
12395
12397
798846
798837
12409
274558
12410
798838
536691
798834
12416
536712
536713
12417
536718
12424
798853
536706
536709
798878
798879
274588
798892
798891
798884
536738
798881
274602
274603
274612
536762
274608
274609
798906
274610
536757
536759
798921
12491
536771
274633
798940
274644
12497
12499
274652
274651
12513
798958
536810
12515
798955
274670
798944
798973
536825
798969
12533
536830
798961
798962
274693
536846
12550
12551
12553
12560
536857
536858
12563
536861
536863
12567
12569
798997
798999
799016
799013
536866
536868
799008
274741
536889
12595
274739
799035
274749
274751
799026
799027
536904
799053
12611
799049
274760
799065
799061
12637
274799
799074
12655
799100
274806
536958
12665
536946
274809
12670
536968
799118
274823
799113
274819
12681
12682
12683
12687
799107
799133
12690
799135
274832
536989
274833
12697
274846
536981
799122
537006
274851
799143
274863
537016
12720
537017
12722
274871
12729
12734
12735
537033
799181
274880
537037
274882
537028
274896
12756
12757
537055
799195
274910
12763
274919
12772
537070
12780
799202
537062
12783
799231
537085
799220
799245
799240
12805
537103
799243
12810
799238
274959
799233
799234
799235
274966
537114
537107
799249
12830
537128
12832
274981
537131
12837
799273
799275
537122
537123
12843
799264
12845
537145
799294
274992
274993
799291
799284
537137
799286
799282
799310
275008
537166
537155
537156
799327
275025
12888
537169
799319
12894
537174
275040
12901
799338
799339
537185
537186
799331
799357
537212
799353
12918
799349
12923
12926
12929
537228
275081
799362
799363
275092
537241
537242
799390
799391
275101
799376
275097
12958
537256
275108
799406
12963
799400
537261
275116
799397
12971
537253
537277
12986
12989
799438
12995
799433
275148
537281
537282
275147
13007
275156
537306
799450
275164
537296
799471
537323
537324
275170
537327
275180
799457
275189
275184
537341
537342
799476
275198
275194
537335
537356
13062
13065
799493
275208
275209
799512
537360
799533
13091
537376
799525
799527
275252
275248
275263
275257
799564
537418
799556
799552
537415
537436
275290
13154
537441
799590
275311
13167
275307
799612
799614
537468
13179
537460
799603
13184
537480
275334
13186
799630
799631
799624
537484
275331
275340
13200
275348
537500
275345
537502
13207
275357
13210
799639
537491
537493
275353
13217
275362
13225
13228
799650
13230
13232
13233
13240
799669
275396
537547
799695
537548
537550
275394
13257
537538
13261
537541
537560
13267
13268
537565
799705
13269
13274
13281
275429
799720
537582
275426
799716
537568
13291
13292
275435
799741
13299
275440
537596
537597
799739
799732
13305
13306
13307
799728
275450
13310
275462
275463
799759
13322
13324
275467
275477
275478
13331
537630
13336
537617
799766
13340
799761
275492
537646
537632
537633
13354
799804
799806
537659
275506
13367
275519
537652
13377
799823
13379
13380
13384
275528
799808
275539
537683
275558
13410
275559
799855
537707
799845
537701
537703
13424
537721
13426
275575
13437
799859
275587
13450
537730
13452
537733
537734
799901
537754
13459
799897
537745
13467
13468
275621
799918
13475
537775
275628
799907
275636
13488
537784
799934
13493
537791
275645
537782
799945
537806
275651
275660
799940
537793
13513
275662
275658
13522
13523
275664
13524
537821
799962
537810
799952
13533
13534
799978
537826
13549
537831
537848
799998
799992
799994
799988
537841
799989
537846
275707
800012
537867
275712
13574
537871
275715
800006
537862
800002
537863
275734
800031
537885
275730
275740
800020
537872
537879
275739
275749
537898
800047
537900
800040
537892
800033
13614
13615
537913
275766
537915
13626
537909
275769
537910
13635
537932
800072
275777
537935
13646
537939
537940
537941
800083
800107
13672
13675
13679
275830
275836
275838
537971
13695
800137
800132
800133
537985
275850
13710
800131
800158
800148
13721
800150
275871
13724
13731
538028
800171
275884
275885
13737
13738
13745
800190
538043
800184
275889
538047
13754
538035
800201
275906
13767
13769
800197
275918
275913
13773
800194
13778
13779
275922
275933
800210
538091
275948
800225
800253
13809
275965
13818
538121
275970
13831
538127
800263
275990
13845
800282
275997
538129
13852
800273
538135
800301
538155
538156
538158
276003
538159
538146
13870
538150
276031
13884
13890
538188
538177
276045
538179
538181
538183
800350
276055
800344
13910
13913
538198
13919
538208
276076
13931
538233
13942
276083
538226
13948
13952
13955
276096
13960
800384
13964
538245
800385
538246
276119
800415
800405
276125
800407
276120
800403
276123
276132
276133
538282
538285
800426
800427
538287
538272
276142
800422
13996
13998
538279
538302
276158
14012
538293
538312
538314
14019
14022
800453
800454
538307
276175
276168
276181
538330
14038
800468
276189
800471
14045
800492
538345
276198
800485
538362
538363
538353
276216
276217
276218
276228
800526
14086
276236
14091
800519
14092
800513
14094
14102
538398
14104
538388
276248
538408
538409
276263
14117
276258
14120
276268
538407
538424
276277
800573
538428
800569
800561
800591
276300
538433
14156
538438
800604
538457
14161
14168
538448
538449
276315
538455
276321
276322
14183
14184
14187
276335
800608
800609
538470
14192
276336
276349
538484
538486
276356
276355
800646
538499
276363
276375
14231
14234
800662
800659
14240
538535
538553
276412
276411
800716
538571
276417
538574
14280
800708
14284
800705
14285
276427
276436
14294
276444
276445
538579
800727
276440
538601
538604
538605
276450
14311
14312
800741
538596
276470
538621
276466
276467
276478
538614
14334
538634
14338
800783
276480
538624
800773
538649
800799
14356
800789
276509
538642
276511
538643
14363
800787
538647
800814
538666
276519
14374
800805
276525
276526
800829
14388
800825
14392
538673
800822
538696
276548
800845
14404
538690
538692
538713
14419
800856
276562
538719
276574
800854
800848
14434
538721
14442
538722
276587
800893
276599
276593
276605
538741
14464
14466
276609
14470
800906
538752
14475
14477
276624
800943
800936
800932
276653
538787
276648
14513
538809
538812
14517
538813
800948
14522
538802
14523
538803
276678
800974
800969
538821
800962
276683
800980
800983
800978
538839
538863
800999
276713
276726
14579
801017
538877
538865
538866
801008
801010
538888
14593
14598
538882
276744
14605
276756
14610
538907
538909
276754
14616
801047
14622
538920
14626
14627
276780
538914
801084
538936
276789
14645
276785
14648
276797
276793
538933
801074
14655
538952
538953
276802
801092
801094
14667
276815
276810
14671
14673
14677
14680
538961
801109
14683
801135
14692
276833
801129
276844
276845
14698
14699
538980
14702
801122
276843
539001
14705
14707
14708
276851
276860
538992
276861
14715
276868
801164
14720
14722
539018
539020
14727
539010
14735
14737
276880
801177
539038
539039
801172
14746
14747
14748
801169
801196
276902
14760
14762
539047
276907
801210
14776
14784
14788
801220
14794
276939
801244
539096
276946
801233
14813
539113
276966
276960
539118
14822
801248
539111
539130
276976
539132
801269
276991
14844
539126
276996
539146
14852
14853
276993
539151
539138
539140
277000
277001
801282
539143
801300
539154
14875
277017
539177
277029
539179
539181
277026
277027
801312
277032
277044
801338
277042
277048
14912
801358
801352
539215
277068
801345
801346
14932
539229
539231
539219
801360
277083
539232
14954
539236
539239
801405
14964
277117
277112
277126
801413
14987
539270
277140
14996
801433
801434
539295
801429
15005
15012
801448
801445
277166
277167
15022
277172
801470
277174
277171
277180
277179
801480
539342
801483
15049
801479
539331
801472
539334
277204
801502
539358
15064
277213
539346
277215
15069
539351
277222
801519
539371
539372
15076
801515
539365
801506
15088
539384
277238
277234
15097
539377
539380
15100
539382
801522
539383
15104
539403
277248
15110
801536
15118
15119
15120
15122
801566
15125
801561
15130
277273
801554
15139
15140
801575
15148
15153
277297
15160
539441
539443
801587
801614
539468
277321
539462
15190
15192
277340
277341
277342
15195
277337
15200
15201
15207
801638
539491
801634
539494
15214
539513
15219
277367
539516
539518
801655
15228
277380
539533
539535
15239
15244
539526
801692
15250
539548
801690
277400
15261
15263
277414
801710
15267
539567
539553
15273
277418
277430
539582
277436
801712
15298
15300
15317
801754
801750
539606
277466
15336
539616
15337
539623
539640
801788
15344
277493
801790
801791
15355
15359
277510
15364
801801
277516
539650
15372
15373
539673
15379
539675
15381
15382
801819
15387
539692
15397
277550
277546
15407
277558
15417
15418
539700
801842
539722
801864
801863
15442
801880
15444
15446
539743
539728
15450
539731
539732
801874
801896
15462
277613
277614
15468
15469
15471
539769
539770
15476
277617
15479
801908
277629
15483
801904
277626
539767
801926
15498
539781
539807
801940
15513
277662
277657
277671
539819
15529
15531
277672
539833
15543
277689
277691
15553
15558
15559
801986
277707
802009
539870
802006
277733
15586
802030
802020
802023
802044
15603
277751
15607
539889
15611
15612
277755
15618
802062
802058
277774
802055
15628
15631
539920
15641
539944
277794
277806
15659
277803
15664
15667
539963
277822
539954
15676
802126
802122
802116
539969
802118
539970
802134
802128
15710
15711
277851
15712
540010
802149
540002
277871
540003
15726
15727
15728
802168
540016
802165
540018
540019
540040
15744
540043
277897
802177
540039
277910
802206
15766
277916
277917
540052
540075
802216
15782
277935
277928
802210
15792
802237
540089
277942
802239
540092
15796
802233
15801
540082
802227
540107
15817
277967
802247
540123
802271
15830
540127
15839
802284
540133
278005
802302
802298
802288
540175
802310
15884
540164
278024
540187
802328
802329
15901
540182
278054
278049
278061
278062
802336
278057
278058
802366
15926
15931
278085
15937
278086
802376
15940
802378
802379
278092
540226
15946
802393
15960
802389
278118
540270
278115
802401
278122
15982
15985
278135
15990
278130
802427
278131
278137
278148
540301
16006
278155
540314
16019
802458
540318
802452
278173
16025
802453
802451
540328
16037
278177
278179
802470
16044
278185
16051
540349
540350
802490
540337
278212
802510
540366
802500
278223
802503
16079
540379
278224
802523
16091
278245
16097
16099
540397
16114
16119
278271
540404
16131
802568
540428
540430
16137
16138
16139
278287
802561
540441
540442
540444
540445
802587
278303
802577
16160
278307
540463
802597
16169
802599
540452
278314
278326
540477
16181
540465
16186
16188
278341
16195
540494
540480
802630
540485
278358
278352
802651
16217
278363
802643
16227
802664
278370
278381
278390
540540
16248
802676
16255
16256
540553
278407
802695
540549
278411
16276
278428
540565
540567
278437
278438
802734
802731
802725
540580
278442
278453
16306
16307
278448
16310
16311
278451
16312
278462
278463
802764
278464
802757
278484
802778
802772
540625
802774
278495
540627
802771
278503
278496
802791
802786
802813
802815
540671
278515
540657
540660
16387
802827
802822
16397
278544
802840
16404
16408
278557
16411
278555
802835
802860
278565
16418
16422
802852
278572
278569
802851
278581
802878
540733
802873
278578
540726
540746
278599
16452
278593
802890
16456
278605
278607
802880
540740
278601
802881
540743
16464
16466
540762
16468
278608
540765
802902
802896
278618
540759
278629
278630
278631
16505
540789
802931
278661
278663
540800
278671
278665
540805
278674
16536
540821
802962
278691
802983
16555
802976
803005
540862
16568
16572
278714
803013
540869
803010
278740
278736
278737
540894
16599
16600
803024
540905
16609
803054
16613
278754
16614
803046
16623
540923
540926
278788
278789
540940
540941
540931
803072
278804
278806
16659
540955
16664
540949
540968
16675
16677
278817
278819
16680
540961
16682
803107
803135
278839
803130
803131
540978
540979
803120
541002
803145
16710
540992
278860
803143
278863
803137
803166
16727
16730
16732
803153
278886
803183
16740
541037
16743
803173
16754
803193
541042
803184
541045
541047
16768
803213
541056
16779
541061
16781
803203
541087
803221
541078
803219
541100
541101
541102
803236
278959
541095
803261
803259
803252
803254
541107
16830
16836
278978
803275
803268
803269
803266
16846
278997
541148
16853
541149
16854
279004
803280
803308
16864
803311
279010
803306
803307
803302
16876
16879
541179
16883
16884
803320
16886
803323
16890
541170
16894
279046
16898
279053
541185
279054
803335
16911
541208
803356
803358
541210
16915
803355
541202
16925
16926
16927
16930
16935
279084
541216
541217
16938
803389
803391
16948
16949
16952
803382
279102
803376
541236
803377
16958
541239
16961
16967
16968
541252
16978
16982
803412
16988
803436
803439
803434
279139
17002
17008
17010
541307
541308
803449
17014
541296
803444
541298
541299
279160
803442
279172
803471
541324
803466
279180
279182
279177
17039
541339
17047
541328
803477
541330
279192
541335
803501
803493
279213
17071
541368
803516
279221
803517
803518
17078
803515
279219
803508
279227
803532
17088
17090
803535
279232
541390
279235
279244
17100
17103
803549
541401
541402
279254
17109
803546
279263
803536
17118
803539
17119
279271
541421
803556
803558
17135
279284
803579
17145
279295
279303
541445
279316
803615
541468
279314
279325
541458
279327
803600
803602
541482
803624
803626
17191
279342
279343
541475
803617
17198
541479
541496
279344
279345
279347
17208
279358
541493
541515
541517
803648
803650
803676
17233
541531
803673
279377
803671
279387
279396
541546
279393
17259
803680
541542
279403
279408
17268
541565
541567
279411
279421
803703
541559
803699
279425
17292
279442
17303
17307
279448
541588
541589
17309
279460
279461
279456
541602
279467
279476
279479
541627
541630
803764
803765
803762
541640
279492
541644
803784
17348
17353
279496
17360
17367
541648
17372
17375
803795
541675
17381
279523
17383
17384
279533
279534
803814
17386
17387
279531
17393
803837
279536
541694
17399
17401
279547
541705
803854
803855
541697
17421
17422
803862
803884
279590
803880
803878
803873
17455
803875
541753
803903
17462
279603
17469
803889
279620
279621
541769
17476
279616
541760
803909
279629
541767
541786
17494
17497
803920
803923
279643
803950
17506
803947
541807
541794
17516
279665
541810
803952
279685
803982
17540
17542
279692
803974
803998
541853
541841
17562
17564
17568
804014
279715
279727
804007
279721
279732
541882
17587
17590
804026
279731
17596
541876
804044
17603
279745
804042
17607
804037
17609
804032
804060
804062
804058
541905
541931
17636
279779
17641
804069
541945
279804
541939
17664
279814
17670
279810
279820
279823
804096
279816
17676
804099
541959
804121
541982
17687
804118
541970
804112
541973
17694
541992
804141
804136
17705
804130
279860
804158
804174
279879
279872
279873
804171
17735
804162
17744
17745
17752
804181
279903
804177
804204
279909
17762
804197
279918
279919
542052
17779
279920
804215
17788
17793
279938
17799
279951
542084
804224
17811
542109
542111
804244
542103
279973
17830
804266
542114
804262
279983
542116
804258
542138
17846
804283
542143
804279
804274
280005
542154
542144
804294
17868
804289
17872
542170
804319
804309
17882
804304
542182
804323
17903
804350
280054
542203
542207
280058
542218
804360
17928
280078
542214
280075
804381
17937
542233
804378
17945
17946
17948
280100
280101
17956
17958
542240
17960
17962
17964
280106
280107
17968
17970
280119
804405
17979
280127
804407
804402
280134
804426
280140
17996
280137
18003
804440
280144
18007
18008
280158
804439
18011
542292
18013
542293
542295
804435
18015
804458
542318
542310
804450
18032
542329
804478
804472
18036
804473
18041
542324
18045
18048
804495
280199
280193
804480
280213
280210
18071
804502
542355
804496
280219
804525
280231
280225
18087
804516
542373
542374
804515
18096
18100
18101
18104
542384
542386
18107
542390
18114
280256
280257
542402
18124
804545
18125
280267
18129
280274
18135
280275
804571
804565
18139
804562
804563
542440
542441
542444
804586
280301
542434
804582
542438
280299
804606
280317
18169
280324
18178
18180
280320
542478
280323
542468
280329
280331
18192
542491
280337
542493
804634
542480
280351
18206
18211
280354
280364
542497
542498
280361
542502
804670
280380
280381
18234
804656
280377
542539
542528
542529
542556
280400
18266
804694
804695
804688
18269
542550
18273
18274
18275
804709
804710
280431
18284
804733
280433
542591
542580
542603
804744
804740
280461
804742
542597
280468
280470
542618
542619
804767
280471
18329
804757
804781
804783
542639
542624
542626
18348
542628
804769
18351
804788
804789
280504
18366
542647
804808
280513
18376
542659
542682
280535
280528
804826
18392
542674
280543
18396
280538
542679
18399
18400
804846
18403
542701
804842
280556
542694
280572
804853
804855
18428
280571
542711
804876
18434
280576
280577
542733
804893
542746
542738
18460
280610
18474
18475
542777
280629
18483
18484
18488
804916
280632
18497
804942
804936
280653
542785
18506
804935
280651
280661
542814
280669
18521
542806
18534
804965
18538
280686
280680
280692
280693
804984
18548
280690
18551
18553
280701
542835
18562
280716
542854
805020
280725
805022
280723
280734
280729
805038
805028
280748
18601
18602
542882
805054
18612
542901
542921
280774
18629
805066
805058
805087
805082
280787
18650
280799
18652
805074
280795
805096
805097
280809
18672
805118
805112
542973
18680
805111
805104
805133
542990
280834
542976
542978
18701
805123
543000
18705
18707
18708
805146
805141
542994
280863
18721
18726
543023
18728
805157
805158
280878
280872
543036
543037
18741
280882
543025
543026
543028
280889
18751
805171
805197
805194
805190
805191
18764
543046
280919
805211
805205
543061
805230
805231
805225
280929
543074
805222
18795
18798
805218
805240
280945
280957
18809
18813
18820
805257
280963
280973
280968
18828
280971
543111
280980
18834
543131
280978
805275
280990
805266
543126
280987
18849
280993
18855
543138
805280
281000
281002
281003
281013
281014
805311
281017
281028
543178
805327
281037
805314
543175
805340
543193
18898
805343
805339
543184
543186
281055
805330
281050
543210
805359
543212
281056
805353
805355
18919
543215
805348
281068
805350
543202
18923
805346
281076
281079
805368
18935
805371
543231
543220
281093
18946
805391
281088
18954
805382
543237
805378
805405
543259
18964
281117
281118
543251
543253
18974
543272
281126
281120
18982
805436
805438
18997
19001
19005
19006
805426
19007
281147
543306
805448
805450
543311
19026
19029
19033
19036
543319
19039
19051
19052
19054
281195
543352
19058
19062
19063
281214
543347
19071
281211
19076
543373
543366
19087
805534
281239
543387
543389
281235
805524
805526
19101
281242
805549
281255
19109
19110
19111
19115
805536
19117
805537
805539
281264
805560
805557
543410
281272
805554
543434
805583
281293
805574
281302
19156
543442
19173
805610
281315
805601
805603
281332
19184
805625
543473
805622
543476
19197
543497
805646
19206
19208
805637
805638
543491
19216
281366
543518
805649
805650
281376
281389
805665
281385
543527
543544
281397
543550
805684
543537
543562
281411
805707
281421
19274
805697
281417
281429
805726
281424
281444
19297
543594
805743
543596
19300
805732
19304
543585
543587
805728
543589
19310
543608
19312
281461
281469
281465
19326
543627
543630
281486
805763
805791
805786
281491
805787
19353
805782
543639
19360
805806
281505
805796
281519
543653
543654
805822
805814
805809
543671
543688
543689
543692
805835
543695
543680
281544
543685
281547
805853
543706
805848
805850
543711
19416
805847
805841
543702
281563
805868
19435
543716
805858
543739
543729
281592
543733
281593
805875
19455
19458
281600
543759
281614
19467
19468
281609
281610
281611
805915
19483
543764
19485
805932
281636
281639
19492
281634
19497
543778
543801
805951
543803
19512
19515
543817
19522
19523
281677
543812
805954
19534
19535
543825
281693
19547
543827
805968
19551
19557
805993
19561
19565
806015
19571
543868
806011
281724
19579
543880
281735
806031
19589
281740
543888
19610
806033
281764
806060
543917
543906
281771
543928
806072
543921
543922
806065
806094
543949
281794
543942
281803
281809
281820
806100
543955
281816
806097
806099
19682
281824
806118
19690
281845
543994
19700
543996
543998
543987
19713
806159
544014
806149
544002
281879
544028
19740
806161
544022
544023
806191
19748
806184
806176
281910
806198
806194
19776
19782
19783
19784
544068
806209
544070
19791
544088
806236
281942
19807
281947
19811
806255
806248
544109
806251
19817
281973
806265
19830
544127
281979
806286
281991
806280
806283
544130
19855
544152
282006
282002
806293
282009
544151
19872
19875
544172
544174
282028
19882
282025
19888
806333
544186
19891
544188
282034
19895
544177
282046
806321
544181
19904
806344
544206
19911
806342
806343
19916
806365
806367
282071
19924
282065
282079
282085
282087
19940
544239
806373
544229
282089
19951
282096
19963
282118
282119
544268
806409
19973
544270
282127
282121
19985
544284
806427
544287
19992
282140
806421
544277
544278
806419
19999
282149
806440
20005
20006
20007
544288
544289
20010
282159
20013
282153
544295
282155
20016
20018
20021
282172
806454
806448
282168
806449
282183
544334
806469
20041
544326
20054
806490
20057
282200
282212
544361
20069
806506
282211
282221
806496
282217
544359
20080
282228
806525
806520
282226
544369
20090
20093
20094
20100
544397
282243
806534
20106
544387
20113
806558
20119
806548
20125
544405
20128
20129
544431
282275
806571
806566
20143
282283
20147
282290
544432
282296
806579
20164
20166
282314
806620
544472
20182
20184
282329
806638
544490
20203
806626
544487
544506
20210
806655
20214
20216
806644
806647
282368
20228
806660
544512
806661
806684
20245
544543
282396
282399
282393
282404
806696
806693
544546
20268
282409
544550
282423
282417
544573
282431
544563
20286
544567
282437
282432
282435
20295
282445
544580
806750
806745
20310
20311
806737
806765
806767
282464
544621
282467
282476
20333
20339
544638
544624
282495
544629
20352
544648
544649
282499
20360
20363
20364
806784
20370
806814
20374
282515
544671
20377
20385
20387
806831
282528
282529
20390
20393
544674
544677
282549
20402
544698
806841
20408
544695
806835
20421
282562
544707
806849
20434
544732
806868
282584
544744
544747
544748
20454
806890
806885
806882
20463
20468
20472
806900
282623
544777
806925
20485
544783
544769
20490
544771
282632
806913
806941
544793
20497
544796
282641
544788
282650
20510
544791
544808
544813
20524
806947
806973
20529
806968
20536
282695
544844
544846
806983
544837
544838
20558
20560
807000
282712
807020
20585
544865
282734
544866
282736
20596
544893
807034
544895
807029
282749
20609
807053
544909
544910
807051
807047
807040
282761
807064
282768
544914
20635
20637
20638
282788
807086
544940
544943
807072
807074
807075
807100
20660
807097
544958
807098
282810
807116
20673
20675
282817
20684
282825
20687
282836
807133
544988
282835
544979
282852
807149
545003
282855
545004
807145
20709
544996
282857
282869
20727
807155
282886
807183
20742
20745
282889
282890
545031
545048
545050
545052
545040
20764
807209
545071
20778
20780
545062
20784
807231
20792
20796
545078
282939
282944
282946
545093
545112
807263
807257
282963
545104
545106
807255
545110
807279
545132
807265
545145
282994
807285
545142
283003
20868
807307
20871
807300
545155
283028
807327
20886
20891
20897
283046
20899
807336
807338
545185
283048
283049
807329
807330
20911
807331
807356
283063
807352
807353
545224
545231
807367
283081
545222
807389
283100
807381
20954
545237
545256
283108
807401
807402
20966
283112
20977
807418
20985
283128
20990
283141
20996
283137
283148
807429
21007
545306
283159
545307
283155
21017
545299
545300
283161
545320
807469
21027
545318
807459
283189
807476
283196
283195
545352
21061
283214
545350
283210
21071
807518
807512
545375
283228
283236
807528
283232
21092
545378
807526
283241
807551
283259
21120
807563
283287
807573
283289
21149
807569
545430
807571
21163
807586
545460
807601
283323
283332
283330
21190
21191
545473
21198
807619
807646
545500
21204
807643
807636
545488
807635
21216
807662
283360
545517
807659
21225
21226
283374
545507
545530
807679
545533
21237
283378
807674
21243
545523
545525
21251
283392
545550
283406
283407
807687
21263
807709
21266
21270
283422
807703
21275
545557
545559
283428
545582
545571
545574
21294
545575
21295
21297
545598
545585
545589
21310
283463
21317
545614
807755
21321
545605
807772
283479
545618
283480
21342
21346
807780
807783
807776
545638
283509
21362
545659
21367
283507
545649
807798
283515
807821
545675
807812
807836
283542
21396
545692
21398
545683
545684
545685
21409
283559
283563
807868
545721
807871
807866
21434
21437
545719
283589
545741
21446
545729
807879
807874
21458
807902
807903
545757
807892
21465
283611
807919
21476
283618
21478
283630
807910
283625
283626
807929
545790
545791
21495
283646
283641
21501
807921
807923
21506
21508
807946
807941
283661
545794
21518
21521
283664
283665
283666
21529
807957
283672
807953
283685
283686
807977
283681
283683
283688
807971
807995
21559
807988
21561
21562
21564
545865
283718
545867
283712
283713
21574
283721
545881
283734
808020
808019
21602
21603
283747
808043
283759
545893
21619
283760
21623
808052
21625
808054
283775
21629
545910
283781
21635
283777
21637
545935
283779
808068
283790
283785
21646
808067
283793
808089
21662
545943
283815
21671
283820
283822
283823
545957
21683
283826
21691
808112
545972
21693
808140
283844
545997
21701
545985
21706
21711
546009
283856
808154
283868
808175
283879
21735
808189
808184
546044
21752
21754
546048
808198
546052
546073
21786
808215
21787
283929
546090
546091
21796
808232
546093
808233
283948
283949
808225
283946
546086
21810
21815
283955
546096
808245
546098
283967
546099
21822
808243
21825
283975
283968
283970
21838
283991
21843
808280
283985
21848
808279
21856
546153
808302
546156
808297
21862
21867
546149
21869
808316
284021
21874
808318
546172
21877
546161
808310
21893
21894
21896
21898
546179
284041
284042
284043
284049
21910
284051
808341
808342
21919
808364
21923
21924
284065
808361
284078
546214
546232
546234
284081
546237
21942
284083
284092
808372
546225
546227
808368
21951
284100
546248
21954
808398
546252
546254
546240
546242
546245
546265
546266
21973
808410
808402
808428
546282
546284
808425
546272
808420
21994
21999
808440
22010
284159
284152
284164
808460
546313
284165
284167
546316
22022
808455
22030
546311
22034
546331
22038
546322
808471
22044
808465
22047
808492
546345
808495
284194
808491
22057
808507
546354
284223
22078
22082
284224
546383
22088
808519
22093
22095
284244
22097
284247
808537
22102
22105
546387
808556
546413
284259
808549
284270
546404
22131
22133
284275
284284
284287
22140
546422
546441
808589
546446
546434
284298
284308
546457
546459
22164
808600
808603
284317
284314
22176
808621
284326
22179
284321
22182
546479
22185
546466
22186
22188
546468
808610
22192
808624
22205
284359
808649
546500
546503
284372
546521
546527
808663
284376
284377
808658
284379
546537
284386
22250
546531
22255
808700
546553
284407
808699
808692
284412
22266
284414
808691
546551
22272
22276
22277
808705
546565
808707
284432
284433
284444
546576
546578
284447
546600
284454
546604
546605
546606
808746
808741
284463
22316
284470
546622
546623
546615
22335
284484
546626
808774
546627
284489
284490
546631
546649
808798
284516
808813
284518
808809
22374
284525
546659
284521
808828
284532
808825
284531
546687
808822
284550
284551
808843
284547
808836
546692
284552
808835
808858
284573
284580
284582
284583
808879
546733
284579
808875
284591
284584
808865
22448
546746
284593
22463
546761
546765
22484
22485
808922
284627
808917
808912
22494
808940
284644
808938
22502
808939
22503
22504
808933
546808
284660
284662
546814
22518
284668
284669
22521
22525
22526
808946
808975
546828
546817
284687
284682
808986
546846
284690
22553
546835
546836
808977
546837
808978
809004
284704
809000
22564
22567
546849
22569
808992
808993
809023
22581
22584
284740
284743
809028
284748
284749
284745
546887
284756
546904
22608
22609
546907
284759
809048
284755
809045
809040
22626
546923
809065
22629
546919
284784
284785
22649
546930
22650
284795
284802
22662
809092
22666
284815
22670
22672
284823
546971
22678
284819
809109
284829
284825
546985
284838
22690
284834
809131
546977
284846
809120
284842
22703
22705
22706
22710
809141
22714
284857
809138
546998
22718
546999
547023
22727
284884
809180
809181
809178
547027
547029
22749
284890
22752
809192
809194
284908
547043
22764
809184
284905
809187
547066
284935
22788
809226
547086
284931
22794
22797
547078
22798
22800
284948
547097
284950
284951
22807
284958
22812
547093
284954
547116
22825
284968
547110
22835
284988
284984
547126
284997
284998
809295
547149
285006
809287
285000
809280
22861
547160
547164
547165
547166
22873
285021
809325
285030
22882
285027
809317
809318
22890
547174
547175
809340
22896
285044
547193
809332
809335
22908
285049
809357
547213
547214
809355
547200
22921
809372
22930
285079
809369
547231
547218
809366
809360
285092
22946
547245
809382
22954
285096
22957
22958
547261
285107
285116
285117
809399
22972
22975
809395
547272
22978
285120
22982
22983
547270
547292
22996
547293
809428
23002
285159
809451
285167
23022
285172
547325
809467
285182
547315
547317
809457
285179
809484
809481
285186
547342
809477
547330
285192
547333
285193
285195
285205
547356
285213
23065
809493
809494
547347
285209
809489
547349
23070
23071
285211
547370
547373
23078
285230
547364
285239
285232
547378
285240
23106
23116
23123
285276
809557
23132
285273
547413
23133
809554
285284
547433
547437
23141
547427
547431
23153
547449
809598
809592
547453
285298
809594
23159
23162
547445
547447
809613
809609
285315
285324
809605
285326
809600
285322
23183
547481
23195
23200
23202
285357
285358
547515
285360
809657
285363
285372
809652
23225
547509
547511
547531
809672
547534
547535
547521
547523
285384
809692
285397
547550
547537
23267
285411
547578
285431
547579
809721
285427
547570
285439
809719
285434
547574
809715
547575
547593
547599
809735
23308
809728
23310
23311
547609
809757
23322
285464
809771
285475
547617
23342
809790
547646
285491
547636
547637
23357
285498
809779
809804
23360
547657
285504
285507
23368
809799
809793
547655
23375
23380
547678
547679
547665
285533
23388
809809
547669
23391
23392
809836
547689
23393
285543
23398
809834
23399
23401
23403
547683
23405
547685
547704
23410
285562
809843
809868
809869
809871
23427
285568
547725
23429
809860
23432
285581
809856
809858
23444
285586
285597
285599
23451
547731
285593
285601
23463
809913
285618
809909
547762
285631
23484
285624
809906
285637
809935
285632
23492
285644
285645
285640
547782
809950
809947
547797
23524
23528
809958
285673
23534
547833
809977
809972
23545
809998
23559
23566
547867
810009
547869
285725
23586
23593
23594
285742
810017
285746
23607
810038
23625
285776
285789
23641
810067
23653
285805
547938
23658
810083
810110
285815
285808
810096
23677
285819
285824
23685
547968
23689
547969
810118
23691
547972
23695
810141
547994
810139
23705
810131
548008
23713
810158
548011
23715
285868
285870
548002
810144
23727
285867
285876
548025
285878
810169
548031
810165
23741
285893
548043
810185
285889
548047
23751
23754
285911
810203
810197
810199
548072
23776
285926
548076
23781
548078
810218
548064
285932
810215
23787
285931
285940
23794
810238
810234
23800
548082
548083
548086
285952
23814
548100
810268
810264
285969
548125
23835
548118
285979
285988
285989
548140
23854
285995
548152
548154
23859
23860
810297
23861
23869
810290
548173
810315
23883
23885
810332
810335
810331
548191
286045
548178
810348
286053
286054
548216
548220
286065
810353
810354
810379
23943
548224
810373
810393
810390
548242
548244
810385
23966
548264
548267
286115
286125
548257
23978
286134
810431
23988
286128
810426
23990
810420
810416
286139
286148
24000
548297
548298
810446
24009
810437
286158
810432
286154
24015
24017
548316
24021
24022
286162
24025
286173
24028
286170
24030
24031
810478
286176
286189
810471
548323
24048
548346
810494
24052
286195
548342
286215
286210
810506
548356
548357
286229
810521
548381
548382
548374
286244
24097
548399
548384
286252
24104
548409
286262
810553
810550
24135
810565
24140
286283
810563
24152
810576
286296
548437
548439
810606
24163
286311
24164
24166
286316
24169
548451
286313
810623
286322
24187
810610
810611
24193
810639
286348
810648
286353
548509
548502
548503
286374
24230
286380
24233
286382
24235
810656
286377
286379
548537
548538
548539
286387
548528
810677
548557
548559
810699
24263
810695
24269
548573
286417
24278
548562
286425
24291
286432
24294
548577
24298
24301
286442
810745
24310
548592
24312
810743
286458
548618
548619
548622
24334
286474
810755
810781
24338
548635
810773
810774
286494
286495
810792
548654
548640
24362
286512
810805
24378
286521
548680
810831
286535
548684
286528
24389
24400
24401
810847
810832
24418
810857
24422
548718
548719
286582
24436
810874
286579
286588
24440
286585
286586
548746
548747
24455
548737
24457
24462
286602
548760
810909
24468
810904
548765
24470
24471
286620
286621
810902
24478
810924
24485
810917
286632
24493
286633
548797
24504
286652
24506
810934
548787
810954
286669
24521
810951
286671
24523
286676
286677
810970
810965
24537
24538
810962
548823
24544
548841
286694
810991
24548
286702
548834
811004
24563
286706
811003
810995
548872
811020
548873
548875
811016
548877
548865
811014
811008
548889
24605
24609
548908
286754
811044
24617
548897
24623
548903
286775
811064
548926
286771
24631
548912
286780
24638
286788
24643
811082
548929
286798
811078
811079
548935
286806
24659
811103
548955
286812
548946
286814
286822
811112
286818
548960
811109
811135
286834
24695
24696
811127
548981
549003
811144
24710
549007
811143
548995
811137
549016
24722
24723
549021
811152
549026
286895
811168
549030
24750
24751
811192
24759
286909
811190
286910
811186
811212
286918
286913
286915
24779
286923
811228
24784
549081
811229
286934
24787
549085
24794
286936
811218
811219
549097
24812
24835
811272
24842
549123
811264
24850
24852
286994
287004
24860
811283
549163
811305
287023
811298
287029
287031
24884
24886
287036
24889
811319
287032
549174
549194
287040
287054
549188
287048
811352
24922
549204
811345
811347
24927
811368
811369
549217
287085
287086
811367
549242
811387
24956
549238
24964
549248
287112
549252
287115
811395
24976
287125
24985
24987
24988
811409
24995
287136
287139
549285
287145
25006
25009
287157
811453
549306
811444
811440
811441
549303
25028
287170
25033
287182
811462
811463
811459
287189
287190
549341
287197
811472
811474
25056
287212
811493
287214
549347
25071
549369
287217
811513
25078
811515
811508
287229
549362
25084
25085
549365
287226
549386
811530
811524
25098
811548
811550
287254
287255
25109
25110
25111
287256
549399
287268
287269
287278
811558
25131
25132
811553
549414
25136
549432
287286
287287
25140
549424
811574
25147
287288
549428
811596
811599
25158
287308
811589
549443
287305
549466
25170
287313
25173
811609
25179
287323
549486
549474
25196
549497
811646
549499
549492
549515
25225
25228
25229
287369
549511
549529
811678
25235
287390
549524
25245
25246
549547
811689
549550
811682
25264
25267
25268
287409
549565
287420
25273
549553
287416
25280
549582
25286
549568
287432
549594
549597
811737
549590
287460
287463
287458
811755
549600
549626
549628
811764
25336
287482
811780
287502
549634
549662
25368
25369
287512
25373
25374
811816
811817
549679
25384
25385
25386
811811
549689
25395
287536
549693
811829
549681
549682
287551
287545
549705
811849
25428
549725
811865
25434
25436
549737
25441
549739
811882
811877
25450
811874
25455
25456
811901
287605
25457
287606
287600
287612
811895
549749
811916
549772
287616
811915
25483
811911
287625
549767
811935
25493
287634
549781
25501
811922
811951
25513
811936
25518
811938
25525
287666
811962
549813
811953
549832
811981
25537
287682
25542
811978
811979
287694
287688
25548
25549
811999
549852
287696
811991
25568
812013
287717
287718
812009
549856
549859
812007
287727
287721
25581
287723
812028
25585
549874
812023
287738
549900
287744
287756
25612
549895
25617
549908
287782
287783
812073
25639
287788
812068
812071
287784
25644
812067
25648
549944
812094
812095
287792
287804
549937
812085
812087
549942
287812
812109
812104
25670
812101
287817
25681
812127
287824
25686
287827
287836
287839
287845
549993
812142
287847
287855
812128
25708
812158
25714
550011
287856
812154
550014
550004
287876
812168
550028
287873
550029
550030
812163
25745
287895
287891
550032
550035
812206
550062
287914
550054
812220
812223
25779
25780
287922
287935
287928
287942
812232
287938
287948
25800
812224
550105
812245
25817
550098
812247
25820
287973
550122
550123
287969
812260
812261
812263
550119
812281
25845
550142
25853
812299
25865
288013
812294
812288
812291
25872
550168
25873
812314
550163
288025
288027
288036
812332
812329
25893
288040
550181
25905
550203
25907
550206
812340
288061
550198
25926
812357
288078
550238
812379
288083
550226
812374
550250
812393
812394
25961
288109
25963
288111
288118
812409
288125
550257
550261
812403
550282
550284
550285
288140
288142
812423
550278
26003
812440
812437
26012
550293
26019
550319
26024
812453
26025
812449
550310
26031
288181
288182
26037
288197
812493
288199
26054
550336
288205
26059
550342
288203
26063
550361
26066
288215
26068
812504
550364
812506
812500
26072
288222
550355
550356
812499
26079
812525
288225
26088
288238
288239
26098
550394
288252
288253
26105
550387
26108
550408
26114
550411
26119
812549
26122
812574
288278
26136
812564
26137
812584
550445
812586
26152
26153
550433
550434
812582
812576
288296
812579
288311
288305
812603
812597
550450
288325
812621
26180
812612
26189
812610
812636
26192
550488
812637
288336
288344
550485
26207
812653
26212
26222
288374
26229
288369
550513
812662
812684
550539
288385
812683
550553
812698
550544
812694
26266
26267
288409
550550
812712
288429
550562
812707
288438
26294
26299
550579
812720
550583
288443
812745
550606
288451
812740
26319
288471
26323
550619
550620
812762
550622
812763
550612
288473
812753
288475
26336
812781
288487
550639
812773
26347
26348
26353
26355
26356
812793
812791
26366
812786
550667
288512
812811
26376
812805
550657
812807
288521
550662
550680
812830
812820
288540
812817
26400
288550
550698
812841
26407
26410
288552
26413
26414
26417
812856
812858
812852
550704
288574
550708
288569
812851
26432
288577
288589
812870
812871
288584
812867
812892
26448
288596
550744
288598
812889
812884
288605
26457
550738
288612
288613
550766
26470
812900
550752
288621
288616
550757
812897
288618
550759
288630
26485
550769
26490
288638
288639
288633
288641
550798
288651
26512
288662
288657
812951
288665
812972
26531
26533
550821
288692
26545
550844
26551
288691
812978
288699
550839
813006
550859
288711
288707
26568
288719
812993
813020
26578
813022
813017
813018
288723
550869
813010
550889
813038
550891
813032
288737
550883
813052
813054
288752
288764
813044
550899
26620
288761
26622
550920
288773
26627
26628
813067
288771
26634
288782
550918
813082
288787
550930
550932
288794
550934
550947
288815
813088
550948
26669
813090
288823
813112
26683
26684
26691
550987
288834
26699
288852
551004
813146
813142
813137
288869
813165
813167
288871
813160
26725
288865
26726
813158
26732
26734
551037
813177
551039
813172
26745
288891
26753
26754
288910
288911
551065
813209
551057
551058
26787
551085
813222
288936
26797
551098
551100
288946
551088
288956
26810
813233
813262
813258
26822
26825
551108
288981
813272
288988
813268
26841
551122
551124
26845
813265
288986
551127
813294
813295
551150
26859
26862
289012
289013
289017
289030
813327
289031
26883
289024
551181
813318
26892
289034
26899
26900
813338
26904
551185
813334
813335
551191
26914
289063
813353
551214
813348
289077
813373
26929
551229
26933
813365
813366
26941
289094
551245
551236
26957
289097
551239
813400
813420
26977
289125
289126
289120
551276
813416
26989
289129
289140
289143
813428
27001
551287
813427
551305
813454
27011
813445
551299
813440
551300
27025
551323
289168
27028
289181
289182
813484
289188
551337
27045
551343
289199
289212
551344
27065
551346
27069
813491
551372
27082
551363
551364
813504
813507
27091
289232
551390
27095
813521
813522
551382
27103
551400
27104
813550
27110
551392
551395
27117
289258
813560
551422
289277
27130
551411
289273
813553
289275
27136
289284
289287
813583
551437
27147
27150
813571
27152
289300
813596
813598
813599
813592
289297
813593
289299
551440
551444
551466
27171
27173
551470
813611
27177
813629
289335
813620
289338
27205
289352
27212
813632
27214
551494
551518
551508
27228
813651
289381
289383
551533
813673
551534
27239
289379
27240
289387
551547
289399
551537
27260
551542
551554
289423
289419
813725
27284
813720
551581
27293
551593
813742
27299
551596
813738
289443
27303
289454
551587
289448
551611
813774
289472
27333
27334
551631
813765
813791
27349
27350
289491
27353
551636
813776
813778
27359
813779
289506
289518
27373
289526
27378
289523
27389
551671
551692
551693
27397
289537
813828
551682
27404
551685
551708
27412
813847
27420
551702
27422
27423
551703
551720
289575
551725
551726
27435
289577
289590
813887
551740
551743
289599
27452
551733
289607
289600
289602
551745
551746
27466
551749
27469
551750
289620
551769
551773
289630
813904
551784
289632
551777
27500
27502
551783
551804
289649
551792
551793
813942
27515
551795
27521
813965
289671
27523
27525
27528
551808
813957
289674
289675
551833
27539
27541
27544
27548
27550
289691
813971
813992
551841
27561
813985
289707
289719
27571
289712
27579
289720
814028
289729
551886
27591
551887
814022
551877
814047
27605
27612
814033
289754
551894
814035
27615
814056
814057
814059
289774
289770
289783
551923
551926
289795
27656
814087
551939
289802
289803
27666
27670
27672
814100
27677
551958
27679
814124
27681
551979
289827
551971
27693
551974
289845
289846
814136
27707
289856
289859
289868
289869
814150
27722
814147
552027
27736
814167
27747
552044
814186
552046
27751
552032
27752
552033
814178
552056
289908
27762
552059
552061
814197
552050
289912
27783
289928
289930
814238
27794
27795
814234
552080
27803
814250
27816
552098
814242
289962
289972
814261
289982
814263
814285
289985
814283
27848
552132
27863
27880
552163
814304
552165
27885
290036
814328
552190
290035
552176
552179
290042
27903
27904
27906
290054
290049
814347
552193
552194
814343
27917
290070
290067
552223
27928
27932
290075
27936
552233
552234
27938
552237
814373
290094
27947
814397
552251
290099
290108
814384
552266
27975
814404
552258
814407
552261
290122
27983
27984
290129
552273
814421
814445
28006
552294
552295
28016
552314
552316
290160
28026
552307
290171
290178
290188
28053
814489
28054
814484
28056
290206
814508
552360
28065
814506
552352
552355
552357
28081
28086
28087
28088
552371
290239
28094
814536
552398
290242
290253
814533
290254
28106
290255
290248
552390
28112
552412
552426
814574
28131
290273
28140
814590
552443
290288
290291
814582
552436
814576
814577
814579
290308
552460
28167
814598
28172
290312
552475
290320
28182
28183
552467
814608
814610
28192
552492
28199
552495
814630
552483
28203
814624
28205
814627
28208
814652
552504
28210
290352
552511
552496
552499
290361
28221
814668
290375
28228
28229
814660
290383
290377
814658
814684
290389
814682
552542
28251
552535
290404
290405
552555
290407
814698
552558
28263
28265
814691
290416
28276
28278
28281
28285
814734
814735
814728
28295
814724
290447
552582
552603
290456
28318
290458
814760
552622
28326
28328
290478
814783
814776
28340
814773
814774
290489
552630
552648
814799
552651
814792
552654
552643
28364
552646
814813
814815
552671
552656
290525
552659
290520
552661
814829
28386
814825
552676
814819
28407
28410
290559
814832
814833
290555
552716
28429
290583
814879
28437
552723
552725
814866
28448
290597
28449
28452
290604
814886
290614
290609
290610
552753
552757
552777
290625
814918
28490
552772
814941
814942
814937
552799
28506
290654
28511
290651
28514
290663
28517
28521
28522
814972
552828
28532
290674
28535
290675
290684
28537
814966
552818
290686
814960
814988
552841
814991
552845
290701
814982
552834
28557
28558
290699
552859
290704
815001
28566
814997
28570
814992
815020
290725
290720
815017
28583
290734
28586
28587
552871
290731
552888
290741
815038
552892
552893
290738
552895
28605
552886
815026
552905
815054
290754
815045
28620
290760
290773
815071
28629
290770
290782
290777
28642
28644
552940
815082
290799
28653
290804
28661
552946
815094
815116
28679
815108
28685
552991
28697
290840
815121
28702
552983
28706
815141
290857
28720
290869
28723
553021
553022
290872
553013
28735
28742
28743
815179
290889
815170
28750
553031
553050
553053
553070
28781
290930
815222
815223
553078
28799
28800
290948
290949
28804
815234
28814
553095
28816
553112
28819
553116
28821
553118
290963
815259
290972
815252
815255
553110
553129
290981
815279
553120
553124
290998
290994
291003
28864
291012
553161
291015
28868
553165
815307
553155
291019
815299
815325
815327
291025
28885
28886
28894
28899
553195
815337
815338
28902
28903
291052
815329
291060
815359
291063
815348
291071
553225
553227
291075
28938
815362
815389
291089
28964
815403
815396
815392
553255
815421
291127
815417
28982
28983
815409
28990
553282
29003
553285
291159
291152
815450
29017
291162
291173
29027
29028
553326
553312
815458
553337
553342
29047
553333
29054
553356
815497
29062
29065
291208
553349
815513
29079
553384
815533
815535
291233
815530
291234
553376
29099
553381
815521
553403
553406
815547
291263
291269
553420
815561
553422
29127
815559
815552
291284
815581
815583
553435
553426
553428
29151
815594
291299
553441
29161
553446
29167
29171
815608
815609
29180
29183
553463
29184
29186
291335
553472
291342
553478
815618
29201
553499
815640
291357
553490
29212
815635
29216
553517
553511
815651
815678
291383
815674
815671
553524
815665
553547
29251
553550
29254
815686
553539
29259
29260
29267
553565
815701
553554
553559
291428
553578
29286
815713
815715
815742
553598
815739
29307
291450
553615
815748
29321
815751
553604
553607
553626
815770
29338
29342
815762
29343
815763
291493
815786
553647
553632
291503
291498
553639
291499
29361
553657
815806
29366
553672
553675
29381
29386
29389
291542
291537
815835
553680
815829
553681
553684
291556
29411
291559
553697
291560
29420
29421
553702
815869
553721
815870
553726
815867
815861
815857
553738
815886
553740
553741
291586
553728
291599
815879
291595
815900
29460
553758
29465
29466
815894
291614
29467
815916
291622
29479
815915
553790
815924
29498
291641
815948
553802
29506
291648
291651
815940
553794
291663
291657
291659
553799
553816
29521
553818
553819
291665
291676
29529
553815
291675
815982
815983
29540
29541
815977
815972
29547
291701
291698
291699
553841
291704
29566
291707
553847
29568
29577
553858
816007
816001
553880
29588
816026
553872
291740
291750
291744
816036
29609
816035
816060
29616
29625
291773
553906
29629
291776
291777
291778
291779
29641
291785
291797
553946
29651
29661
291808
816104
291810
291820
29673
29674
553956
29677
29679
291828
816127
291825
816118
816119
553971
291833
29693
291834
29694
816141
29700
553996
29701
291852
553988
816130
816131
554009
554011
29717
554013
816154
29718
291870
816150
29724
554004
29725
554005
816173
29730
291875
291886
816167
554020
554042
554043
816191
816187
29753
291896
291897
291898
554038
29761
554057
29767
291917
291913
29774
816221
291920
816216
29781
29783
554064
816212
554071
816239
554093
554080
291946
29808
29813
29817
816260
816261
816262
291976
554117
29843
816280
816283
29847
291994
292004
554154
292000
292008
29869
554169
554172
292016
554161
29887
816333
554187
292039
29893
816325
292046
554180
292042
292052
816345
292062
29914
816337
554199
816339
816367
292065
816363
816356
292076
29929
554209
292078
816352
292073
554214
29934
292085
554238
816378
29942
816379
554225
816373
292094
554229
29955
816394
29963
816412
29968
29970
292119
554267
292114
292120
816400
816424
29989
554287
816422
29998
292149
30008
30012
292153
816461
292167
292174
292175
554308
554310
816474
292179
816475
816468
30041
292185
30046
554326
292187
554345
816494
816490
554350
554336
30056
554337
30058
292200
30060
30063
816510
30068
816507
816500
816496
816497
816499
292228
292230
816521
816522
554369
30095
30103
30111
30113
554410
816552
292265
292266
554426
30135
816566
292287
30140
554420
30142
292283
554441
292294
816584
30148
30154
816582
554436
554438
816606
816621
816614
292330
554470
816611
30196
816629
30202
816631
816624
292345
30207
554504
816655
292352
292354
816645
30222
816643
30224
292372
816670
292368
816664
816667
554513
30237
292378
816659
30240
554538
292390
554543
292396
816677
816679
554532
816673
30259
30263
292413
816694
816695
554570
30275
816713
292428
30280
816705
292436
30290
30292
816729
30300
554601
554602
30306
554603
554604
30312
30314
292468
816761
292478
554611
292479
292475
554632
30339
30340
30346
30356
554653
292510
554643
816791
30366
816787
292516
816812
816811
30379
30380
816801
292528
30390
292531
816816
554677
816817
816819
554679
30400
816844
30402
292556
554688
292552
292554
554694
816863
292575
292571
554728
30434
816872
816868
816869
816870
816871
816864
816892
292599
292607
554741
292610
816906
30471
816901
30474
30479
292628
292630
816927
292631
554792
554808
292656
554813
554801
292671
292664
292665
292676
554827
554828
292672
554816
554817
292686
292683
816988
30545
30549
292700
30552
816983
30555
554863
817003
30567
816996
30569
554852
30574
30575
817022
554876
30580
30584
554864
554867
292730
554870
30597
30601
30602
554883
554886
292758
817054
30615
30623
292772
30629
292776
292789
817086
292791
817081
554930
30651
554932
817073
30656
30662
292803
30663
554945
292813
554947
30669
292810
554950
817091
30671
292820
30674
554971
292817
30678
817115
817111
292836
554991
292846
292847
30700
292843
30703
292852
292853
292851
292863
30718
292859
30722
292864
555022
292876
817157
817182
555034
817176
555037
817178
292883
30745
817173
30747
817175
30749
555031
817197
30753
555052
817189
292907
555064
30770
555056
292920
30782
555082
555086
292940
292943
30798
30799
555079
817245
555100
817240
817242
817238
30811
30814
817235
292965
30817
292966
817256
30820
292973
30829
30834
30837
555120
30845
292993
30853
555150
30857
555138
555139
30860
293012
555160
293009
30874
555155
817296
555157
30878
293019
555183
30888
293038
293033
817314
293044
817337
817332
817329
555190
293060
30913
817352
817353
817354
30919
30920
817349
30922
30924
293066
555224
293077
817373
555226
293079
555227
293072
30933
293075
817361
293092
30944
30945
293094
293090
30953
30954
555234
30956
555237
30959
555239
817400
30966
817403
30968
817399
30972
817394
30976
817422
293127
30979
30980
30981
555278
293135
30990
293130
555271
30994
817439
555291
555293
555295
817455
555299
817440
817470
555326
555327
31032
31035
31036
293177
555318
293179
555338
817487
817481
31046
31048
555331
31053
31055
817502
31058
555355
31060
555357
817498
555359
555344
817493
293214
293211
817518
555370
293216
31078
31080
293229
817511
31084
817532
31089
555376
555378
31099
31103
31111
31112
817541
817542
817543
817538
555399
555421
31127
293279
31132
31133
293274
555415
817580
555424
817596
555448
817599
293309
817590
293306
817587
31168
293316
31169
31172
555469
817609
817610
293327
293320
555460
817602
555480
555482
555486
555477
293350
31206
293347
555488
31208
817633
817634
31220
555519
817659
555507
817651
555530
817673
293377
817674
31241
293390
293384
31245
817695
555537
555538
293407
555539
293414
31267
31269
555553
293421
555554
817698
31280
293429
817721
293437
555571
293444
293440
31300
31301
555599
555585
31306
31307
555588
293451
817757
555610
555611
293458
555615
293459
293468
31321
293470
293464
817772
31330
555631
555619
31341
293482
31345
293494
817786
555632
31358
293498
555639
293510
31363
555660
293505
555662
555663
817803
293512
31374
293515
293524
817821
31377
293542
817832
555693
817834
817835
555695
31401
31402
817825
293547
31412
555708
293555
817841
293568
555724
31434
555716
817857
31438
31441
817886
31442
293584
555740
555741
31448
555754
817897
555757
817898
31468
31473
817919
817912
31483
555763
555785
817930
31500
817949
31506
817951
31509
555806
817940
817939
555819
293666
817963
31531
293673
817982
555835
555838
817978
817973
817968
31548
817996
31558
817988
293708
555842
31563
555846
818015
293712
555871
555857
293726
31584
555881
293728
31594
31595
555876
818044
31605
293745
555902
818043
818033
555893
31614
818034
555914
818056
293762
293773
293769
555911
31631
555931
31640
293789
555924
293786
818066
31657
293805
555937
31658
818080
31662
293812
31664
555964
31669
818106
293810
31671
555959
293828
818125
293831
293825
31686
555983
555968
555970
293839
31692
818112
818113
31693
293835
818143
818138
818139
818133
555986
31706
555989
555991
818131
293858
31721
556005
293877
556028
31732
556017
556019
31744
31747
31748
31752
293903
293898
293910
818207
556060
31767
818196
556049
31777
818222
818218
818214
556068
556069
31790
293930
31791
818211
556092
293948
818229
31803
556085
293946
818252
293957
556105
556098
31822
818242
31823
818243
31826
293975
293982
556142
556143
293996
556131
556132
293994
31856
818301
31859
556157
818292
556148
31871
556170
31875
818312
31877
294018
818315
556160
556162
31889
556179
818348
556200
818351
31909
31910
818342
294063
818343
31916
556198
556216
31921
556211
556213
556214
556238
818373
556226
818368
818371
31952
818396
818398
556250
294098
556254
31959
294099
294104
31965
556246
556247
556268
294113
556270
294115
818411
294125
31978
818406
294127
556261
556263
294123
294133
556272
818416
31999
556279
556296
818440
32011
818432
556293
818461
818462
294160
294161
32022
294173
818476
556328
294183
556335
556320
294187
556327
818494
818495
32056
32060
32061
556342
818483
556361
818511
294209
32073
294218
32079
294229
818526
32085
294225
818522
556369
818518
32091
556375
294246
818536
32100
818534
294254
556389
294251
818555
556415
294270
32129
294278
32130
556427
32131
32132
294273
32134
818571
32141
818588
32145
294294
32150
556434
294310
32171
294312
294314
556473
32179
818616
556476
556478
294323
556466
556467
294330
556490
32212
556508
32213
32217
32219
556499
32221
556503
556520
32224
294383
556537
32244
294386
32254
556552
556553
818696
818691
818716
32273
32274
556571
818719
32276
556573
294431
556563
32283
32285
32287
556584
32289
556587
818728
818729
818730
556591
294445
32297
294440
294443
294452
294450
32312
294461
556593
818742
294462
556596
294458
32327
556611
818759
32331
556614
294474
294480
556639
556626
556649
818798
294503
294497
556653
294499
32359
556641
818784
556645
818786
818787
32367
556664
818814
818808
32373
818805
32380
818803
32383
294533
32386
556682
294528
556684
32393
32394
556674
32395
294536
818819
294539
818844
32404
556700
294544
32408
818832
818853
32425
818854
294568
818848
818850
32431
294583
818868
294589
818888
818890
556738
818880
818881
32464
32466
818905
294609
32471
32476
556758
818925
556781
818917
32492
818913
294645
556798
294643
32504
818935
556788
818957
32518
556814
818945
556830
294686
818961
294682
32544
818991
32548
556845
294701
294702
294703
818983
294697
294698
294707
294712
294713
818994
32574
294721
556879
556867
294730
32593
556891
556892
556893
556880
819029
819025
32605
819027
556887
32609
556906
556908
556909
32614
556901
556902
819068
819069
32626
294775
819064
819067
556912
556916
294778
556919
819080
819076
32649
294798
556931
32652
32657
556956
294815
32667
294809
294820
819119
294818
32685
32686
819132
294845
819125
32699
294840
32705
294854
556997
819164
32722
557020
557021
294867
32729
32730
557010
819153
557013
557014
819155
557035
819176
32741
557038
557024
294892
819173
32747
557029
294901
294902
32754
32756
32766
294906
819215
819210
557057
557058
819228
557082
819230
557084
819225
557085
32791
32792
32796
557099
32806
557088
819236
32810
32814
557115
819258
294973
32836
819273
819274
32840
294990
294991
32846
294987
32854
295006
557140
295001
819282
557160
295012
295009
557167
557176
557180
819322
32892
295035
557193
819341
819336
557197
557190
295062
819358
295056
557213
819354
295068
557203
32923
557206
32927
295072
295074
557217
295087
295082
819384
32948
557246
32953
819377
32964
819400
295107
557248
295112
32974
557255
295124
557277
32982
819413
557267
557271
32993
557289
557291
819432
819428
557280
295150
33007
557287
295156
557305
819454
295158
33011
33012
33014
819450
295164
819447
33020
295173
33027
295175
819461
33034
819457
33038
557338
33042
33043
557341
819479
557334
819475
819502
819503
33062
557359
557344
295212
557348
819489
557369
33076
295237
557376
295244
557400
819536
295256
295259
295270
819567
295276
295278
295273
295274
33136
557434
295286
819578
557449
819598
819599
33158
819589
33163
819586
557447
33171
295319
557458
819601
295321
295322
33183
819629
295328
819624
819620
33198
557479
819640
557489
557490
295359
557492
295352
295354
295364
819654
295381
557549
819691
295406
33258
819680
819682
295412
33267
819706
33271
295417
33278
819698
557558
819699
557578
557579
557581
557582
295427
557572
557575
819743
557597
33301
33307
295469
295471
557605
557607
295477
33330
557628
295473
33333
33334
295485
295481
33343
33345
33346
557644
295491
819780
33353
295502
33355
819779
295508
557659
33365
33367
819799
557651
557652
819794
819818
33383
557679
33384
819813
33386
819808
557671
557689
557691
557694
33399
557680
33402
819827
33409
33410
295565
295562
557722
819870
33426
295575
33431
819862
295583
819859
819885
819887
819881
819883
557730
557732
557755
819899
33466
557748
295610
295620
295629
819911
557763
33491
557787
33492
819925
557777
557779
557800
33505
819951
557803
33508
557806
819941
295662
33516
295659
819960
819963
295677
819980
819979
557824
295688
557831
295697
33562
295706
557864
557866
295712
295714
295715
33575
33578
820000
33582
557863
557880
557882
557884
33600
820040
295752
820035
295755
33615
820062
557909
557910
295777
557935
33639
295789
820071
557923
557924
820066
557944
295792
295794
295806
33658
33659
820083
557961
295810
820101
820124
820120
557975
820137
557998
820139
295854
557987
295848
295862
820173
820168
558028
820169
820170
33737
820161
558041
295895
820181
295903
558036
558058
558059
820203
295919
820195
820223
295927
820216
558077
295921
295923
820212
558071
295940
820237
33794
33795
295936
820233
33798
33803
295944
558085
33812
558111
558096
820245
295972
295968
295969
33830
295971
295980
33835
820257
295988
820285
33841
33842
820280
295985
33847
295995
820275
33856
820302
33858
820303
33860
33863
33866
558146
33868
820290
33872
558170
558171
558160
820308
820309
558164
296025
820306
558188
33893
820329
296035
296046
33899
33900
296041
33902
820322
296052
296055
33910
558193
820341
820342
558216
296069
33922
296076
33928
820358
296074
33935
296075
296084
558236
296080
296093
558229
820370
558230
820371
296100
296096
820395
33965
33968
33970
558266
820415
33972
296120
296121
820403
820428
296133
33986
820430
296131
296141
558296
296149
820446
296144
296145
34006
558290
34014
558295
820460
34018
34020
296172
820453
296171
34033
34035
296191
820464
820467
34049
296193
820490
820486
820487
820482
296212
820509
296215
820506
820507
558354
296219
558377
34082
34083
34086
34096
820537
558386
34113
296256
558412
296270
558427
820561
558423
34145
34151
34153
558435
296297
34158
296299
34161
34166
296318
820620
296324
296325
558475
296323
34184
820613
296331
296340
820637
296342
296338
34200
34215
34217
296375
558525
820661
820663
558542
296392
34261
296412
34265
34267
34269
558569
34275
34280
296429
820711
558587
296440
558581
34303
558583
296443
34304
820748
34307
296455
820744
558607
820740
34313
34314
558594
820737
296457
34321
34324
34326
558623
820763
34329
558612
34332
296484
34339
558637
296493
34353
34354
296498
820795
558641
820790
34364
296505
34369
820804
296526
34378
296527
34379
558660
820802
820828
34385
296540
820821
296542
296543
34396
820818
34399
296548
820847
820843
296547
558703
558689
296559
296555
820835
820862
820854
820850
558731
820868
34440
820869
34442
558726
296598
34454
558750
34455
820885
296605
296607
820880
34461
558743
34467
296609
820901
820903
34476
820898
558759
34481
558779
296624
296626
34489
296638
296639
820912
34493
558774
34496
296644
34497
558794
558799
34505
558788
34515
558812
296669
558801
820973
34529
34532
820965
34538
296680
296681
820962
34543
296693
558842
558845
558837
821006
821000
296705
821001
296706
558862
820998
558851
34575
34578
558877
296728
821009
558890
34598
34600
821024
558884
296757
821053
296754
34615
296766
821041
821042
821043
558903
34625
296775
558923
34634
558916
821057
558918
34639
821085
296791
558939
34645
296785
558942
34646
558943
558928
558953
821102
821096
296801
34664
34667
296811
821114
296819
296828
821109
296827
821132
821128
296832
296835
821122
558983
34707
296849
558992
296869
559018
296871
34730
34737
559036
296892
821173
34746
296895
559050
296903
296896
559053
821191
34764
821215
34772
559068
821209
821211
559056
821204
34776
821201
34782
821202
296932
821229
34788
296929
559087
34793
821223
559076
296936
34800
559099
821247
821240
821241
296947
34809
34811
296953
821235
296964
821261
559115
559109
821251
34831
296980
559133
559134
296979
34840
559147
34852
559149
34856
297005
34862
821282
297012
559162
34876
297017
559157
297028
34880
297030
34882
821327
34883
34887
559170
821319
34894
297045
297047
821343
559198
297043
821339
559186
297048
559208
34913
297063
34918
821351
34926
559207
821347
821373
559226
34933
559241
821391
297100
821377
559238
34961
821405
34968
34969
559252
559253
34974
297125
34977
821416
821417
821419
297123
297134
559267
559288
34993
34996
297137
35000
821428
35002
35004
559286
821427
559300
559320
821469
821470
559324
559314
559315
35037
35040
821484
559337
559331
35052
559353
297206
559355
297201
297202
297213
297214
559347
821491
821516
35075
297217
821515
821509
559362
297225
297226
35091
297232
35093
821529
35094
559390
297235
821525
35106
297254
35111
297261
297257
821561
821562
821557
297279
35132
35133
35139
35141
559426
821575
559428
821571
297300
35154
821599
35155
821593
821594
821591
35163
35164
297317
35170
559459
821629
35186
297328
821627
297341
821616
559477
35200
297350
821636
821638
297358
35212
821634
559494
35215
297366
559515
821657
559519
559507
297381
297379
821675
35240
297391
559548
297394
821680
35260
35262
821708
297414
821700
559552
35276
35283
297424
297437
559570
559573
821713
297444
559595
297440
297454
559587
297457
35319
559615
559600
297469
559603
35325
35327
297478
559631
35336
297484
35346
297488
821785
35353
821783
559656
821806
559659
559661
297505
297507
35375
35377
297523
297534
559669
821837
559691
297543
35395
35401
821824
35406
559705
35416
559703
821843
35423
559720
35424
297575
35429
297570
559726
35431
297571
35433
297583
35436
297577
35443
297596
297597
35450
821878
559731
35454
821874
35455
35457
35458
35460
559757
297601
559758
35464
559745
35477
821909
297630
297624
559766
297627
297638
821928
559782
297643
821923
35504
297653
35517
821937
297664
821962
821963
35530
35536
297688
559851
559853
297698
559854
297699
35559
35563
559846
297716
297712
822010
35575
559857
559858
822002
35586
35592
35598
559896
35601
35603
822043
35609
297759
35615
297765
559914
297767
35621
297772
559910
297781
559931
297776
297777
559933
35638
297791
35643
822071
35647
559927
822092
559949
35654
822090
559950
822091
297807
822080
297803
35666
297808
35669
297809
822107
297820
559952
559957
297830
822120
35688
822118
297833
35697
822136
822139
35707
35708
822129
822159
35716
297858
560000
560001
35721
822150
560003
35729
822174
35731
822168
560031
35742
560033
35760
822200
297905
35766
297916
560055
35778
822223
560075
560077
822219
560065
297928
297931
560089
297936
822233
822234
297948
35803
35804
297956
35810
297958
560109
822244
35818
35819
822247
560099
297961
822241
35823
560125
822262
822259
35842
822280
560140
822283
297996
35853
35857
560159
298009
35871
560151
35873
298021
298022
298018
560175
560160
822310
560163
298031
822306
298037
35891
822328
560188
560189
298034
822330
35900
560201
298051
822340
35916
822336
298057
35924
560211
560213
560234
822383
35942
560224
822375
822368
35949
560244
298117
822413
822414
822415
35972
35973
560271
560256
560257
822407
298120
35985
35990
35992
560272
298137
560296
560297
560300
298156
36019
298160
560305
822455
36027
36029
36030
560310
298170
36035
560333
36039
822466
298196
36048
560344
36051
560349
36053
822490
36054
298206
822486
560338
36062
560342
560343
822483
298203
822505
560355
560356
560376
36081
36085
36086
36088
36089
36090
822518
298245
36098
298243
36104
298252
36106
822534
560389
298263
560412
822553
36120
560400
822551
36128
560424
298278
298272
560428
298274
822571
822565
36138
298286
36141
822563
36143
298283
36150
560447
36152
298301
822582
822583
822576
36159
298309
560457
298304
36164
560451
36172
36180
36181
560477
36188
822637
298341
298342
298336
36198
36202
36207
560487
560506
298358
560507
822645
298362
560520
298381
298377
36237
298388
560537
36241
822686
822681
36245
298386
36249
36252
36254
822701
560559
822693
560545
36266
298414
36268
560570
298423
560573
298431
36283
36287
560584
298436
822734
36290
560588
36293
822731
298440
298443
36303
36306
822751
560606
560607
560595
560598
560616
822764
822765
36321
298470
298464
560623
560610
36331
822755
298484
36339
560635
560638
36343
822774
560627
36347
560631
298500
36353
36354
822798
560651
36356
822793
822795
36361
298510
298511
36364
298525
560657
298526
560660
36382
822825
298530
822817
298537
822819
298551
822833
560694
298554
36419
298567
822863
560715
36420
560716
36423
298575
298570
560731
36437
36439
822869
560723
298586
822866
36447
298597
822890
560743
298613
298621
36477
298618
822925
36486
822916
822914
298635
298644
822936
36501
560797
560784
36508
560800
36520
560829
822964
560817
560818
298689
36553
560833
298698
298710
36563
36564
36566
298716
298717
560850
298713
36573
823021
36577
560877
36584
823012
560865
36585
560868
560869
36589
298729
298731
298740
298737
560883
298745
36617
823068
36625
298773
298775
298771
298782
298777
823082
823083
298797
36655
823100
36656
298813
560950
823116
36673
36676
560960
823108
560991
823126
560978
823127
560982
36704
36710
561007
36712
823140
560994
823136
823160
561020
298866
36726
561015
36735
823173
36745
561030
823192
561052
298898
561042
561044
823185
36766
561069
36775
561058
36779
298920
36781
298921
36785
561081
823231
36788
36793
823222
298943
561100
561102
298946
36807
823236
36812
36813
36818
823262
36826
561106
561110
561111
561128
36833
36834
36835
36840
298988
36844
823266
561126
36850
298998
823295
298999
561150
36857
561140
299000
561141
299003
823309
561163
299008
36868
299011
561152
299023
299016
561158
561176
561179
299024
36885
299027
299037
823313
561192
299047
36900
36901
823339
561185
561190
36912
561202
36923
561205
823372
299076
823368
561229
561230
36935
823364
299085
36940
561221
823362
36945
561244
823386
561247
561232
823382
299096
36958
561238
823379
36959
36960
561258
561260
299117
561251
36979
823417
299121
561264
36986
823408
299129
36992
299141
561293
36997
299138
561294
823429
561282
561304
823454
561307
561297
37021
561302
561323
37028
561325
37032
37034
823458
823484
561339
299191
823478
561333
37054
299205
561354
561359
823493
823489
561349
561372
823513
561364
561385
561386
823528
299246
299242
37108
561406
299251
37112
823540
823542
823565
37128
299272
37138
561435
561437
823579
299289
823596
823599
37158
299308
561443
299305
561470
299315
823601
299323
823628
299334
823624
823625
37190
299340
37196
823617
299349
299350
561512
299364
823661
299369
37231
823676
561528
823678
823674
299388
561524
37248
823692
561547
37254
299394
299406
823687
37259
823683
823711
561555
823703
37277
299428
37281
823726
37283
299426
299437
561599
37306
823735
37307
299449
37310
299451
823756
561612
37321
561625
823774
299475
823765
823766
299487
561621
37342
37344
561643
823786
37351
561632
37353
823782
823778
37360
37361
823806
561660
299517
561653
561654
561672
561676
561679
823819
37384
37390
561690
299543
37397
37398
37399
823835
37402
561683
561711
37417
37418
823846
299563
37423
823868
299575
37428
37431
561727
299581
37434
37435
37436
823885
37445
299586
299596
823877
37451
37456
37457
823903
37459
37461
299603
561745
299613
561747
823895
37468
37469
37471
561770
299623
561761
37489
299634
37496
299644
299645
37500
37505
299654
299655
37511
299660
561793
823943
823967
823961
299667
561836
823978
823973
299693
299688
37552
299696
299709
37564
37565
299716
37571
561870
824011
37577
824003
561863
561880
299728
561885
824025
824017
299737
37599
824047
299745
561901
37605
824043
37608
824037
37612
299753
37616
299765
299773
37626
824048
37631
561932
299777
37641
561923
37646
561927
824095
37654
561950
37655
37658
37660
824080
561942
824106
299811
824101
299822
37695
37705
824128
562008
37715
299857
562013
37717
37718
37720
299871
562007
562024
824174
299878
299879
299874
37735
299875
299882
299883
37745
37754
824183
562037
37759
299910
562060
37770
37771
562051
562052
37775
299915
299920
562064
824212
824214
562066
562069
299940
37793
299941
37795
562081
824231
562084
562107
824248
562110
562099
562100
562121
299982
37838
562137
562139
824280
562142
824272
299993
824275
37857
37860
300002
300003
562149
37879
300028
824310
562185
37890
562176
300046
562205
562207
37912
824340
37913
824341
562195
824336
37917
37921
824360
562221
824363
300078
37930
562212
824352
37933
37935
300087
37944
824375
300095
824369
37952
37953
300097
300099
562255
562240
300109
562242
37962
37964
824385
300117
300118
562256
562258
37979
824400
37982
37984
562282
824427
300140
37995
562278
562303
38008
824438
38014
300164
300166
300163
300174
824454
38027
38028
300169
562326
824493
38049
824494
824495
38053
562349
562350
300194
38061
824481
562341
300202
300203
300214
562358
300225
38088
38090
824512
300235
38096
824542
824543
38100
300240
562398
562399
300255
38114
824559
38119
38121
562401
562404
38124
562405
38126
300278
300272
38133
824571
300275
300287
300293
38145
38150
824579
562457
38162
824600
300318
300313
562455
562472
300320
824616
824613
300334
562488
38194
562490
38198
38207
824648
824649
562497
824645
300361
562501
562520
824671
38230
824656
562518
562537
562538
824687
300386
824676
824677
562530
562533
562534
824696
300415
300411
38273
562571
38276
824713
824708
300424
824704
824705
38294
38296
562602
824750
562604
38309
824745
824742
38318
300458
824739
824765
824762
824763
38328
38329
300475
300485
824781
300480
824773
824768
562629
824769
824771
38354
38369
300517
300512
562669
824811
38375
300526
562659
824801
38383
38385
300531
38392
38393
300549
824846
300551
562700
38410
38411
38413
38416
300565
300566
38425
300582
562730
300583
562731
300577
562720
562724
38445
562725
562746
38451
300592
824889
38453
38454
562751
38457
824886
824887
300600
562741
824881
824903
38475
562759
38480
562780
562782
300639
824919
300645
38498
38501
824937
38503
824932
562789
562790
300650
38510
562808
38512
824956
824957
300658
38519
38524
562805
300667
824972
562828
300685
562821
824988
562842
38552
562837
300705
300713
825021
825018
825019
562865
38587
825010
562889
300743
562893
825034
562894
38604
562904
300756
38609
300758
300752
562908
562897
38619
825047
300761
38626
825070
300771
300781
825063
300777
562919
825084
562938
562940
300786
300797
825078
562933
300805
562955
38661
300813
825093
38666
825094
38667
300815
300808
300820
562969
300822
300818
562962
825111
562967
300838
825135
300833
562991
825127
825148
563001
300854
38710
300850
825141
300862
825136
38718
38719
38721
825167
300876
300878
825159
825180
563034
825183
38741
563038
563025
300894
38747
825169
300889
38750
300896
825188
38761
563065
563066
825210
38776
38777
300926
300927
300921
38781
38782
563063
563085
825221
563075
300936
563079
38800
563096
563103
38809
563091
38811
300953
38816
38817
825256
563117
300970
300980
300982
825274
563134
825269
563125
825267
563144
825294
300995
825285
825287
825280
38868
301009
38873
825303
563178
563180
563168
563171
301032
563192
825340
38900
825328
825329
563211
563213
38917
301057
38920
825348
301065
38928
301073
825371
563216
301080
563222
301082
825388
301092
825391
825384
38950
563236
38961
825406
563258
38962
825400
825402
563263
563273
301127
38979
301120
301142
38996
825434
301139
563295
563284
563287
301147
825444
825447
39019
39023
301175
563326
301171
301181
301176
301191
301184
39045
825472
563333
563355
825496
301214
563348
825518
563371
39076
39085
825505
825533
39100
563381
825545
301257
301259
563417
563421
825561
825556
301278
301272
563414
563415
39136
825583
301287
563437
825579
301295
39154
825598
563450
39156
825589
825590
563442
825584
301305
825609
563460
563461
563483
301335
301330
301331
825622
301349
825640
563500
825642
39207
39211
301359
563492
563516
39223
301372
301374
301368
301381
301382
825679
39236
825672
563534
563521
301391
39245
39247
563545
563547
563548
563551
825691
301407
301400
301401
39264
301415
301409
301410
825706
39271
39273
39275
563578
301437
39289
39296
301441
39301
301452
301455
563588
825731
563608
825753
825754
563615
825755
563600
825749
563605
563606
39327
301477
825775
301473
39335
39337
39338
563619
301481
39348
825786
39351
39352
39355
563637
301498
825807
563659
39366
825803
301516
301512
825794
301515
301524
301525
825822
825817
301533
563667
825809
39392
39394
39401
301551
563685
825855
825848
563708
563710
563699
825868
39424
563723
301570
825860
563717
39439
301589
39442
301591
39444
39446
301605
563758
301612
825893
39470
825916
39476
563773
301628
39483
825911
825905
825907
39487
825928
563789
825929
39497
563778
301646
563779
301647
301641
39506
301651
39516
301670
563821
825958
39530
563811
301679
563812
301674
825955
563833
825981
825979
825974
301694
825996
39552
563850
825993
563854
825989
39562
825990
39564
301705
39565
563846
563864
826014
563870
826004
301724
301726
39579
39582
301723
826028
563882
39587
826027
563872
39592
563874
826017
301738
563896
563901
301745
301759
826032
39614
39616
301761
39622
39623
301763
826055
301780
563933
826074
826075
826068
563921
39642
39644
39645
826066
39650
39653
39654
301795
301800
301801
301812
563960
563963
826107
563954
39679
826120
39685
563983
563972
826140
563998
826139
826135
826128
563991
39714
39719
301859
39722
564005
564006
39734
301884
564016
564020
39745
39748
564044
564046
39752
564072
39781
826217
564078
39784
301935
39790
301930
301931
39794
39798
826231
39803
39804
826224
301957
39810
564106
564107
301952
826250
564096
564097
39817
826246
826243
39823
301973
39826
39831
826285
301987
564132
564135
826301
302000
39862
826299
39865
302011
826291
39871
564169
826318
39881
564166
39887
826307
826335
826326
39899
302040
826340
564193
302063
39915
826365
564220
564222
39928
564214
39937
302086
564237
826378
564239
564224
39950
826395
826388
302109
826415
39980
302120
302121
39986
826431
302128
826425
302143
564276
39998
39999
40005
826432
40015
302164
826459
40027
302168
564309
826477
564330
40035
826475
826469
40042
302191
564325
302196
564349
302194
564339
564341
40068
826504
40070
564367
826500
826501
564354
826525
826521
826541
564399
564384
564388
40108
826557
826553
40119
302271
826551
40130
40133
40137
302280
826563
40146
564447
40152
564435
40156
564437
826601
564463
40169
40171
40173
302314
302332
40185
564468
826609
826610
564471
826611
40195
40198
826628
564482
40205
302346
826627
564505
40210
564507
826648
564496
302367
302361
302372
564524
302371
40231
826663
40239
826677
564534
40261
826698
40264
826692
826693
826691
302420
40273
40281
564563
302427
826733
302432
40292
302445
40301
826722
564600
826750
564603
826746
564593
302456
564597
40319
564616
564617
40324
564620
826761
826757
826758
826759
40332
826753
564632
40336
826781
564634
40341
564624
826770
40353
302498
564646
826787
40370
564667
40380
564661
826803
564681
564674
302542
564677
302539
40406
40411
40415
826860
564713
40425
826853
564705
40427
826848
40431
826873
40439
302586
40447
40448
302598
302599
826888
40454
302606
40465
40472
40474
826897
564757
40480
302636
302637
564772
40493
826913
302634
40495
826932
564786
302655
40509
40514
302669
826951
40523
302667
302679
40534
564823
826963
40544
302694
302702
826982
826976
40558
302699
40562
827002
564849
826998
826993
826994
302724
302729
40589
40590
302741
564890
564891
564892
827033
40599
302739
302750
40602
827030
40603
40606
40607
827052
40608
302757
827051
564900
302760
827040
827042
564903
302775
827060
827061
827058
827085
302784
40646
564942
302801
40665
827091
827116
302838
40694
827150
40707
302848
565005
302849
302850
564992
827140
40714
564995
827136
827137
827166
302864
302865
565021
565023
565014
827180
40737
565034
302886
302880
302881
565037
827173
302895
565050
40758
565047
40767
827213
827214
565068
40780
565080
302932
302928
565087
40793
302943
565075
565079
827245
565099
302945
827241
40806
565103
40809
40816
565112
40817
565104
40825
302974
565107
827255
827248
40829
302970
565110
565111
302977
40839
40840
40841
302989
302991
40843
565123
302984
40845
302987
40851
827289
303007
40861
565161
40866
827311
827305
827306
827300
827302
40874
303028
40884
40885
565182
40887
565171
303032
303033
40895
827341
303042
565185
40906
827330
565211
565212
827353
303058
40918
565215
40922
303071
40927
303076
565225
303077
565218
40939
303087
40945
827390
303095
40948
565246
303101
565236
565237
827404
565256
40960
565257
303104
565261
303116
827399
827393
40974
40977
565273
40980
303121
303122
303123
303135
827415
40989
40991
827438
40995
565294
565280
565282
303151
565308
41024
827466
565327
827460
41033
565314
827456
303188
827487
41045
565329
565330
41052
827474
565335
565352
41057
303201
41063
41066
565349
827517
565371
303223
41079
303219
565363
827504
303225
565366
303236
41089
303235
41099
827522
565383
41103
41105
565403
41107
565405
303260
565393
827536
41119
565408
303279
827559
303285
41137
565438
41144
565424
303293
827573
41146
565448
303301
827599
565453
827593
565441
41165
827585
565446
41171
827608
41174
41176
303325
303327
565463
827630
565484
41193
41196
41197
303347
565503
827637
41209
41212
827633
303355
41216
827663
303369
41231
41234
565531
565532
565534
565520
827671
41245
303398
303399
303392
41254
41257
827686
565540
303412
41264
827710
41266
303415
41270
41271
41273
827699
41281
41284
303427
565568
565569
41292
565593
827735
303451
41312
827754
303469
303471
565604
827773
827769
41334
827765
41337
565618
827767
303493
41349
827785
303490
303500
565633
41366
565663
303516
565649
565654
41375
827795
41382
827808
41389
303530
565688
827834
565684
827824
565686
41407
827852
41410
303553
565699
827869
827870
565724
41429
827865
565712
303580
41433
565717
41439
303588
565737
565741
41445
41447
827873
303594
41456
303600
827897
303603
41465
303615
41467
41468
41469
303610
303620
565769
827917
41475
827919
827912
41477
303628
827909
303629
565784
827934
565777
827926
41500
41502
303643
565803
827944
303651
565819
565822
303667
41532
303684
303685
565836
303680
303683
565825
565827
303688
827969
303690
303703
565851
41559
41560
303710
303704
827985
565845
303706
303716
565865
303717
303714
303725
41579
828001
828002
41582
828028
41585
303735
828031
41593
303742
41594
303743
828017
41597
41599
565879
303739
565899
303744
41604
41615
828035
565916
565919
828059
565904
828055
828048
828049
565910
565928
828078
828079
565922
828071
828065
565926
565947
303792
303804
303805
828086
828087
303807
565940
303803
41664
565963
565964
41669
828106
565952
303820
303821
828096
41676
828098
828124
565978
41685
828116
303838
565970
828118
41694
41697
41699
41702
41704
565987
828128
303849
565989
41709
303850
828157
303863
566014
828149
828151
828146
41729
303879
828169
566029
566016
566021
303893
41750
303902
303903
41756
303897
303899
303909
41763
828202
566048
828199
566053
828195
303924
566073
41781
828218
828212
828215
41789
303931
566071
828211
828238
41795
41796
41797
303939
566083
828253
566106
828255
828245
566100
566103
41824
41830
828266
303981
41835
828273
303994
41856
828296
41863
304013
41866
828294
828289
566169
41873
566171
566174
304036
41891
566177
304046
41898
304051
828341
566195
828337
304059
41921
304071
828362
41930
566212
828376
304090
566248
828397
304102
41955
566254
41959
828388
828390
828387
828413
304118
41970
41971
828410
304115
828404
828405
41982
828424
566287
304137
41998
42001
304151
304147
828434
42014
304155
828461
304165
304161
42031
828478
42035
828479
42036
566335
828475
304179
828468
42041
42042
304190
828464
566327
828467
566344
304196
828493
42049
42055
304204
42058
304210
42071
566352
42075
42076
304218
304228
828525
42083
828522
828512
566372
304248
566409
566400
566403
828569
42135
304287
566440
304288
566436
42163
566460
304306
828597
304317
566454
828622
566476
304320
304323
828612
566465
566466
304334
42188
828610
304340
828638
42196
42197
42206
304356
566504
304365
42218
828642
42223
42226
566524
304380
566517
42237
828685
828687
42243
566542
42248
42249
304395
566552
828697
304413
828694
828688
828691
566551
566569
566572
828704
566588
828720
304441
828722
566583
566601
42308
828746
42315
566596
42316
566598
566599
566619
828763
42328
828756
42329
304473
42337
828778
566638
304483
566625
566626
304494
566648
42355
42356
304504
304516
42373
304513
304514
42379
828807
566659
828801
828828
828829
566681
304534
304540
566674
304538
828837
42409
828839
304559
42411
828861
828862
566717
566704
304568
566710
42431
566733
42437
828873
304585
566725
304586
42446
828890
304595
566751
828884
304600
828882
828908
828909
42469
828906
566752
566755
304617
828899
304628
566771
828912
828914
566775
304644
566796
566797
828934
566786
304649
304650
42511
828931
566810
828954
42522
828951
304666
566807
566824
42528
42529
566825
42530
828961
304683
828991
42547
566844
304690
566835
42561
304704
566851
566852
828992
828994
304725
42578
304720
566865
304735
42590
42594
829039
304751
566884
42607
42611
304752
304753
566909
566896
42617
304763
304773
304774
566913
42640
566939
304785
304787
304799
829072
42654
304804
829103
829098
42668
304810
304822
566971
829112
566975
304828
566966
566984
304839
829124
566976
304847
304860
304863
829137
304858
829139
567017
829163
829157
567012
829152
829182
829176
567026
829174
42748
567031
42759
42761
829189
829190
567043
42766
304926
829206
42780
567062
829202
304932
567085
304931
304942
304943
304936
304949
829246
829247
567100
567101
42807
829237
567091
304954
829235
567116
829257
42822
42823
304975
42830
304981
42836
829292
42850
304998
829294
304994
567151
829284
305006
305007
567161
305015
305010
829307
42880
305029
567178
305024
567183
305036
42889
567169
42892
305034
42895
305035
829337
829333
42907
567190
829331
829359
305068
829345
305083
567223
567241
305093
567242
829386
42959
829402
42966
829403
305116
42971
829392
305113
42973
829419
567265
305134
829415
567267
305128
42988
567271
305131
305142
567291
567295
305139
567284
305147
305156
43009
567308
567310
43016
829447
43026
567325
829466
305171
829462
567317
43038
567338
43046
567343
305193
829474
305206
829503
567356
43064
43068
43069
305220
305223
829519
43076
567375
829510
305231
305225
305226
567367
567388
829528
829530
43096
305245
43098
567378
829544
43111
829543
567397
829539
567417
567422
829562
829556
43129
567413
305275
43138
567424
305299
305311
829587
829612
829613
43169
829615
43177
305322
829603
305323
305332
305334
43186
829624
567487
567472
829618
43200
305346
305347
43213
43214
305355
829660
43218
829657
829652
305372
43224
43226
829655
829649
305380
305377
305378
43239
829675
567535
567521
567527
829693
567551
567536
567540
567541
43264
305408
829705
305428
829725
567578
305424
43285
43292
829713
567593
567594
43298
305447
305440
829738
43310
305450
829731
43312
43319
567600
829775
305472
305473
305487
829767
43341
305493
43347
305495
43351
829787
567634
829802
829803
43367
305518
829799
829792
305515
567655
567674
305521
43384
305532
43391
567688
567690
43395
829834
829831
43403
567685
305553
43414
567697
567698
567699
305562
43424
567720
305571
43435
43436
829856
305577
829859
43440
305589
305584
43449
43450
43451
305592
567752
829892
567748
43468
829888
567768
43479
305628
567762
829911
43484
829906
829933
829934
43492
305632
43504
567802
829944
829946
305656
43519
43522
305671
829960
305665
567821
43526
567822
305667
43528
43529
829958
567811
829959
43533
305675
829979
567839
43544
829973
43548
305691
567831
829996
43553
829992
305697
43567
43572
830028
43587
830025
567887
567872
567873
830021
567874
305738
43599
305744
830039
567892
305752
567894
43614
305761
305775
830077
305778
43639
567920
305789
830069
43641
830071
567948
830089
305794
43655
830084
567937
305805
43660
830108
305809
43672
830101
830096
567976
567979
567968
830113
830130
568010
830144
305865
305866
43729
43732
568029
43734
830166
43741
568041
830190
43749
568047
830182
305896
830177
305908
568050
43772
43773
43774
568054
305920
43781
43782
305923
568079
568067
568068
830211
830233
830235
305948
568081
305949
305951
43804
43807
830241
830268
305973
568124
568125
43832
43838
43843
830280
830281
305985
830276
830279
305992
830274
568146
568147
830289
306010
568151
830309
568163
306031
306037
43890
830330
306046
43903
830349
43906
306055
568203
306061
43913
568196
43921
306070
830362
43929
568209
306079
568213
568232
43944
43948
306089
830370
568231
568250
43955
830393
306098
830395
43959
306108
830388
830390
568245
306106
43974
830410
306124
43976
568257
43977
830406
306122
43984
568284
830427
568276
830419
306150
568301
44007
568290
830439
306154
44015
306161
306169
568329
306177
830474
306178
306179
44042
306186
568347
568348
830486
830482
306214
830510
830504
830506
568367
44072
306219
568377
830527
306236
830512
44094
306235
830540
568392
44096
568393
306245
568396
306241
568409
306257
830553
44123
306265
306266
568407
306276
306278
568427
830575
830570
306285
568419
568440
306294
44149
830587
44153
306296
306298
568439
44159
44160
44167
830597
306318
830623
568478
306322
44183
830612
830613
306330
44193
44198
306345
830627
568487
568505
306353
830649
44213
44222
306372
830670
830660
306380
44237
44238
44241
830686
306391
44248
568533
830675
830702
830699
44265
830694
830690
306420
306417
44278
306418
306419
306424
830733
44290
44295
830720
44304
306453
306454
306455
44310
44313
44316
306457
830765
568623
306476
568609
830758
306479
830759
830752
306484
44337
830774
830796
830799
306503
830788
830812
568665
306518
44370
830815
44374
830811
44378
306527
44385
306534
568684
306530
44392
306541
568673
830819
306544
306545
44407
44408
306559
44415
306555
568695
306564
44424
830848
306582
830879
568734
44442
830864
44444
44445
568744
568745
568736
306600
306601
568762
44473
306623
44478
306618
44480
306625
830923
568770
44492
306644
44496
44498
306640
306641
306653
568809
568811
44517
306670
568824
568827
568828
568829
568830
568818
44539
568821
568840
44547
568844
568836
306699
44560
568857
568848
831019
44583
306723
831010
831032
306737
44598
831035
831028
306744
568909
568896
44622
44623
44624
568922
306768
306770
306791
306785
568930
831100
306801
306802
831099
44669
568951
831116
568969
306818
831109
568961
568963
831111
44684
831105
44692
44696
568976
831120
831122
831149
44710
568992
306862
569019
831162
569023
44727
44729
831154
44735
831182
569034
44744
831173
306893
831174
44747
44748
306891
831196
306900
569049
569050
44756
569052
831190
306916
44770
831209
44774
306915
44780
306922
44783
569063
831226
831227
569076
306936
831217
831244
569096
306951
306947
306956
569088
831236
569091
44812
831234
831261
44818
569114
306961
44822
569105
306970
306982
831273
569134
831270
831271
306986
569126
44848
831293
569146
306999
306992
569148
569149
306995
831284
307006
44865
307013
569165
569167
307020
831300
831301
831303
307016
44877
569158
307030
569178
307045
44898
307042
831339
569199
44906
569190
307051
44912
831355
831348
44927
44928
44931
307075
569220
831383
831376
569257
569258
569262
569249
831394
44974
307114
831421
44977
307121
307132
307130
831439
44996
45006
831452
831453
307159
307165
307161
831442
307174
307168
831461
45034
307183
569336
569342
307186
569329
45054
307195
831500
569357
307202
831498
45064
569346
45071
831517
307221
45074
569373
831515
569362
45083
307236
307239
45091
831535
307234
831523
307243
831551
45112
307261
307262
45114
307257
307259
569418
569420
569423
831563
307276
569409
831557
307277
569410
307278
45131
569412
307272
45135
45140
569425
831574
831568
569450
569452
569454
831587
45169
45170
307319
569471
569458
307327
831628
569482
45186
569484
45188
831625
831620
569473
569479
307350
45203
307346
831642
569489
569490
831635
45216
307364
307365
831662
307366
831663
307362
831652
569509
569532
45240
831664
307385
831667
45248
45249
45250
569549
45256
307405
831685
45259
307407
307400
831711
307415
569567
307422
569557
569577
569578
307430
307425
831723
45289
45290
831719
307432
45295
307446
307447
831737
307441
569598
831739
831733
831735
45309
307463
307457
831755
569600
45325
307478
569627
569629
45337
45342
569640
45344
569643
45347
569646
45351
45352
569633
45358
831779
831806
45363
831800
831803
569663
307518
569650
45372
569655
45377
45378
45387
307528
831809
307536
569692
831833
45397
307538
831828
569681
45406
569686
569706
307554
569710
45415
569696
831841
45423
307574
45433
307582
831862
569716
45438
569738
569742
569728
569733
307594
569735
569752
831901
569754
45463
569744
569745
307614
831888
307608
45469
831889
307620
569769
307623
569771
569774
45480
569763
569764
831907
307637
831934
45490
307635
831922
45504
831949
569802
569804
307648
45509
307651
45511
831941
831936
307657
831938
831939
307659
569820
307678
569812
307684
831983
307680
569837
307682
45542
831979
569826
831968
307690
569831
307691
831996
307702
831998
45555
569855
307717
569867
569870
569871
45581
832003
569880
45585
307734
832030
569876
45604
569900
832042
832043
832036
569888
45610
307759
569892
569893
45614
569912
307764
569917
832059
832052
45625
45626
45633
569932
832074
832071
832065
307785
569926
307798
45654
832091
307805
832085
569940
832082
307812
45664
569961
832109
307814
307818
569997
307852
832133
832134
832128
45718
832155
832150
832144
570006
45729
570026
45731
832168
570029
307887
570019
570020
832184
45753
45756
307897
832177
832206
45764
570062
45769
307918
45779
45785
45787
570067
307930
45795
832239
570086
307957
45819
307968
45828
45833
307982
570115
570117
832285
570138
570129
570131
832272
307994
570135
570153
45857
570147
570149
45873
45877
570160
832309
832332
308039
832330
570176
308047
308040
570200
832345
570198
570217
45924
832360
308065
308076
570209
308072
570214
45935
570215
308084
832381
308081
308092
570229
45950
832396
45954
45957
570241
45961
308106
832386
570267
45971
832404
570256
308125
832403
45984
308128
45989
45994
308143
308136
832417
570277
832445
46002
832443
46008
832437
46010
46011
570291
570315
832463
832450
832451
308180
46034
570330
46036
46037
46038
308179
46040
308184
570326
46054
308205
46060
570343
46065
308213
832511
570352
832500
308220
832503
46075
832496
46082
308224
46084
308226
46086
46087
46090
570371
46093
308235
308244
570392
570395
46105
570386
570390
308261
570414
308271
832572
570427
308285
308286
570421
46144
832588
46145
46147
308288
570446
832580
308300
832581
308303
46155
570439
570458
832601
570448
308317
46174
570464
46186
46196
308337
570493
832629
46203
832624
308345
46207
832627
832652
832651
832646
832647
308361
308363
308372
832666
832658
570518
46238
570519
308389
832686
308397
832673
308404
46260
832698
832699
832692
308410
308420
832717
308423
832715
46281
46284
308425
832732
832728
46293
308444
570578
308442
308443
570600
570601
308450
832746
832736
570598
46320
832764
46321
570619
46323
832760
308467
570609
308478
308487
308481
570639
308492
570630
832771
308491
308503
46361
570643
308505
308516
570666
46372
46379
832800
308522
570663
46386
832824
46388
308542
832816
46399
832844
570696
46404
46405
46407
308547
570690
46411
832839
46413
46414
46416
308566
308567
46419
46421
570718
46428
308568
46435
46436
46451
570749
308594
832881
570743
570766
46471
308616
46482
308627
308638
308633
46495
570794
308647
570797
570798
832928
570811
832959
570804
832946
308673
570831
570816
832964
46539
308680
46542
570823
308693
570845
832986
46552
832980
308703
308710
46563
46564
570862
570849
570850
46570
570851
308719
832992
570852
570872
570876
570878
570864
833013
46587
46588
570869
833010
833011
46593
833038
570890
833039
833034
570881
833025
308756
46615
833047
833041
46621
308774
46626
46630
308771
570912
46634
833063
308776
46637
570938
570939
308784
46647
833072
570933
833099
308815
570968
308821
570970
833112
833115
833109
833107
308832
570989
833129
46696
308844
308845
833126
833120
46700
308841
308842
308852
46704
571001
571003
571005
46713
570998
833138
571020
571011
833152
308886
46740
46744
833172
46745
571025
833175
46747
308889
833170
833171
571048
571049
833199
46757
46761
308910
46762
571065
46769
833214
833210
308915
833205
308926
571059
833200
46783
833228
308933
833230
308935
571075
833217
571078
571097
308950
833247
46804
571100
308947
308957
46809
571092
308964
46819
308961
571119
46824
833253
308969
46831
46834
308982
833275
571122
833265
833267
308997
833294
46854
46863
309012
46870
571152
309021
309022
833296
571157
571158
46879
309019
571178
571182
46894
309034
309045
309047
833334
833328
309050
833330
833352
833354
46922
571203
571207
309067
309076
46934
833370
833371
833366
833389
571246
309100
571233
46953
46954
571236
571256
571259
46964
833400
46965
571261
46966
833396
309118
309114
46975
833422
309121
571277
46983
309134
571269
833439
571292
46997
571305
571306
47017
309165
571302
309163
309172
309173
47028
571312
47032
571313
47034
309177
309179
47041
833486
571339
833480
571341
309185
309196
571332
47052
47054
47055
833475
47057
309200
833498
47062
309203
47065
571345
47067
47072
571369
833518
571372
309218
571365
309225
47088
309237
309233
47098
833549
47106
833551
47108
833546
833547
571394
47115
571398
571416
47120
571419
833567
47128
833556
47135
309275
309286
571425
571426
309295
833575
309291
47151
309300
47153
571452
47162
833584
571446
309307
571464
47172
47181
833602
309328
833622
47196
833646
309344
571500
833641
833642
571489
571491
47212
47213
571494
47218
309366
833657
571504
309370
309380
571530
571531
47236
47240
833669
833670
309385
309387
47247
47249
571545
571548
833688
571550
309405
47270
833707
571552
571555
571582
309439
47298
47302
833728
571608
833756
833758
47315
309463
47319
47322
47327
571624
571627
47333
571616
309492
833781
571638
47366
833796
309512
47372
47374
571672
309524
833817
571679
309532
833814
571667
571669
309529
833809
833811
47392
47396
833832
309544
47410
47411
571708
571699
833840
47425
47426
833865
47430
309570
47431
571716
571740
47445
833878
47453
833873
833874
571752
309607
309612
833894
309622
833919
571772
47476
571774
571763
309631
309624
571784
571785
309638
309632
571790
309645
47499
833927
571780
833922
571782
833948
309652
309654
309649
571805
47517
309657
571799
47520
309669
571817
571819
833961
833957
833958
47537
571836
833977
833972
571825
571830
309700
309702
309696
571840
47561
47564
571845
834013
834015
834009
571871
309724
47577
834006
834001
571884
309743
309736
309748
834045
47604
571900
309744
47605
571902
309756
47611
309764
571914
834056
571905
834078
309788
834068
571922
834071
571924
571946
309792
571949
309793
47653
309794
571936
834081
571961
834110
309808
309820
571952
309821
571956
834097
834126
47685
571968
47690
834119
47691
571972
47694
47696
571997
47702
47706
834135
47707
309848
834128
309849
834158
47714
572010
47716
309868
572004
309865
47729
572028
47735
572016
47741
47743
572023
309893
572043
834184
834185
572045
834187
47752
834182
309903
309908
47762
572062
47766
309918
309919
572052
834194
572072
572073
47778
309927
834223
572077
309933
572066
572067
309931
572090
309938
834228
47803
834227
572110
309966
309972
309973
47826
834270
47832
572112
47834
309976
834259
47840
572136
572140
309987
47849
309998
834279
47853
572135
310005
310006
834299
310012
834293
47866
834288
47868
834289
310022
572172
47877
572173
310018
310019
834306
310038
834328
310032
572190
572180
834321
310043
47903
310052
47906
47907
572204
47909
834340
310060
47914
47925
572222
834356
834358
572214
572215
572232
47938
572235
310082
310093
834370
47951
834398
834388
47964
572245
310106
572267
834406
572263
47984
310135
572284
834426
310139
47999
310149
572300
310145
572301
48007
310157
310152
48016
310160
572304
310174
48026
48030
310171
834451
48031
48037
310190
310191
572325
834495
48053
48059
572339
310200
834483
834504
310208
834505
310210
48074
310216
572357
48079
310219
834525
310231
48086
48087
310236
572371
310232
572374
572394
834542
48099
48102
48104
572388
310248
48111
48115
572412
48116
834553
310259
48119
572402
48124
48134
572431
310284
48136
48138
572419
310280
834561
310281
572442
834576
48156
834578
48166
834602
572450
834599
310320
572479
310328
834631
572484
572485
310353
572511
48217
572499
310373
572522
48231
834660
572515
48237
310377
572518
310389
48244
834677
834679
310399
48254
310404
48259
572555
48264
572544
310414
834694
834695
310410
48270
48272
572573
572574
310419
48289
834735
572587
310439
310433
310444
834725
310447
834720
572600
48308
572607
834741
834739
834765
48323
48324
48327
834757
310479
48334
572615
572632
310484
310486
572635
572636
834774
310495
834775
572650
310499
48360
572647
572666
310518
572667
48373
572671
572658
48380
572660
48384
48385
834831
48391
572672
310543
572675
572696
572699
572701
48408
572689
310557
834838
48411
834832
310552
310555
48416
48419
572716
572704
834852
310572
48426
834854
834848
572729
310588
834869
310591
310584
310597
572749
48456
310605
572737
834885
572741
572762
572765
310610
48471
834927
48485
834916
310639
48496
834936
48503
834929
834956
572808
310661
834958
48514
48516
572800
48522
310666
572826
834968
310675
48536
572817
310681
834963
572840
572842
48547
310695
834984
834985
48549
310689
48550
572847
48554
48555
48557
310705
572862
48569
310719
572851
572874
835012
572865
835036
835037
310741
572890
48594
572895
572884
572885
835026
572887
835027
310755
835051
572896
572899
310761
310763
310773
310775
310768
310769
48632
835056
310788
835087
48644
835083
835076
572929
48652
48657
310806
572957
835098
310802
572959
48663
572944
572946
310814
310821
310823
310829
572961
310831
48692
310832
310834
835125
48699
572979
310840
48704
835148
310848
572996
310859
572999
835165
573020
835157
573010
310879
310884
573033
573039
310883
835172
835169
573029
310890
573031
835197
48760
573042
48764
48766
573066
48775
48781
310923
573080
48784
835230
835231
835226
310931
48792
48793
48797
573096
310949
573103
310957
835233
573115
310962
835258
835254
310970
573131
48842
573122
835264
48846
573127
48849
310997
310999
48853
310993
835290
311006
573140
311002
48864
311008
48871
573153
835301
48878
48879
573178
48884
835316
835318
835319
48893
573174
48894
311035
835341
311040
311051
573208
835357
311056
48918
48923
48926
573206
311074
573217
573219
311087
48947
573244
311088
835385
48951
835387
835380
48959
48960
48962
835407
48964
48965
573252
835395
48975
835421
311127
573276
48982
835419
573266
311135
835408
311140
311136
835433
835435
311148
311149
573282
49003
573304
573305
311158
49010
49012
49014
49017
311165
49027
573326
311180
573314
573318
311179
835459
311189
49042
573342
49048
311194
311202
573369
573374
835514
835515
311228
49084
311227
49087
573389
835529
835550
311254
311248
49110
573406
835541
49118
49119
835566
573420
311265
573412
311275
835580
835582
49142
311283
573425
835569
573430
311308
49161
573467
311313
573459
835602
573480
573482
311330
573473
49193
311337
49197
49199
49200
311351
311345
835642
573489
311357
311358
573494
835635
49224
835653
49232
311376
49236
573533
573524
49244
835688
573550
49261
49268
311411
311420
835698
311419
835725
835717
49289
573572
835714
835742
49301
573598
311442
835738
311448
835729
835731
835752
573614
835755
573601
49323
311464
311467
835747
835772
49333
573630
835770
835761
311500
573638
835779
311509
49362
835800
311504
49368
573649
835792
835793
573654
835795
835822
311521
49382
573665
835815
311530
573671
573688
311541
573691
311543
835833
49403
835824
311545
49412
49415
311564
311566
49419
835847
835840
49422
835843
573720
49424
835871
573724
573712
311580
49436
311579
573738
835887
835880
311593
835873
49454
573753
311614
573746
835890
311619
49483
49486
573783
573800
49506
573795
573798
49526
573822
835963
573810
311684
49537
573834
835976
311692
49545
49546
835997
311702
311696
835993
311698
573855
835985
573864
49569
836015
49572
311713
836006
573858
49580
836002
49584
573882
311729
49597
311748
311751
573899
836040
836043
311755
573912
49619
311760
573918
573904
573905
573907
573933
311777
836064
311784
49648
836093
836090
573937
49658
573939
836080
573943
836106
49671
311822
573956
311817
311818
836098
311819
311824
311827
49687
49688
573971
311834
311852
573984
836129
836159
49716
311858
49718
836151
836175
574027
836165
836166
49741
836188
311894
574047
574033
836176
574039
574063
49769
311915
574072
49778
836217
836210
836236
574092
49811
836255
574108
574111
311972
49827
836271
836264
49829
311976
49838
49840
836284
836281
311996
311998
836302
49862
49869
312011
49872
574173
574174
49881
836311
49884
574165
312026
49888
574186
312039
49892
836331
312046
49900
574200
574202
574206
836346
312061
574194
49914
574195
574198
574199
49925
836356
49928
49929
836359
574214
574232
49936
312085
49944
574249
574253
312099
49959
836386
574246
574266
574269
49976
574256
574257
836406
836400
836428
836429
312130
312140
574273
312136
49997
836445
836441
50009
312165
836463
574315
50019
574316
574317
836459
574319
312174
574309
50037
312190
312191
836467
312197
836495
836491
836485
574340
836482
574343
50065
574364
50077
50089
574373
312233
574374
312244
836539
312243
836532
574389
836557
312262
50114
574411
574412
50117
50122
50125
312265
312267
312273
312286
836562
574440
574442
836590
312288
50151
50152
574433
312308
574457
312309
50163
574461
836603
836598
50178
312320
50182
574478
574479
574471
836611
312337
836633
50198
50199
50208
312357
50210
50211
836651
312355
574511
50221
836668
312373
836661
574513
574516
50239
574519
574536
50242
574531
836679
836672
836674
312404
836688
836689
50271
574568
312420
836716
574569
50274
574574
312424
312432
50292
574589
836729
574590
836731
836725
50299
836720
836722
312448
50314
50321
574617
836765
836761
574623
312477
574609
836759
312474
312475
50336
50342
836778
312483
836772
574625
50348
836771
574648
574650
836799
50357
574655
312505
50366
50369
836814
50371
312514
50379
574659
574681
312535
574687
50394
836817
50399
836845
574697
312556
312559
836860
312564
574713
574715
312574
50428
312568
574728
836894
574746
312598
50451
50452
50457
574737
574739
50460
312614
574762
836911
574765
312620
50477
574758
836898
836899
50480
836926
312631
836921
574783
312627
50490
574774
50494
312642
312643
574786
836934
312650
312651
836953
312657
574814
50518
574815
312669
836944
312665
574826
574830
312684
574817
574818
50539
312688
50552
574835
50558
50559
574862
836998
574852
50577
312720
837016
574877
574879
50586
574866
574871
50594
50596
50599
50603
312744
312758
574898
574899
837068
312773
50630
312771
837067
837062
312776
312778
50642
50644
837076
50651
574934
837075
50665
312815
574948
50670
574951
50676
50677
837108
574960
50681
312825
574988
837148
575000
837143
312857
312858
575016
837166
312871
575035
312880
50741
575039
575027
837168
312888
575028
575030
837171
575049
312903
837192
575052
837191
312911
837185
837213
50771
575067
837208
312913
837204
837205
575057
575058
837201
575063
312932
575085
50789
312930
50792
312941
50796
575089
312958
837233
312954
837235
837262
312967
837258
837252
50825
575106
312974
312970
50832
575128
837279
312983
575135
837270
50851
50855
575139
575143
575161
837305
575165
50870
50872
837300
575158
313025
837322
313027
313037
575173
50893
313035
837315
313044
837342
575196
837337
837328
837331
50918
313058
313071
575205
50925
575207
837347
313078
313073
837370
575231
313084
575220
575222
313083
50954
837383
313108
837404
313109
50962
50963
575260
50967
575250
837399
837395
575255
50976
313120
837411
313141
575281
837430
51013
313164
575299
51021
575303
313170
837460
837461
575315
837463
837480
313184
51044
51046
837482
575342
575328
575355
51061
575359
837492
51067
575349
837490
575369
837508
837511
837505
313226
575366
575367
313238
51090
51091
313246
51101
575383
51104
575401
313249
313251
313261
575395
51117
51122
575420
313265
313279
575433
313286
575436
313281
313282
837578
313295
51150
51154
51156
313296
313299
575455
313306
51170
313312
837610
837611
575459
313323
575481
51186
51187
837625
51193
313342
575496
51202
837641
575501
313356
51209
575494
575495
837656
51222
575505
51228
313369
837650
575511
313380
837679
51236
313379
51242
837671
837664
313386
313396
575545
313397
51254
837680
51261
575564
51271
575553
51276
837727
575579
51284
837721
313426
313432
313434
837757
837753
575613
51318
313465
313467
837769
313473
837770
51335
313486
313481
575640
51348
51349
837785
313500
837778
313519
313512
575654
313526
313527
837816
837817
837813
51388
575669
575692
837835
51400
313550
313544
837824
837825
575704
575705
575708
51418
313566
313562
51424
837868
51426
51433
313582
51439
837884
575740
837882
837883
575729
51450
313599
313593
575734
837900
313605
575756
51462
313613
575746
575748
313609
51474
837914
51478
51483
575763
51486
575767
51488
837933
313637
51491
313633
313635
575781
51504
575805
313660
575796
575799
51524
575822
575809
575810
837959
575832
51536
313684
837981
313687
51541
313683
51544
837972
313692
51546
51547
837975
51549
837969
575831
313698
575840
837991
51563
51564
575846
313706
837986
575868
313712
838001
838003
575886
313731
838022
838016
51596
51597
313739
838040
51604
838041
838042
51607
313756
51608
838060
313766
575915
313772
51629
313780
575930
313776
313778
575934
51638
838068
51644
51650
575941
51661
51662
313813
838111
838105
838096
575980
313826
838116
313834
838140
838142
575996
313841
838138
575998
313852
313855
313860
313861
838159
51717
576001
576004
576025
313879
576028
313885
51737
838161
576023
838190
576050
838195
576074
576065
51787
576091
51796
576084
838224
313945
51807
313957
51813
576097
838241
838242
838270
576112
576117
576136
576137
838286
838280
576141
313986
576130
576131
51853
51856
51860
314013
576147
838289
838290
51873
314017
314018
838328
838321
576183
838349
838351
314051
838342
576198
314058
838339
838364
838365
51922
576218
314064
838361
838362
576211
51945
838373
51947
838371
838397
314101
314103
838392
314107
838405
838406
314121
576280
838429
576285
51993
838421
838422
314139
838419
576297
314151
314145
576302
838436
52009
838438
314158
314153
52017
576315
576316
314175
576307
576308
314169
314176
576322
576344
314198
838495
576337
52058
314200
576343
838509
838510
314209
838501
838502
52075
52079
576379
52083
314224
314237
576372
576373
314234
576396
576385
576389
838529
576411
52116
314269
314266
576406
52128
838569
52135
314284
314287
838567
52144
52146
838585
314291
576439
52160
314311
52166
314316
52170
576474
838617
838618
838614
838611
576488
52195
52204
52207
576507
314353
314361
314362
576503
314370
52231
314376
314377
576541
838683
576529
314398
52252
576534
52262
52264
576545
838693
314409
314420
576569
576571
838719
838711
838705
52285
576565
52293
52295
52303
52304
52306
838750
576605
838740
576594
314468
314470
838766
52323
838763
576608
314477
314473
576613
576637
314482
838774
314495
576629
52350
576648
52353
838792
314504
52373
838810
838807
838802
576683
838823
52395
314551
52405
52406
314556
314557
52412
52416
576712
52419
576717
52424
576704
52428
52430
838876
52433
838875
314589
838893
838894
52451
314592
314593
52455
576736
314606
576738
576742
314603
52468
52470
838907
838901
838902
52474
314622
576758
576759
52480
576777
314627
838923
314636
838917
576793
314647
314643
52507
576789
314651
838957
314657
314668
838950
52526
576807
52533
576831
314675
576816
576821
52544
314692
52547
314690
838981
838982
576838
839000
314705
52567
314716
52574
52577
314720
52588
314728
839008
839036
576890
314743
52596
314739
52599
52605
314746
576904
839054
314758
314752
314761
314775
52633
314783
839063
52637
52639
52641
314789
52642
839081
839082
314796
839077
314798
52652
839074
314802
314803
52664
52665
52666
314810
576969
52677
314830
839111
52684
52685
839134
839135
52692
52695
576976
576978
839121
314843
839150
577004
52709
314849
576995
576996
839139
314871
839160
577020
839156
839157
52730
839153
577013
52733
577033
52738
577036
577038
314882
577039
314892
314888
839170
52751
839193
52766
839187
314913
52774
839204
314925
839206
314926
52780
839201
314922
314923
839230
577084
839225
314931
52792
577103
314956
52817
314967
839258
52825
577106
577108
314981
52837
314978
577125
314986
839266
314997
577145
52849
315006
315003
577162
839297
315019
315024
577180
52884
52885
577182
839323
577183
839315
839335
577189
839330
577210
52917
315058
839351
315064
52924
52927
839372
577225
315072
577229
577230
839371
577216
52939
52940
52941
52942
577241
315094
577242
315095
577243
577246
839382
52959
315110
315106
52968
315125
52980
315120
577277
839409
315130
577270
839433
839434
315138
315139
577281
315144
53006
53015
53016
577297
315160
53022
53023
53024
839469
577325
53035
839456
53039
839485
839486
53043
315196
577330
315199
839472
53053
53054
839475
839498
839494
53067
839489
53070
315217
315229
53086
53094
839551
53109
315249
315251
53112
315257
315258
315259
315268
577416
577418
839560
839556
577408
577410
53134
315274
315286
53143
839572
315288
839569
577448
53152
315303
577453
315311
577445
839613
577469
315313
315327
577480
577483
53190
839620
315341
577475
315337
839617
577479
577496
53207
839636
839637
315359
53215
577513
315360
315372
577508
577528
577529
315378
577520
315389
577521
839671
53243
315391
577524
839664
839665
839666
839667
53250
839689
315395
839686
577540
53262
839682
315402
577561
53265
53268
839706
839703
53279
839699
839725
577577
839720
577583
315436
839714
53294
577593
315445
577598
839732
315454
839735
315461
839757
839758
577614
839755
839749
53324
577624
839773
577625
839767
839786
53350
577647
53353
53354
53355
839778
315498
315507
577649
53374
839795
577672
577673
53380
577676
839816
315521
53381
53387
53391
839835
53400
577680
577681
315557
577708
53414
577701
839841
315568
839865
53434
315583
53436
577716
577718
315590
839881
839882
839877
315597
839878
315604
839901
315606
839899
315612
315614
577746
839918
53475
839912
839915
315619
577762
53482
315625
577785
839933
839929
53493
577789
577778
577782
53504
315650
839941
315662
53514
315663
53517
577797
839939
53519
53520
315669
839965
839966
839957
315677
315679
839959
577813
53535
53537
577834
577838
839979
577824
577848
577851
315697
577854
53561
53562
315711
315704
577868
840010
315725
840007
840001
577862
315732
577883
840024
53590
53591
840020
315741
53600
53604
53609
53617
315765
840062
53633
315781
577929
315778
577934
53640
577921
840070
577924
315784
840064
315796
315793
53653
577951
840084
840085
840087
577963
577964
315817
840125
53683
315825
53685
577983
53690
315835
315844
53696
315845
53697
315853
53706
53707
53708
53709
840131
315851
53713
840159
315859
315871
578005
315876
53730
840174
53732
578028
53742
315895
840191
840185
578045
578034
578056
315908
840205
578063
578048
315916
53769
53771
840194
840219
315923
53785
578068
53790
53795
840230
315951
53803
840226
315946
53813
315964
840243
315974
840260
315978
53851
53852
578135
840275
315995
840300
578153
53863
578144
578147
316020
578169
840310
578167
840331
578177
840320
840321
53902
578200
840349
53906
578204
840345
840346
53916
840337
316059
578217
578218
53924
840360
316065
840356
578209
578211
578212
316075
578215
578233
578235
316081
578224
840375
840371
840397
53953
840392
840393
53958
316108
316110
840387
316112
840409
840410
316124
840405
316126
53984
840427
840421
316142
578279
578296
840447
316147
316152
316155
54025
578307
840448
578308
54029
840476
316182
54035
316189
578322
578323
54044
840465
316196
316198
54057
840480
840481
54062
840482
54064
840511
578363
840504
840501
54075
54076
54078
840525
54083
840520
54084
54085
54087
840517
578372
578375
54096
54097
840537
54105
316255
54116
316259
840550
578403
578405
578406
316277
840574
316273
316284
54138
840561
578422
54146
316294
54149
54151
840581
316296
316297
54157
840602
54168
840594
840595
578464
840608
840610
316342
54194
840638
578491
316349
578504
840652
54213
578511
54219
578500
54225
578524
840667
840661
54235
840656
54236
578536
316389
54243
54248
316398
840700
840702
840703
54259
578558
54267
316408
316409
578549
54269
54273
54274
840712
316417
840711
840705
316426
578567
840707
578584
840733
54292
840730
316435
578577
54298
578580
840722
578582
316452
54305
316448
578593
316456
54318
840739
578599
316468
578616
316469
578620
840762
316466
316472
840781
316486
578636
54341
578629
316508
316511
578643
54364
578645
316506
54367
578665
316519
840810
578661
316522
578680
54387
578684
54389
840816
316536
54397
316549
578698
840843
54409
840838
316555
840860
316561
54422
840852
840853
54429
578710
578729
578731
316577
316579
840868
54441
840870
316591
840864
54446
578726
54451
316592
840891
578738
578740
578760
54470
54471
840907
316626
578783
316627
316637
578769
840919
840913
840915
578793
316645
54499
578798
316652
316654
578809
840959
578812
54516
578813
54527
316672
316674
316675
316686
54543
54544
316692
578842
578847
578832
578833
54554
840982
54555
54556
316709
578860
841002
578876
578878
316732
841014
316734
578867
578868
841009
316736
316739
841026
54609
841049
316753
54619
316762
316772
54625
578921
841070
316780
316777
578928
316797
578932
54653
578935
578956
316801
54661
578959
578944
316811
578968
54675
841113
841115
578975
54682
316826
316837
841124
841120
54701
841121
316854
316851
578992
841140
316862
841142
54717
316868
579019
54725
316877
54732
316873
579015
841182
579034
316888
54750
579052
841194
54766
841187
54769
841213
841214
54772
316914
579070
841211
841200
579062
316933
579083
54788
316928
54789
316931
316936
841218
316939
841247
316951
579101
841243
316947
579089
579092
841233
316964
54818
54820
54821
841253
316974
316968
841251
579132
316977
579121
54841
54843
316986
54850
316999
579149
579139
841287
54861
579161
579164
54868
579167
579152
841301
841302
579157
841297
579159
579177
54883
317024
317025
54885
54887
579169
841312
841313
54903
841333
54909
579214
54922
579204
54924
579205
841374
317079
54937
841366
317081
841391
317088
841385
317090
317100
841381
54959
54961
54962
579261
54965
317106
54966
579248
579252
317114
841421
54978
579279
54983
54985
579266
841415
579271
317140
54998
54999
317151
317144
55004
317146
841452
579304
579306
317154
841446
841441
317163
579321
579322
579324
317170
317180
55035
579337
841476
317196
579331
317192
579332
317205
841501
317207
317212
55069
579349
317220
55077
55081
841510
841504
55092
841529
317247
317241
55102
317242
579402
579403
841560
579421
317266
579408
579413
317275
55135
579438
317294
579429
579448
841597
317297
579441
579446
317316
579466
579467
317319
841608
579468
579456
579457
317320
579481
55185
841630
317328
841622
579498
841647
579500
579502
55207
841643
317353
55216
55217
55219
841658
317375
841668
841664
317385
317397
55250
317399
579536
317404
579537
579540
579543
317412
841709
55266
317415
317408
317411
55272
841700
317420
55276
841698
841725
55282
579578
841726
55285
55286
55290
55294
317440
55310
841731
55311
55315
317463
55322
841744
841775
317479
841768
55334
579630
55335
317485
841761
841762
841763
579645
841785
317490
55350
55354
841782
841777
317498
317511
579663
841803
55372
579653
317513
317515
579655
317527
579675
579676
55383
579669
317531
317541
841838
317548
317544
55404
841825
841853
841854
317559
55412
579710
841850
317555
579699
579700
579702
841842
317562
317563
841869
55427
55432
55436
317579
841859
579719
841887
579729
841878
841872
55462
841899
841892
841894
579747
841895
317622
841919
841914
55481
579761
317629
841910
579766
579785
317637
579788
317645
55504
317655
841946
55514
841936
841939
317659
841965
317669
579808
317676
841959
317673
317674
317675
841955
55535
579834
841979
317690
55558
841994
579841
317716
317717
317718
317719
55578
842000
842002
579883
579886
55591
842017
579896
579899
842040
317756
579889
317753
579894
317754
55615
842058
579919
317773
842049
317769
317770
55638
317778
842068
579924
55651
317799
842095
842090
55657
842108
55667
317808
842106
55673
317816
55677
55683
579981
317833
55693
55697
55711
842156
317866
317867
580024
55728
55730
580029
55734
842171
55745
842187
317891
580047
842182
842176
842179
842206
55763
580060
842201
317905
55771
55775
317925
580073
317920
317921
55785
317934
580089
55794
317937
842235
55799
55801
317950
317946
842252
842254
842255
317955
842245
55818
317967
55820
55822
317962
580120
317973
842270
580125
580112
55833
842261
580114
55836
317978
317979
580136
842285
55853
317993
580134
842275
55855
318004
580152
842301
55858
580156
580157
580159
55864
580148
842290
55870
842291
842312
318029
580162
842307
580184
842329
580189
55897
55898
55900
318043
55904
318054
55911
580207
318061
842336
55917
580216
580217
55921
580218
55924
842357
580210
318074
318081
55941
580238
318083
580248
318103
318098
55960
55962
580246
318116
842413
318118
55971
842402
580283
55992
580276
55999
56000
580297
842443
56013
318155
318163
842459
56026
56028
842450
842474
580324
56049
580346
318199
842488
580348
56052
842484
842485
580340
580341
842481
842483
318215
318208
580364
318210
318223
56075
56077
318218
56081
842527
56085
56088
318237
318246
56098
56100
56101
580397
580384
842535
842530
842531
318260
318256
580413
580415
56120
580402
56126
318276
318272
580429
842564
580417
56138
318286
842561
56141
318282
842563
56143
56146
56148
56149
580433
318301
580434
842576
842606
318304
580463
56170
56176
580473
318326
56181
318322
842619
318332
56192
580488
842637
56194
842639
318349
56210
580508
56213
580497
56219
318360
842640
842668
56225
842670
842671
580524
580525
580514
842656
318377
580537
56242
56243
56244
318385
580542
842683
580528
842677
842679
56252
318394
56256
580553
842703
580556
842694
580546
56268
842691
318423
842714
56285
56287
318437
580590
318444
580580
56300
318452
56304
580603
56308
580604
842746
842747
842741
318462
580595
56315
580620
56325
580623
580609
580610
842759
318474
318475
580615
318486
56341
580628
318491
56355
580653
580646
842813
56370
56379
56380
580660
318532
318534
318535
56390
842816
56398
580696
318546
842836
318558
842839
318555
56416
56426
842855
56429
56431
580730
580731
56437
842868
56440
580725
318585
580726
580727
56447
580745
56453
842884
318600
842910
56466
56468
56471
580753
842902
56475
56482
318624
318626
56489
318635
580794
580786
842934
842931
56513
842948
842946
580827
318673
842969
580830
842971
842962
318683
318694
842991
318703
580835
580856
580858
843000
843002
580849
580850
842992
56572
842993
318714
842994
56575
843020
843021
318725
843022
318727
843017
843014
580867
318729
56589
56592
843037
318737
843035
843031
580887
318756
580905
56609
580909
843050
843051
843041
56622
56623
843068
318773
56629
843067
580913
318782
843056
56638
56641
580937
580934
843102
56666
843089
56675
843112
843114
580975
318819
318828
318829
843104
843133
318838
580987
56694
843120
580992
318856
318858
56719
56721
581018
318864
318865
843161
581022
318874
56735
318880
56741
318893
56747
581029
581030
318903
318910
56763
56768
581068
318926
56780
581060
318922
581083
318940
581073
318938
581079
843244
581100
56807
581103
843237
581089
843233
843234
581112
56818
56819
581116
56820
318972
56824
581106
318968
318971
318976
318977
56845
581126
843267
581144
843292
318997
843294
581148
318995
56856
581143
56864
581160
581161
56866
56869
319011
843301
56875
581158
843298
56878
581178
843321
56896
843341
319045
56897
581196
581199
319054
319048
319050
56911
319061
843358
581211
319066
581224
319073
843364
581217
581242
56953
581234
843378
319111
56965
843393
56974
843394
843420
319124
56976
843416
319120
56983
319134
581269
581270
843437
843438
56998
319139
319151
57004
843424
843426
319157
843455
843451
57016
319166
57025
319175
581325
843467
843461
581313
57036
57037
319177
57038
57039
57041
319184
57044
319187
581330
319201
581358
319212
57066
843489
57070
843516
57074
581362
843511
581364
581365
57094
319235
57096
581378
57099
319240
581401
57106
843551
319255
57108
319261
843538
319268
581418
581420
581409
319279
843554
843583
57146
57151
581451
843593
319308
581444
57165
57167
843612
319317
843609
581469
581462
57182
843631
319328
57189
843620
319340
57195
843618
57200
843646
319350
57203
319351
57211
319353
843657
843659
843654
581506
581507
843655
843678
57240
57251
843685
57260
57262
581564
57269
581553
843698
843699
843725
581583
57290
581570
843715
57295
581592
319446
319447
581584
57306
581588
843728
581589
57311
843731
319456
581613
57321
581602
57324
319466
843747
581626
57344
57345
581645
319500
843782
581635
57360
843800
319504
319505
319506
843803
581648
57368
843797
57372
843795
581676
843813
581665
57390
843838
57395
581693
843828
57400
57401
843829
319550
57403
319547
319556
581709
581710
581711
581699
57421
581702
843843
57425
843865
57430
581726
581712
581713
57435
319578
319589
319590
57442
581740
581741
57451
57455
581754
843899
57464
57465
319615
319611
57471
843932
319638
57492
581790
581780
581800
581806
57510
57511
319661
581799
319665
581821
843963
57532
57533
843955
319680
843973
57546
581828
319690
581852
319698
319710
843987
581864
319718
844006
57579
581861
57583
844028
844025
581886
319731
581872
844022
57594
319736
581877
319739
57600
57602
319751
581891
844039
57611
581913
57620
844059
57624
581907
581910
319770
57630
844051
581929
57635
319777
581934
581935
57639
844075
581920
844069
57643
319784
581944
844089
57654
581937
319805
581939
319800
581941
844083
57664
581960
844111
57667
319810
57679
581980
581971
319839
319832
581973
57693
57694
581994
844143
581997
581998
844134
844128
319851
57711
319860
844154
582015
844151
57723
319864
57726
844147
57729
319878
844168
844170
582016
319893
844191
844185
319891
582034
844183
582035
319896
582037
582039
844206
57765
57769
319918
844192
57773
844193
319925
844217
319923
319929
57789
582071
57793
57794
844239
57795
319938
319948
57801
319945
844227
57808
582104
57809
582106
319952
319953
582110
319955
844245
57820
319960
844269
844260
319984
319986
57848
57850
319999
57853
582134
57856
57857
57858
582154
844296
320003
844294
844288
844290
582168
57880
320028
582161
582162
57888
844328
582189
844326
582180
320052
320063
582216
582219
582208
582210
844352
320074
582235
844379
844373
57946
320090
57954
320102
57959
844388
57961
582245
57966
582246
582265
57969
320118
320119
844408
844411
57975
57979
582259
844407
57980
320122
582281
320134
582284
57996
582277
844418
57999
582279
582297
58001
582299
320144
320146
844443
58008
582290
844439
58016
844458
58022
582307
58028
582310
844478
58034
582333
844473
58039
320188
844468
58043
58044
58046
320197
844490
844491
844485
844487
58063
320217
844499
58079
320226
58086
320227
844517
320244
844540
58101
844539
582386
58109
844529
58110
58111
844531
582409
58115
320256
320259
582400
582401
844545
58127
320276
844573
582426
320272
58132
844560
320281
844561
582433
58154
582435
320298
844579
582439
58170
844594
320325
582474
582475
844617
320334
58186
58187
320335
58190
582470
58191
582491
844632
58199
58201
582486
320346
320365
320367
320375
844664
58233
320376
582518
582519
320379
582541
58249
58250
844701
844702
58259
58262
320403
582545
582550
320410
58271
320418
58282
582563
582565
58287
58288
582577
582579
844722
844750
582603
58310
844736
320459
320470
58322
320464
582620
320467
582612
582615
582634
58340
320481
844778
58343
582624
58347
844771
58353
58354
582651
320496
844793
58359
58360
58362
582664
58371
844801
58382
320541
58393
582675
582677
58399
844819
320539
58404
582700
58405
582689
582690
58411
844839
844833
582712
582713
320566
58422
582719
58426
582707
320581
582729
320583
582732
844873
582733
58440
844870
582724
320584
582747
58452
582748
320604
320600
844910
320615
320608
320609
844905
58475
320616
844898
582758
582780
320625
582782
844923
582771
582775
844941
844943
58500
320643
58504
320652
320663
844948
582801
844946
582807
58527
58528
320677
320678
320679
844969
320673
844964
844960
58547
582847
844980
582832
582839
58560
845005
58564
320705
58568
320719
582872
582873
845021
845023
320720
58582
58590
845011
320741
582892
58601
582882
320744
845024
320745
320747
320758
320754
320755
320764
58617
320767
845047
582903
58623
58626
58635
845084
320791
845081
58647
845077
582929
320793
582933
58657
845095
845089
58673
845114
582974
582962
582965
845107
845133
845135
582978
58699
845127
58704
845147
58712
320862
58717
320858
845164
58723
845160
320878
583011
583015
845155
320884
845181
583033
58741
320894
845175
583027
320896
583053
583054
320899
58762
583044
845186
320917
583068
845209
58774
58775
58783
58787
845222
58796
845217
58800
845240
320946
583103
58807
320947
58808
583089
583090
320954
845235
320955
845261
320966
583115
845259
320972
583105
58826
583107
320968
583108
58836
845272
320978
845275
320988
58841
583123
320987
58850
320994
583151
845287
58860
845282
583143
845311
58871
583155
321016
321017
845297
321028
845325
58881
845320
583180
583181
58889
845317
321038
58891
58895
321047
58903
845333
58906
845356
845358
321057
845353
321066
583207
58927
58930
58931
583229
321074
583217
845361
583222
58943
58949
58951
583232
321102
583236
845376
321104
58967
583251
58972
58974
583255
845422
321131
321141
321143
583293
58998
59001
583281
59003
845424
321146
845426
845427
59008
59013
321155
59022
845443
321169
321170
845467
59033
321182
321183
321177
321188
59040
845486
59044
845480
583341
59046
583343
845477
583333
59055
583335
59060
845496
583358
583359
321214
583361
583362
583366
59086
321226
59088
845532
321237
59091
845524
845525
845551
321249
321268
583417
583420
59125
845556
845559
321272
321273
583415
59136
583433
321285
845576
583436
845574
845594
59160
845591
583445
59169
59173
59174
321314
321327
59184
59185
59191
845623
59195
583479
59199
583498
321356
845639
59213
321354
583495
845660
845656
59220
583516
845655
59229
321381
321376
59236
59239
583523
845667
845693
321394
321395
59257
59259
845707
845703
321417
321418
59279
583578
59283
583579
59288
321437
321433
845714
321444
583593
321447
59299
583595
59300
583598
59303
845735
583591
321451
583609
845757
59315
845759
59318
845749
321464
845744
583628
845770
583616
583617
583618
59338
321486
583640
583643
59356
583637
845806
845807
59365
583648
583649
59369
583650
845798
59372
583653
845793
59373
845795
59378
59380
583679
321542
321543
845832
59399
321549
321545
321546
321552
845849
59413
321554
845845
583697
321561
583702
59423
321574
321580
59432
583719
845881
583742
845877
59452
845900
321605
321600
321601
59462
321609
59472
59474
583771
59478
845904
583767
583786
845935
583788
321632
583790
845930
321645
321640
583783
59503
583803
845945
583807
845939
583816
583817
59523
845967
845959
59531
321672
845953
321685
845979
321693
845973
59545
845968
583831
583851
845988
321708
583842
845984
846012
321717
846015
846008
59572
59574
59575
583856
321726
59580
321721
59581
321734
583882
59587
321729
583872
846022
321736
59599
59600
583898
59604
846041
846043
59611
846034
846061
59617
846063
321775
321769
321782
846074
846075
583920
583925
321798
583948
846089
321805
583937
846087
846083
59665
321815
59669
59670
583966
59671
583967
583953
583957
59677
321828
59684
583981
846122
846123
846118
846119
583971
583972
59695
583998
846139
846132
583984
59706
321851
321862
846159
59715
846152
59721
584004
584031
846167
321880
846189
321895
321888
846184
846180
584033
846205
584061
59766
59767
321918
321919
584053
59773
59775
846220
321924
584067
846238
846235
846224
59805
846225
59806
584086
584087
584104
321958
846255
584102
321972
846270
59835
59836
584118
321988
59842
584128
59849
322004
59857
846302
59860
846296
322001
322002
59867
584150
846291
59872
846317
584169
322021
584174
59887
322027
322036
584185
846335
59891
584187
584189
584191
322044
584177
59898
322047
584200
322053
846342
322062
59915
322058
584198
846338
59920
59923
322067
322078
59938
322080
846373
584228
322088
59948
322089
584231
846397
846399
322096
846392
322108
846390
322110
584243
846414
846411
846404
846405
846407
322120
584262
59983
846424
59995
322136
322149
60003
322145
60006
846443
60009
584289
584291
846434
584313
60023
846455
584308
846477
584335
60039
60049
60054
846484
322207
584342
60062
322213
322214
60069
584367
584354
584356
60077
584357
60082
846519
846513
322244
846541
846542
584396
322243
584388
584390
60110
60113
60116
584412
60117
584402
60122
846545
322266
846571
60136
584416
584422
60144
322295
60149
846580
60156
846576
322299
846604
846607
584459
60164
846597
60170
60171
322314
584472
60180
60184
846608
846639
60200
846630
584485
846625
846652
60209
846648
322365
584497
60218
322361
60222
846671
60227
846664
322370
60232
60242
322391
846687
846676
584528
60249
60251
584535
322406
584555
60259
60263
584545
322413
846688
846690
322411
846714
60283
322424
60285
846706
584587
60292
60293
322434
846731
584591
846727
584582
322443
846749
584602
322450
584607
584593
322463
322458
584598
322459
60322
322470
322464
584622
584623
584632
60343
584624
846775
60347
846799
322499
322507
846787
322516
60369
322519
60375
60377
60378
846806
846807
322520
60380
60384
584680
322534
584685
60393
846823
584679
846845
584697
322551
584699
584702
846843
322547
584703
584689
322557
60409
60419
846863
60420
584716
60424
846853
584705
60426
584706
322568
60429
60434
846878
584735
846871
584724
322586
584744
322595
60460
846881
60462
846882
846909
322619
584779
322637
322639
584772
846915
60495
322644
584793
60498
60501
60503
322643
846933
584787
60507
584790
846952
584813
60521
60522
322676
60531
846970
322685
846961
846989
584842
584845
846986
322703
846977
584857
60561
847006
584859
60566
60570
846994
846995
60577
322720
322723
584865
847008
60588
322729
584888
322736
322739
322750
584883
847027
60610
322764
847040
584900
60622
584921
322771
60632
584917
60639
584937
584938
322791
322786
584943
322796
60649
322795
60656
584953
322800
584956
847094
60669
584970
847112
584960
322829
584962
584965
322827
322836
322838
584987
60691
847135
847130
60700
584981
585000
60706
585004
585005
60711
60714
60718
322868
847157
585011
322874
847176
585036
322888
60750
322903
847199
60761
60762
322911
585043
322917
585065
847215
585067
847209
60782
60784
847224
585084
60789
322941
322942
585077
585078
322939
847237
322952
847235
847261
585113
585114
585115
847256
585116
60823
585104
585106
60827
585129
60837
322979
847292
322997
585145
322998
847289
60854
60856
585137
585139
323014
60868
323009
847306
585167
323022
323017
60878
585177
323024
585168
847314
60895
60896
847343
323047
60907
323055
847328
323049
585191
60915
585205
847347
585224
585227
60934
585216
60937
323085
323083
847391
60948
585247
847381
323102
60955
847377
323099
585260
847403
323107
60979
323127
585277
585266
847408
323136
60997
847431
585285
323159
323152
323164
847446
61023
61024
323174
323175
585324
585326
323180
323181
323182
61047
585329
847479
61054
585352
323201
323203
61066
847518
847513
585374
847514
61086
61090
323234
61095
323247
585383
847523
323254
61108
61109
847541
323256
585417
585421
585423
585411
323274
323275
323285
585437
323294
847568
61150
61153
61156
323299
585440
323311
323305
847611
847605
847606
61179
323327
323320
847603
585481
323329
847626
585472
61192
61193
61195
323336
61196
585477
61200
585500
585491
323359
323354
61217
585514
323362
847659
585504
847653
585506
585510
323371
323376
585533
847675
61241
847670
61244
585524
61249
323398
323399
847689
585550
847708
323421
847702
585555
61276
323417
323429
323424
585581
61286
61287
847714
61294
847740
847736
61305
847758
323457
585614
61319
323468
847748
323467
585624
323479
847770
585616
847788
585643
847784
323489
61354
585635
847800
323504
847801
323506
61366
61369
585650
323512
585674
847816
61380
61381
847819
323534
847814
585667
61388
847837
323539
323548
323549
61405
847827
323559
323553
323564
61417
585699
61420
323572
61428
323569
847862
847856
323576
585737
61442
61446
323597
323598
61451
847872
323592
323595
61459
61462
585759
847894
61468
323609
61473
847918
847910
847905
323637
585788
847929
61495
323644
585780
61505
323654
585803
585807
585792
323658
61518
323669
61528
585812
61532
847953
323685
585833
323686
323680
61543
585839
847973
323694
585828
61548
61549
847971
585848
323697
323698
847994
61558
61559
847989
847991
585864
323713
585870
585856
585858
61585
848029
848025
323740
848021
323736
61599
848040
61606
61610
848039
585914
61622
848052
323772
323774
323775
585907
323771
323780
585929
61633
323781
323783
61636
848074
61638
585935
585920
585921
585926
61646
848092
848095
61652
323804
61657
585940
585961
323815
848104
848103
323816
848098
848124
585981
61691
323832
848115
323844
61698
61699
848143
61705
585985
848135
585990
848152
61724
323865
61726
323877
586026
61732
323872
323874
848170
61735
586016
61737
848163
586044
323891
586032
848181
323902
61755
848177
61758
848179
586048
586050
61771
586055
323927
586076
61781
848215
586069
323930
848210
586089
61793
323936
848233
61798
61799
323949
848230
848225
61806
323946
848248
323955
323964
323967
586102
323962
848267
61837
586117
61851
61852
323992
586156
324002
586158
586147
586148
61872
324022
586172
324016
61878
586175
586165
586184
586186
61892
324044
586180
848348
324054
848347
324062
61915
61918
324069
586219
324064
324079
586215
848380
61936
848377
324093
848375
586231
848397
61954
848392
848394
324108
586241
61964
848385
586246
61966
848410
61975
848411
324124
61979
61980
848424
61992
586273
324142
586289
324159
848433
62020
586305
62025
586308
324171
324180
848476
848472
62039
586335
62041
62045
324187
586344
586345
324192
324204
586337
62063
848483
586361
848511
62067
62068
586365
586355
848498
324228
586377
62083
62084
848521
62085
586382
586368
62089
586369
324238
62090
586393
848541
586394
324247
848539
848534
62109
324260
586409
62114
586406
586407
586426
586429
586416
848562
62143
324293
586437
324299
586459
324315
62176
848621
324325
586473
848623
324321
62181
62182
62183
586479
324330
848637
62194
848638
586491
62200
62201
324351
324345
586485
324356
848653
62212
324355
848646
62227
62228
324370
586527
848660
586538
324384
586542
848676
586529
848678
586534
62265
62268
848690
586550
324410
324411
62272
62275
324417
324418
848715
62280
586560
62281
848709
62285
324426
848732
848728
62293
848725
848747
324461
586593
848742
62315
324463
62316
62317
324468
62322
848760
62326
62328
586611
324475
848755
324485
848781
324486
848776
324481
848774
62346
62347
586641
586643
324504
586647
62373
62375
324515
62379
324520
62381
62383
324532
848828
324535
848824
586685
324531
62392
324541
62397
586677
848819
586701
62412
324554
62420
324560
848857
848853
62428
586711
848851
62432
62433
324582
62436
848873
62438
324578
848874
324590
324587
586749
586760
848909
324615
62469
586767
586753
586754
848896
586759
848921
62488
586773
324647
848938
848933
62506
848934
324655
586789
62510
62515
586811
848952
848953
62518
848954
586801
586803
62526
62527
848972
848968
586828
324674
324684
324683
62544
586840
62545
62548
62549
62552
62554
586836
586863
848997
848998
586851
324719
586855
324724
586872
324725
62586
324728
62589
62591
62592
849032
849033
62599
849028
324751
62605
586886
849027
849054
62610
62611
62614
586911
849051
586896
849040
849043
62623
586922
62628
849064
586913
586914
324779
62640
62643
849083
324797
586929
849077
62659
324807
849099
586946
324814
62672
586974
324831
62683
849104
324826
586966
62688
62689
324838
849128
62695
324844
849125
62697
849127
586981
324843
324848
324849
62711
62714
324857
324868
849160
587022
62726
324867
62729
849158
62733
849181
62739
849168
849169
62750
849170
62751
62752
324903
62765
587045
849185
587064
62770
587071
324924
62779
62786
62790
587087
324941
587102
849242
587091
324954
587115
587116
587119
324973
849255
849248
324969
587109
324983
587134
62839
849270
849271
849264
587125
324985
849293
62850
324999
849291
587160
849307
62872
587153
62874
849299
849325
325036
325038
587170
587172
325034
62895
849341
62899
325043
849339
62905
849334
325051
587191
587208
849358
325070
325077
325072
62932
849369
849370
587231
62941
325093
587243
587247
325100
587235
62960
62963
62964
62965
62969
587249
849398
849393
62976
587274
849422
62981
587279
587265
62985
849414
587266
587268
325129
587271
325138
325149
849424
849425
587304
325157
325152
325155
325160
325161
587303
63024
849464
63028
587313
63034
587314
63035
63036
63039
587337
849485
849486
325185
63048
325197
63055
587352
587354
325203
587344
587368
849516
849508
849509
587364
849507
849533
587376
325247
587380
587383
325243
849523
587402
325249
587406
325251
587407
849543
849539
587399
63128
849558
587414
587415
63137
325286
325280
63142
587427
849596
587448
63156
325299
587447
587464
849613
849605
587462
325332
587480
587481
849630
849631
587485
325341
849622
849623
63195
587476
63196
849618
325339
849645
849643
63211
849632
325353
63215
325365
587516
849656
63223
587506
63227
63228
63231
63232
587530
849678
849673
325378
63239
325390
849670
63245
849692
63253
849690
587550
587537
325402
63268
849707
63272
849701
325423
849696
587558
587577
587581
63295
587575
849740
325445
849732
63305
587590
63311
849756
325462
849759
63318
63325
63328
63333
849764
849760
587621
63347
849791
587645
325491
325502
325503
325496
63357
325498
587658
325505
325506
63369
63373
849794
63383
63385
325534
325531
325543
587692
587695
849828
325550
325551
587704
587705
63410
849849
63414
63417
63422
849868
587723
63427
325575
587726
325578
63439
849859
587740
325585
63449
587730
325593
849875
325606
587758
849892
849888
63470
325621
63476
587775
325628
587764
63486
325639
587788
325634
325635
849931
325646
63502
325643
849948
849945
849941
849938
325670
63522
587811
849952
63533
63534
587832
849977
63543
325692
325693
325695
849994
325698
63562
325704
63568
850012
850015
63582
63586
587884
850027
850021
325741
587874
63599
63600
587902
850042
587891
325753
850033
850060
587912
325765
63617
850052
63625
63631
325782
850072
325777
325788
63642
850093
587948
587950
325806
63663
587960
850106
850100
325822
325823
587955
850096
850097
587969
850118
850112
850115
325845
850137
63703
63707
850135
850128
63708
850130
63710
325858
588000
325870
63723
63724
63730
63732
588029
325875
588016
63736
588021
850162
588023
63744
588041
325888
588046
63751
325900
325903
325896
63758
850204
850207
588061
63767
63769
63770
850222
325927
63781
850218
850213
63785
325933
325934
850229
325949
63801
63806
325946
850227
325956
588104
325958
588107
325967
63820
325960
850241
588101
850269
588122
588123
325969
850265
325981
63836
325978
850259
63842
588129
850277
63850
588132
850273
850274
588152
850302
63865
63869
63871
588171
63878
588175
63879
588164
326024
326025
588184
588186
63893
588189
63894
326034
588179
63909
326063
850337
63918
588216
326064
588210
326072
850353
850355
326085
326086
63941
326083
63945
326094
63947
588228
326090
326102
588251
63955
850393
588243
850387
588264
588268
850400
588260
850430
63988
326143
63995
588279
326139
588296
326148
850444
64001
850445
588299
64003
850436
588293
588294
64015
588313
588316
326162
588318
588307
588309
588329
64035
850479
850474
326178
588320
850465
326186
588345
850488
588349
850484
588337
850487
64060
588343
588360
64067
850500
588352
850502
64077
64078
326225
588382
64086
588383
850517
588392
588393
850543
64100
64101
326242
64104
326253
588386
326254
850535
588387
326248
850531
64116
64120
850551
64124
64125
850572
64129
64131
588429
64139
64142
588443
588445
850587
588436
326297
64164
850603
326319
326312
850594
588473
64178
588475
850617
588465
850610
64194
588490
588493
850629
850631
850625
850652
64209
64212
326353
850644
64220
326362
64224
588522
850666
588512
326390
850687
588543
850677
64250
326392
64257
588555
64267
588551
588569
64276
326418
64278
588575
850732
326438
850729
326445
588578
326442
64302
326452
588601
850746
588592
588616
588618
588619
588621
850763
326476
326478
326484
850782
850778
64343
64348
588631
64354
64357
64358
588654
588655
850788
326511
588645
850785
850808
850809
850810
850811
326524
64383
326532
326529
64390
326530
326531
850827
326541
326537
64404
588702
588703
64408
64411
588719
326573
588709
64429
326570
850851
588711
64435
588731
588734
850868
850870
326590
850865
64445
850866
588744
850892
588745
326597
850894
64450
326599
588750
64455
326604
64458
326607
588741
850908
588760
326615
850911
64467
850905
850906
326610
588767
850901
850903
588756
588758
850924
326630
850921
850923
588770
64494
326646
588797
64507
326651
326660
588810
850948
326671
850945
64526
588807
64528
850972
850968
64534
326687
326682
326683
588840
850985
326690
326703
64555
588835
588856
64561
64568
850996
850998
64574
588877
64582
588864
326743
64595
851032
588895
851028
851054
326759
588909
64613
326754
64615
326767
64619
851040
326761
588902
588922
588923
64632
588913
851061
851062
326783
64636
326777
851058
851086
326784
64646
64648
588931
64654
64656
326806
326802
588945
64666
326815
326811
326829
588964
588965
64691
64705
64712
326861
64714
588999
851164
851165
64723
326871
64725
64728
589010
64730
326879
589011
64733
326875
326887
326883
64747
326889
64759
326908
589043
64770
589068
851210
64775
851204
851206
326920
326921
589063
589082
326934
851231
851224
851226
64793
589075
589077
589079
851244
589097
64803
326951
326955
589114
64827
851249
64829
851251
851278
589133
326978
326990
589125
326986
326987
589145
64853
326995
64860
327001
589141
327012
589165
64870
589167
851300
64873
327022
589155
589156
589159
327036
851317
589171
589172
851340
589195
851343
851332
327052
851334
851328
64909
327051
64911
64912
327059
589203
64926
64928
64930
327078
589226
589227
851365
327082
327083
851390
589244
327100
327102
851382
64959
851379
851401
851403
589263
851397
327119
327112
327113
327124
851422
589274
851418
589278
327132
64987
64988
851410
64991
589291
64997
851428
589309
327153
327154
851451
589311
65017
327162
65023
65024
327172
327173
327170
851466
65036
851457
327178
65041
65043
589340
65044
327185
589332
851474
327194
589353
65057
327205
65058
851494
327214
589349
851490
327221
851517
851518
851519
65075
327216
65076
327228
589360
327229
851504
851505
327237
65089
589389
589390
65095
851524
589377
589381
327241
589383
851551
851545
589407
589393
851537
65118
589416
589419
851561
327267
327278
589411
327274
851554
327287
589436
589426
327294
65146
327295
851599
589451
65159
589443
327305
65165
851586
65168
589468
589469
327315
65176
65177
589461
589481
589482
589484
327329
851627
65201
327349
65203
327344
851637
589489
589491
327359
589493
327353
327355
851660
327366
589514
327363
65228
65233
65235
851672
327391
65244
65245
851667
65250
851691
65258
851681
65262
327402
65264
65265
65270
589567
589556
589557
65282
851727
589571
327435
327446
65299
589596
327440
851732
589586
589587
65308
589608
589614
327469
327470
327467
65329
851774
851768
589630
589631
589617
589618
851766
589619
589621
851762
327482
327483
65344
589641
851790
65346
851791
589643
65349
851785
589646
589656
589657
65364
65369
851795
65376
327524
851817
851812
851814
327530
589670
65391
327531
589690
589692
851828
65401
327546
65411
589698
851847
327563
65425
65427
851864
327569
589725
327571
589715
851857
589740
851878
589734
327605
65459
589756
851896
851888
65471
327630
589766
327627
851934
65496
327644
65497
589779
589781
65501
327654
851951
851944
851945
851947
327662
589795
65517
851965
589819
851960
589822
327678
327672
65534
851955
851980
327687
327686
851976
327683
851971
65554
327697
589843
589842
327704
589847
65566
327717
589868
852010
589857
65582
852024
852027
589901
327744
852040
852043
65613
327752
327764
589915
852052
327771
852077
852076
65640
589923
589922
327785
852064
589927
65646
65653
589951
327801
852083
327802
65669
327817
852125
852124
327826
327836
65692
852141
65705
327849
852128
589988
65710
852157
65715
590010
852155
590015
327859
65718
327864
590025
852169
327872
852168
852167
852160
590040
852185
327896
852204
590056
65765
590060
852202
65773
590073
852223
65778
327933
65785
327928
65791
590070
65795
590091
327949
65801
327947
852253
65809
852252
65811
590107
65810
65813
327963
65822
327962
65827
327969
590124
65832
327982
590117
590138
327986
65846
590129
852276
65851
852272
852275
852274
65857
590154
852302
590157
852298
65865
328009
590148
65883
590165
852307
65887
590166
590184
590191
65897
328047
65900
852349
328053
65904
328054
852346
852341
590195
65919
852358
65936
328082
852374
328094
852371
590230
852399
328098
590241
65961
65960
65963
65977
328124
852407
328121
65984
328135
590285
65993
852419
590279
66001
328150
852441
852443
852433
328155
852459
66022
590309
66032
590331
590332
66036
852475
66045
328193
590349
328192
66052
590351
590350
328194
66054
852483
328215
66069
852504
66076
66078
328229
590378
852521
852522
328237
66089
852519
590374
590397
852536
66100
66104
328255
328250
66110
852558
66117
328269
852548
852545
590425
328279
66130
66133
328272
852565
328280
66143
852589
852591
852587
590447
852580
852582
66156
328299
328298
590438
66161
852607
66165
328304
852597
590448
328319
590454
590473
328325
66176
328327
66181
590476
590479
66184
590467
328334
66186
590468
328337
590493
852633
590495
852629
328350
66204
590505
590499
852643
66227
590514
66234
590516
852658
66241
852685
66242
590540
328387
328386
328396
590533
852673
328402
66267
852691
66273
328421
66278
328426
328437
852732
852734
66293
852729
66292
590590
66294
66297
328447
590578
66298
590582
66305
590600
852748
66309
328457
328469
66323
66322
66325
852762
66329
328476
328475
66336
590634
852776
852779
66342
852778
328493
852771
66351
66362
852809
852811
66374
66377
328527
66380
590680
590685
328531
328537
590678
328545
328544
590703
590694
328554
852862
66420
590716
328560
328575
66426
852849
66428
590711
328583
328576
590734
590720
852867
66447
852895
328598
590749
590751
66454
328601
590743
66465
328612
66468
590766
590753
328623
590757
328617
328619
852925
66481
590776
66480
66484
852922
328626
590771
328639
328638
852914
590793
852942
66503
328653
328649
852928
66511
590810
590812
590815
328658
852949
66523
66524
590806
66531
66535
590830
852964
328686
66549
66551
590846
590833
590832
328700
590836
66561
590859
590860
66564
852998
328714
590873
328724
66576
66585
853015
328735
66588
328730
66592
590891
328736
66601
590885
853026
66609
853052
590907
590906
328753
853049
66612
328755
66615
853050
328767
328762
66624
66630
328791
590942
66648
853079
590930
853072
853074
590953
590955
590959
328815
590946
853089
590949
66677
853115
328829
853108
853110
590964
328827
66687
853133
328839
590987
328838
66695
853124
328847
590978
66700
853123
590983
66704
328854
328848
328850
328857
66717
66716
66718
591016
328871
66727
328866
66728
66731
66733
66732
591032
853183
66738
853179
853174
853171
328891
66750
328896
591040
66762
591044
66766
328914
591070
66776
66782
328932
328941
853223
328939
328938
591097
328950
853241
66808
591093
66815
328955
853234
66821
853253
591107
328968
66832
66838
66842
591151
591137
591136
66856
329014
591165
329021
329016
66876
853298
329030
66891
66890
853340
329047
591197
329052
66907
66909
66917
853349
66928
591217
853360
853384
329088
591236
591238
66965
591260
591263
66966
853402
591249
591251
66971
329115
591276
66983
329122
66982
853413
591264
66995
591292
591285
329146
853426
67006
67018
67023
853442
67025
329172
853464
67030
329180
591315
329182
329191
67051
853479
67053
67052
853475
591334
67060
329200
853498
67064
853491
853490
853519
591371
591372
67076
329229
591361
329231
853510
67085
67091
329234
67105
329252
67106
853546
853541
591396
591399
67121
591422
67128
853559
853552
591412
67134
329286
591437
67140
591439
67142
853575
329301
67154
329302
591450
67157
67158
67161
67160
591446
591457
591456
329321
591460
329335
329334
591485
853626
591477
591476
67201
329349
853647
67202
591491
591493
853662
329373
591504
591507
591528
329376
853674
67240
591524
591526
329397
591546
329398
853691
329395
329402
67265
853710
591564
67270
329431
329424
591580
853716
591573
67292
591575
853714
67296
329444
329447
853742
67298
853737
591596
329453
853734
67309
591609
853759
67315
329462
67318
853745
853744
853747
67328
853767
67339
67342
67350
591632
67352
67356
329499
329509
329510
853801
853797
67369
591653
67380
591679
67382
591664
853815
329535
67387
67386
329530
591670
591689
591691
329537
67399
67404
67408
67414
329565
853845
329567
67421
853842
853869
591722
329571
853858
67441
591739
329593
591733
329594
67457
853900
67458
67461
853899
853898
67465
591744
591747
67471
329611
67474
329618
67485
591767
329627
67493
853930
329640
329643
853949
591800
591805
329650
591796
591799
853961
591823
67531
329678
67530
67532
591812
329674
591814
67537
67545
591826
329689
67548
329698
329709
67563
591842
853987
329719
67571
67570
329718
329712
67574
591857
329727
854001
591860
329722
854028
591883
854030
329731
591887
591872
591876
591879
329739
591878
591897
854047
329757
591895
67614
854060
591910
67632
329783
329790
591927
329787
591926
67649
67661
329801
591941
591963
67673
854100
591954
591958
854125
591976
591978
329839
591973
329855
329854
591991
67713
67717
854148
854172
67730
67733
329872
329874
67740
67743
854188
854191
67746
592044
67750
854186
854181
329896
592038
67758
854204
329910
592058
329917
854199
67770
592054
67779
329923
329922
592078
854213
854239
854234
329948
854230
592087
329959
67810
67817
854247
592124
329968
329976
67839
329989
592141
854281
67844
854282
592128
67848
329993
854275
592134
592155
67858
592157
67860
330003
592158
67867
854288
854291
67870
330020
854312
67879
67878
854311
330038
592188
67895
67894
592177
592179
854326
854348
330054
330049
67908
330051
330060
592194
854342
67917
854337
592199
67921
854367
67925
330067
854356
854358
330073
67933
330072
330074
330087
854383
854382
330081
67945
330095
592227
330090
67954
592250
330099
854394
67962
592242
592245
592244
854386
854412
67971
330118
67972
592270
854404
854403
67987
592274
592276
67999
854445
68000
68002
330150
592301
68005
854440
854442
592291
68019
854455
330169
330182
854472
68049
330196
330199
854489
592349
854488
592337
854480
68060
854508
68071
330221
330218
592381
68088
330238
330235
330244
592395
68100
854538
854532
854534
68112
854556
592408
854559
330256
330269
592400
68123
592402
68133
330273
330287
330286
68142
592440
330289
330290
592433
854580
330300
854583
854582
330297
68156
854592
592472
854619
330323
592468
592488
330340
854639
68201
330350
592486
68206
68216
68221
68224
68234
330378
68238
854685
330396
854678
68254
330405
330401
592556
68262
330412
330414
592549
854689
68268
592548
854716
854719
592570
854713
592575
330428
592562
592565
330437
592586
592589
68295
330435
592590
68297
592579
592581
854723
592601
68306
854745
592607
592606
330461
854741
68313
330460
854742
592594
592597
68316
68318
68323
854767
68322
592620
854763
68335
330485
854774
68349
854771
854796
592651
592653
592640
592645
592647
68366
592664
592667
854809
330512
330524
330522
592662
68385
68384
68392
330536
592679
68398
854847
68402
68408
330555
592694
330566
592717
592716
68424
592707
854855
854849
68439
592720
592722
330590
592726
68449
592749
330592
592751
592750
68463
592742
592761
68469
854906
68477
854896
854920
330637
854915
592795
330655
330661
68515
330662
68514
330657
68516
330659
68522
592802
330679
68533
592828
330685
854967
592818
854966
854961
330680
68543
592842
330691
330696
592836
68559
592857
855007
592862
330717
68579
68582
855018
68585
592866
592870
330743
330742
855034
330748
330750
68604
68606
330752
330754
330765
592900
330760
592903
330762
330772
855068
855071
592924
68633
592912
68635
855057
68639
592919
68641
330791
592941
68647
855082
68651
330799
592932
592934
68654
855096
330812
68664
68670
330810
68675
592971
68679
592975
68681
68683
592964
855133
68693
330832
68703
68705
68704
593000
330855
593002
68706
593007
855146
330850
855136
593021
68729
593011
68731
593012
68735
68734
855183
330886
855176
68743
68749
68751
855170
68755
330898
68758
68760
593040
68764
68769
593068
593059
330922
68782
330932
593083
855225
68788
68790
855220
855223
855216
855247
68809
855234
593094
68822
593107
593111
68832
330988
855265
855266
855292
330999
855294
68853
593148
68855
855285
855280
593143
68862
68867
855310
68871
593152
593157
855296
855298
593169
593168
68891
331047
68901
855339
855333
68911
331060
855355
331058
593203
68925
593227
68933
855369
855371
593231
331075
331085
855365
855361
331092
331094
593247
593235
593236
331098
593238
855378
331111
68965
855403
331106
331117
331113
593273
593275
331126
593277
593276
331133
855413
68984
331135
593266
593268
68991
593288
855432
69000
331144
855427
331156
855455
593311
855446
855443
69025
331174
593325
855467
331170
69039
331189
331190
855476
593330
593352
331207
69058
69060
855496
69062
331212
593347
331214
593351
593370
331216
593364
593366
855506
593385
331239
593387
331233
593388
69094
69097
593378
593381
69102
593382
331255
593405
855536
855539
331269
593419
593418
593409
331278
331272
69136
855582
331280
331283
855572
331288
593431
593451
855593
331298
331310
593445
331316
69173
855608
69172
593468
331315
593471
331327
593458
331321
855629
593481
69187
69186
331329
331328
69188
331341
69192
69195
855623
593478
331349
331348
855647
331351
69204
855637
331356
69211
331365
855660
331361
593516
855656
593504
855655
855654
331368
331371
331383
69234
855673
331376
593523
69247
593549
331395
69256
593539
69261
593541
69264
593560
69268
69270
855703
855696
593558
855725
331430
69285
855716
855719
855712
855714
331446
855739
69303
69302
69306
855734
855728
69314
593613
69319
593614
855754
331469
855745
593605
331464
593604
69327
331466
69328
331472
69332
593631
69334
69338
855761
593623
855791
69346
593645
855786
593632
331497
69363
331510
69365
331504
593649
593651
331514
69377
69376
69378
855816
855819
69385
331528
331531
593688
855839
331542
69398
593680
331550
69405
855825
593684
855827
593706
855844
855847
593701
69423
855864
593713
855860
331588
593741
69449
331599
331593
69463
855898
69465
593744
593746
331609
855919
855918
331617
855912
855915
855910
855904
331637
69491
855935
69492
593788
331635
593779
855926
593778
855921
69509
331663
855942
69517
69516
855967
331670
69522
69525
593820
855963
593823
331674
855981
855980
855983
69538
331683
855975
69550
331690
855970
69557
855995
331699
855994
593841
331718
331712
331715
69575
69574
331725
331726
593881
856028
331735
593885
69589
331728
331740
69594
331736
69600
856047
69607
856032
593892
69612
856034
69619
331767
69620
69622
856052
69624
593906
593909
593911
331781
593931
331776
331779
331786
856093
69655
856085
69658
593961
856111
69667
331819
856124
331828
593979
593978
69687
593983
856116
593971
856113
331835
856114
856138
593988
856128
593990
331850
331860
69716
69720
594002
856145
856144
69729
856174
331875
856167
331881
69740
594023
856189
331892
69746
69751
331901
594035
331902
594038
594063
594074
594077
594076
331935
856236
594090
331939
594084
856224
69821
856242
594102
69825
594123
594126
856266
594114
69839
594119
594137
331997
856277
856278
594132
69859
332001
594157
332000
69864
332015
69868
856291
332011
69873
332022
856313
332017
69876
69881
594161
856307
69886
856306
69889
332038
856331
332046
594201
332052
332055
332049
69918
332069
594221
856362
856357
69933
69932
856383
594235
332083
332082
332093
332095
594231
69957
856392
69967
69966
594265
594266
69970
332114
594270
594256
332121
594260
69995
594277
594276
332139
70001
70004
856443
856436
856432
594313
332167
594317
856456
594318
856450
70035
856479
332191
594322
70044
856464
856467
70048
332198
332192
856485
856487
594339
594338
332206
856483
70062
70064
594363
70068
594366
332220
70074
70077
856497
856496
332218
594368
594393
594398
332252
70107
332255
856535
70106
856529
70108
70111
70119
70120
856551
856545
856544
332279
594426
70134
594419
856567
70141
332281
332292
856585
70153
70152
332300
594434
70157
856576
70159
332299
594459
332307
70167
594451
856599
856598
594452
856594
70179
332326
856616
70183
332323
70195
856633
332348
70200
594480
856625
594510
856645
594496
332364
332360
70222
856670
70229
856667
70230
70238
594538
856676
594535
594553
856700
594554
594545
70265
70267
70269
70268
856690
856716
594570
332422
332416
594574
70280
594560
856710
70284
594585
332433
594588
594591
594590
332434
70303
856740
70312
856743
332463
70316
332458
70322
70325
856763
594633
594632
332487
332480
594638
594625
70347
594626
70351
856797
856799
70354
856793
70360
70364
332517
594664
856810
594656
594659
332527
332522
332533
856826
332543
70394
856816
70401
594702
856839
856834
70419
70423
856859
594718
70425
856852
70429
856848
70428
70437
332586
332605
70457
332601
70461
70462
70464
70467
594766
856901
332623
332622
332618
594782
332637
856916
70490
856913
856915
594775
856941
594795
70503
332643
70502
594786
856934
70509
594790
332656
594812
70518
332669
70520
332665
70528
332678
856968
70532
332685
856963
332683
594822
594847
594846
70553
594832
594834
857001
70564
594848
594872
70583
70584
857011
857010
70592
332743
594891
332737
70601
857025
594886
70606
857026
70614
70621
857042
70625
857061
594918
70641
857086
332784
594942
332796
70652
857072
857075
70657
332804
70658
332800
594956
332812
70670
594968
594973
70677
857114
70687
594976
594981
332843
332855
595002
594992
70712
857138
332869
70720
595018
70724
70727
332873
332872
70739
332886
70738
595024
857171
595050
857189
332910
332916
595064
70770
857214
595066
857209
332913
70778
857206
857200
70783
857202
857229
857228
70787
595075
857222
332937
70797
857216
70800
332951
595098
332946
595117
595118
857253
857251
332971
857276
70835
857279
332983
332979
332988
332990
332987
70846
70849
857292
857294
857289
595149
595151
333007
333002
70873
857302
333022
857298
595176
333028
595179
595180
333026
595170
70893
333035
857315
333045
333047
70898
70901
333063
70916
595212
70924
857347
70926
857346
333072
857363
70943
333093
595240
70946
857390
333091
595246
333090
333101
333099
70961
595256
333108
333104
333107
857397
595251
333113
857395
595272
595274
70978
333123
70986
333128
857410
70993
857436
70995
333142
595280
595283
595305
857449
857450
857446
333161
595301
71021
857440
595303
333163
71025
857471
595324
333181
333182
595337
595338
333184
595328
857473
595334
857501
595353
857502
333201
333200
71063
333211
857491
595351
71071
857513
71079
595361
333230
71086
857533
333236
71090
333232
595376
71101
71100
71107
333254
333260
595395
595396
333258
333277
71130
333285
71138
333286
71142
857578
857573
71144
595431
595430
333303
857594
333298
333308
71162
857585
333313
595469
71177
857607
71178
71180
857603
333332
857625
71189
857623
595476
333336
71198
595496
71204
333346
71208
595492
595517
333363
595518
71222
857654
71232
595534
595521
595525
333384
857692
857695
333398
857689
333392
595548
857686
333401
333403
857710
595554
857696
595578
857721
71285
71286
71289
595571
857713
333432
857714
595594
595585
857732
333455
333461
857755
71319
333471
857747
71329
857775
333485
595617
71336
857790
595642
71348
595644
71353
857782
71356
333499
71359
333509
595659
333511
71363
71364
857803
595650
333515
333527
71378
71384
595666
333529
333530
333541
71397
857832
333536
595680
71406
595706
595709
333553
333552
71414
857845
595699
71419
857846
71418
595700
595702
333562
857868
595720
595724
857867
333578
71447
595742
71450
595730
333592
595753
857902
333606
71460
71463
333612
857895
71466
595746
71468
857916
333619
71483
857905
595765
71484
857904
333627
857906
71488
857931
71494
857926
595778
333641
595780
857920
71503
595803
857950
333651
71510
333659
71518
857965
595818
71525
333664
71531
595838
595825
595827
333690
71555
333698
71565
333707
333706
858013
595869
595857
71576
858001
858002
333733
858025
71593
858022
595879
71600
71603
595899
595898
333744
333746
71606
595889
595891
333758
595893
71613
858063
595915
595917
333763
333773
333783
595931
71637
858070
333797
858095
858088
333795
71657
858086
333800
858083
333802
595942
333814
595966
858100
858097
71677
858120
71690
71693
595993
71698
858138
71702
71709
333848
333862
596014
596001
71723
596003
71725
596004
596024
596029
333875
333885
333887
71744
858188
596045
333899
596062
858198
596055
71777
596072
333926
858222
858213
71788
71793
596088
71795
858239
333950
596084
71807
596106
596108
333954
71818
71826
596126
858287
71843
596138
71844
333996
71850
71858
334006
858290
71870
71875
858315
596160
858310
858305
596187
334038
596188
596190
858325
71901
334042
858350
596195
71915
334058
71920
71926
71929
596209
334073
334072
858380
71943
71942
596225
334095
334094
596228
858371
334090
334103
71954
334098
334108
334111
71967
596265
858413
71968
71981
334123
596283
334128
334130
596273
858420
858423
334142
858422
334137
71999
596279
334149
334151
858441
596301
72004
596300
72007
72008
596288
72011
596290
596312
596318
858458
596305
72027
858450
72030
334176
72040
858470
72042
334185
72044
334186
596347
334198
596346
858488
858485
334207
596343
858505
334221
858502
858497
334229
72080
858524
858527
72082
334224
334239
334238
596372
72099
596397
596396
858539
334248
596391
596411
596410
334259
596415
334258
334271
72122
72129
72131
334273
596431
334285
72137
858562
596441
334293
858588
858591
72146
72155
334298
72165
72170
858598
858595
334324
858623
858616
596478
858618
596464
596469
334342
858632
858624
334347
596487
596507
858654
72213
596510
596498
858643
334362
72229
72231
858660
596512
858662
72237
858657
858659
72253
334395
858701
334406
596556
72263
858691
596570
858713
334431
72283
334425
334424
858707
596585
596584
72291
596589
72295
858731
858730
596576
596579
334441
858721
858720
72303
858749
858751
334451
596594
334456
858739
858766
334465
72326
596609
596608
334479
596612
334475
596614
72338
858777
334482
596626
72353
596653
596654
858794
596640
334511
334517
334513
596669
72376
858804
334527
596658
72378
334521
72381
334520
596660
596663
334522
72385
858830
596684
596673
334540
72395
72394
596674
72401
334549
72400
72402
858846
72405
334545
858840
334553
72418
858856
72424
334574
596708
858851
334580
596730
72434
334579
72438
72444
72447
72448
596744
334605
858884
596741
72463
72464
596767
72470
858922
858917
334639
596774
858943
858942
596794
334641
596788
858928
596790
334656
858955
334669
72520
72525
596807
596830
334674
334681
72542
596841
334695
72548
596844
72551
334701
334702
72558
596857
334708
859002
72566
858997
72568
334718
858998
72575
858995
859021
859022
596877
859019
859015
859011
72592
334739
72601
334748
334747
859026
72606
859053
72609
334759
334753
596910
72616
334764
334761
334762
596923
596915
859057
72636
596919
334796
72655
859074
859103
72660
596958
334813
72667
334808
596951
859113
72679
859114
596974
596963
72682
334825
596984
859134
859124
334846
72701
334853
597001
334855
597002
334861
596992
334862
597016
334865
72725
859162
597008
597011
334873
597015
334874
334884
334886
597024
334890
859199
72758
72761
859190
334910
334915
597056
72778
859206
859201
334921
334920
597060
597080
72787
859225
597085
597084
72788
859227
597078
72805
72807
72808
72821
859256
334960
334973
72827
334975
334974
597111
72831
334970
334980
334982
597133
859271
334991
334984
597126
334997
859290
859283
597163
72871
72877
859297
335016
859299
597158
335029
859326
597180
72884
859319
72890
597173
72892
335047
335046
72898
335054
72908
859331
597191
859355
335068
72922
859345
72924
72927
335073
859361
72940
335095
597242
72948
72950
72952
72966
859398
859393
72973
859394
597273
859423
335120
72983
72991
597270
72993
859437
335143
859432
335139
597281
73002
859424
859426
859453
335159
859454
73013
597309
859450
73018
859441
859470
597322
859465
73031
859457
335178
73041
73040
859481
597340
335197
73049
335196
73048
859473
597355
73065
335212
859492
597346
73071
597368
73079
597374
859509
597364
73089
859532
859535
73095
597378
73104
73107
335250
597395
335257
597398
335270
335265
859561
335264
335267
859558
335273
859555
859583
73141
859576
73142
597448
597453
859592
859589
859591
597442
597447
335319
597467
335327
73182
859629
859622
859616
73198
859618
597489
335359
597493
73214
597514
335360
597508
335381
859676
73237
859673
597532
73238
859668
335388
597522
335396
73251
335398
859691
73257
335400
73260
335403
73265
335413
335421
73274
859696
597559
73282
597581
335426
73288
335439
859733
335449
859731
859755
859754
73326
73328
335478
335473
73333
335472
859771
73338
73341
335480
859763
335494
335490
859776
597636
73359
73360
335516
859793
597655
335514
597675
859816
859819
73389
73390
73395
73394
859832
335536
597694
859828
335551
597687
859826
73406
335557
73408
73415
73419
859842
859866
597713
335589
597740
73444
597742
597728
335599
859872
859900
859897
335600
335615
859889
859888
859918
73477
859909
859908
859906
859932
335639
859934
859929
335633
73492
597788
73498
73503
73502
335642
597801
73507
597807
597806
73512
597795
597794
335662
73517
597797
859936
597819
73525
859961
597823
597811
73532
859955
859954
859977
73541
335680
73544
73548
859968
335690
335711
597844
859987
597846
335716
73574
335714
73577
860006
73584
597872
860020
335740
73594
860017
597878
597899
73603
335751
860042
860036
860038
597890
860032
335765
597915
860057
597907
335774
597906
335781
73637
73636
73639
335789
73641
335788
860066
597944
860095
335798
73652
860088
860085
73660
335813
860105
597964
597967
597966
597958
73680
73685
73684
597969
860116
73692
597975
335834
335845
597995
335842
73705
860133
597987
597988
73715
335857
860155
598000
598005
335867
73728
73730
598029
73732
335880
860163
860189
335890
860186
73752
860176
73759
598038
73765
860201
335906
73766
73769
598050
598053
860214
598066
335943
73795
598095
73800
860230
335950
598105
73812
73815
73814
860250
73817
335964
860244
860247
598098
598101
598100
860269
73824
598127
335983
335982
598117
598118
860285
598139
860281
598141
73844
598142
598133
73861
336002
336013
860295
73867
73869
73868
860316
73876
598162
73885
336024
336033
336034
336045
73896
860327
860321
598180
860323
336053
336055
598207
860347
336051
860364
598220
860363
336077
73928
860358
336074
73937
336086
598237
336083
336095
336091
336090
598248
598254
598241
860389
860391
73965
598244
73966
73968
860412
336118
73975
73977
860405
598263
598283
73989
73988
598287
860426
336140
860422
336138
74003
74007
598291
598290
74010
860433
74019
860457
860455
74029
336171
336181
860476
336183
598331
336177
598333
598335
598334
74042
860466
336186
860492
860490
336205
336206
74061
336213
598360
336208
598367
336210
860500
598354
74085
336237
336233
336232
598393
74096
860537
74102
860533
598385
336255
860535
74109
860531
860559
598410
74116
598412
336259
74118
336269
598400
598402
336265
598406
74129
598429
74133
74135
74141
336281
74142
336293
336295
74146
598445
74150
860581
598433
860583
336311
74167
336313
74173
860593
598452
74175
860595
336324
598474
598479
336332
336334
860609
336340
74195
336348
598483
74207
598486
336357
598505
860653
598504
74210
336353
598509
336352
336354
74217
74216
860669
598523
860670
598526
336381
860663
74237
336389
74240
336384
598543
860679
598535
860675
598534
598553
336405
74256
860702
860697
336403
598559
336414
336411
74271
860691
74273
74274
860718
336417
336419
860708
74282
598567
336436
860735
860729
74294
74299
598578
860749
74307
860750
598602
336456
74325
598620
860763
598623
598613
598612
336482
860773
598627
336494
74349
74353
74355
598650
336497
598654
74361
598643
860791
860790
860785
74367
860813
74370
598669
860808
74374
860805
74381
74380
336523
860802
336533
336534
860830
860825
598673
336537
598700
336553
598692
336552
860861
860863
74424
74430
74433
598728
598732
336576
74439
860874
336589
74440
860871
598745
860892
598747
598746
74452
598751
860890
74454
860880
74464
74468
336623
598757
74479
860899
860924
860927
74482
860917
74488
860919
74495
74498
336640
336649
598790
598808
336662
336669
860950
860944
598804
860946
336666
74529
74531
336678
74532
860968
598831
74536
74538
336680
74543
74545
598847
598846
860981
336697
336699
336709
598856
336710
336706
336719
598855
336715
860994
74574
861020
598879
598878
74584
861012
861014
336729
861011
74597
598880
74600
336750
861025
598905
861049
336764
598896
74619
598901
598903
598921
861070
336774
336768
74633
336781
861060
861057
336779
336778
598918
598936
861087
336790
74648
74651
336799
861078
74661
861096
861092
74668
74675
861113
598961
336829
74683
861107
74687
336839
598988
861131
336835
336834
861125
861124
336847
74698
336843
599001
861150
74712
336862
598997
336859
598998
74720
861167
336870
74726
336878
599012
74732
599037
74741
74743
861178
861173
336893
74744
599028
336903
74763
336919
336915
599071
336925
599061
861200
336923
599080
74784
599086
74790
74798
861245
861247
599099
336945
599100
336958
861232
599094
599115
861262
74824
599109
336983
599131
336978
336991
599124
599127
599126
861266
74846
599145
74848
861294
336993
74856
74858
74863
74873
74875
337016
337019
74880
599176
861323
74889
74888
337038
861313
337032
599187
74908
74913
599209
599211
74917
74920
599200
861345
861347
74927
599224
74932
861370
337074
861384
74951
599235
861377
337096
599259
337105
861396
599250
599253
74975
74979
337126
337121
861411
337141
74992
337142
337138
599294
337149
75003
861452
337158
599308
337155
337154
337161
75025
337172
75024
861464
75030
599313
861463
337182
861458
337191
861487
861486
75047
337198
599330
861473
337195
337207
75063
599359
337209
861488
861516
75074
337218
599362
75084
337237
599387
861534
861530
337234
75096
599381
337240
75100
861550
599399
75118
861561
599420
75124
75127
337279
75135
599433
337285
861580
337287
599438
861572
337295
861571
75151
337301
337304
599447
599467
75170
599468
599471
861603
337334
599484
337330
599477
337336
75202
599500
75207
337346
75209
861637
861638
599490
599492
75216
599505
861655
75228
599510
861650
337377
861673
75237
861672
599535
599522
861665
75249
861693
861689
337407
337406
337401
75260
75265
861709
337409
337410
599556
75279
861699
599577
75281
337431
75283
337425
75288
599571
861718
599575
75295
337435
337444
599597
861738
75304
861735
75312
861758
337457
337456
599615
861754
861749
599605
337464
599607
337479
337485
599616
75344
75351
599646
337498
75361
861804
75360
337511
599662
861797
861793
599653
75372
599654
75376
337527
75381
337529
75389
599669
337543
75396
599680
337550
75407
599686
75416
599721
75427
599722
75431
861861
75432
337577
861859
337579
75438
337578
599737
75443
599739
337590
599738
337597
75455
861875
75454
75457
861903
861896
75460
861899
337613
75469
599749
337611
75472
337620
75477
337617
861914
861905
75486
599785
861935
599787
75490
861929
599779
75498
861921
861922
861948
861944
75513
861940
337657
861939
861938
337669
75523
75524
599822
861957
861959
861952
861954
337684
75539
337693
337694
861970
75554
599850
337697
599852
75563
337711
861986
337716
862011
75574
75584
599880
75587
75586
862025
75590
599873
75595
337756
599888
862057
337763
862058
337773
75625
862052
337772
75624
337768
862078
75636
337785
75645
75644
862092
862094
75650
75656
599940
75663
599943
599961
75667
862105
599966
337810
337822
599957
337816
337829
75680
75687
599982
75689
75691
337833
337845
75703
599999
599984
599986
862130
862156
600000
75720
337871
862145
600004
75727
862147
75729
75730
600017
75736
600016
75739
600018
862161
337893
337889
337888
337897
75761
75762
600060
75768
862199
337918
862222
600077
600076
337920
75783
600078
75788
337941
337940
75799
600081
75800
862231
337947
862226
600105
862252
337959
862255
862248
337952
600111
600098
75818
600123
337974
75830
600114
600116
600119
337978
862285
862284
337990
600152
600150
338016
600174
862314
600162
862304
338039
338032
75892
862328
338034
338044
75899
600182
862351
600203
338051
600206
862342
600197
862336
600196
862338
600222
862354
338074
75937
338084
600235
75940
600239
338082
75942
338093
862373
600224
862370
862397
338109
862391
75962
862387
600246
600271
338125
75979
75980
75984
600287
600275
338137
75998
76002
338145
338144
862440
600303
338153
862432
76016
862463
600317
600319
862459
338168
76031
76030
76039
862475
76044
600324
76046
862494
338198
338195
76057
338213
600360
600363
76069
600365
862501
600352
600355
76074
338217
338216
600359
862525
600382
862522
862519
338235
76094
600395
338240
76105
862533
338252
338255
862529
600390
76110
862556
600408
600411
600405
338264
338276
600429
338272
862570
600417
862561
76143
338283
338293
338295
338294
600445
76149
862586
338301
338300
338302
862577
76159
600438
338309
862606
338310
338307
600449
862596
862599
862592
76177
76176
600476
862613
600488
600490
600495
76211
76213
338353
76220
338363
600503
600522
338369
600525
76234
862659
600519
76240
338390
338385
862683
338386
862677
76250
338395
862697
600556
76265
862694
338411
862717
862715
600565
76285
338426
338434
76296
338447
76299
862749
76313
338469
76322
76324
76326
76329
338485
338484
76352
338509
862784
76372
862805
600657
338525
76376
338521
600681
76385
338535
600684
76391
338530
862820
600674
862822
76397
76398
600696
600690
600692
600716
600719
338573
600708
76438
600734
862874
76441
338589
600721
862893
338596
862885
600737
600736
76456
338604
76460
600743
862909
862905
862896
338631
600778
338625
600782
76486
338633
76493
862914
338645
600792
338644
600794
76498
862937
600798
338642
338652
862932
338650
338660
600813
76520
600805
76525
862945
76528
862968
338674
338685
600817
600822
600844
862987
76551
338690
338700
338697
862977
863004
76563
863007
863001
338715
338725
76577
76580
76583
600864
600868
600871
338740
338743
76594
76598
76604
338757
338753
863049
76614
600896
863041
863040
863042
76622
338772
863064
600924
338771
863061
76632
600916
600919
600936
863083
76646
863082
600929
76658
76661
338801
338803
863093
338811
76675
338819
338831
600963
600962
338826
863133
338837
600990
338845
76699
76706
600997
601017
76720
601020
76726
76730
338873
601012
76732
863181
76736
76739
601034
338880
76746
601028
76751
601030
338900
601051
601050
76757
863189
601042
76766
76772
76774
338914
76777
601061
338920
76785
338934
601072
863220
863217
601076
76796
863219
601098
863246
601100
863237
601089
338957
76815
863235
863234
338954
76817
76818
338960
863256
76833
76834
338976
863274
601120
338988
76844
338996
601147
863295
863288
863290
76856
76860
863280
863283
863282
76871
76870
601166
601152
863299
76882
339030
601182
76890
601174
76897
601192
601194
863336
76902
76909
339051
863330
863356
601213
863353
339057
339059
339068
601205
339065
339066
601224
76931
601226
76934
76937
863367
601218
863360
601241
339095
76947
863384
76951
339090
601233
76953
863382
339096
76959
339098
863404
76962
339117
863396
76970
339114
76977
339124
601274
601277
863416
601276
601267
601268
76992
863439
76995
601290
863438
601293
76997
863434
339150
601287
339146
339157
339156
863454
601308
863447
601298
601301
339161
77023
339172
863468
601320
339171
339181
77032
863460
863459
77041
77044
77048
339199
601333
339194
339205
77059
601354
339206
601357
863499
863495
77068
77070
77076
77078
77080
601360
863511
601363
77086
77089
339237
601384
77090
77096
863521
339253
863548
339254
601402
339248
863546
77113
863539
77118
601398
339269
339271
77122
339266
339278
339272
863583
77139
77141
601436
77142
77146
77148
601448
863594
77160
601465
339316
863615
77171
339315
863604
77179
601461
863600
339323
339329
601472
601479
77199
339349
77200
339358
77210
863661
339364
601515
77225
601505
77224
339375
601509
863651
77231
77230
863676
601531
863675
77244
863693
601548
863691
601551
601539
863686
339406
77260
863683
863682
863710
601564
601567
863707
601557
863696
339419
77278
601558
863725
77281
863726
863723
339427
601570
601573
77295
77297
863739
77303
601598
77307
863729
601588
863756
601614
863748
339465
339467
339477
601624
339478
863769
601630
77338
339486
339480
601640
339500
339497
601639
77358
601657
863807
863800
863797
339516
601650
601655
863818
339534
863814
77388
863810
601688
77395
77398
863828
601705
601707
77410
339553
863849
339555
601696
863841
339560
339574
339568
601726
863860
863863
339577
863856
863858
601739
339597
77451
77453
339592
601755
863902
339601
339615
339614
77470
863917
77475
339617
77481
77487
863935
339645
863927
863926
77502
601797
863964
339670
863962
77528
863954
77536
863976
863973
601824
339694
601830
77553
863999
339696
601841
863991
864013
601865
601864
864015
601868
339715
77576
339721
77581
77588
77591
339730
77593
601877
864018
77598
864044
864041
601901
864036
864039
77610
601890
601893
864035
864063
864062
601919
77622
77624
77629
601908
77628
864051
864079
339783
339782
77634
601935
339788
339791
77645
339784
77647
864089
601943
864109
601961
339815
864106
864097
77679
864120
77689
864116
339836
339833
864140
601994
864136
339853
864134
601989
864128
339861
77712
339860
602008
602011
864155
864145
602007
602024
339879
77731
77734
77737
77741
602022
864188
77751
339890
339897
77758
339909
77761
339910
602049
864199
602055
339925
864212
77788
339931
602088
864238
77797
602093
339948
339947
864253
864255
339954
602096
339967
602103
864242
77826
864264
339983
339982
339977
602119
602118
339988
339990
339985
864280
864283
77847
339986
602129
602132
864272
864274
864301
864300
602155
77858
602157
340003
864295
602149
77871
340021
77872
340022
77874
340016
77879
864314
602161
77881
602163
77883
602164
77889
602185
77893
864331
77898
340046
77901
602182
77909
340061
602195
77918
864338
77921
864361
77924
340067
864362
602222
340066
77926
77929
340077
864356
602208
864359
340079
340073
340074
77942
602238
864368
77951
340090
602251
864393
864392
340098
77960
602243
77967
340117
602256
602259
77988
602286
602272
340143
77998
864444
78000
602299
864440
602291
602295
864434
864454
78031
864450
78033
864472
340185
78051
340198
78050
340204
602336
78059
864483
340203
78063
78062
340213
78067
864499
340229
602379
864521
864516
340236
602370
602373
602375
78099
864535
602390
602408
864555
864554
864550
602402
602425
340276
864575
340279
602426
602416
78140
340293
602443
864585
78152
340302
864578
340298
864605
78160
602460
340306
602451
78178
340323
864618
78184
78186
602469
78188
602488
864634
340349
602481
78203
864630
340345
864625
340357
864654
602506
340353
602508
78212
340355
340354
864644
78216
864641
602500
78225
602521
340372
78227
340368
602524
340371
78231
864666
78235
340383
78240
864681
864680
602543
340399
602533
864696
78265
78266
602546
602548
340423
864718
340419
78278
602566
864735
340438
78290
340433
864724
340455
78307
864742
78314
340462
340457
78316
340459
602616
340470
78325
864761
340477
78328
340479
864753
340487
340486
78340
340482
340495
78347
340494
340489
602629
602630
340501
340500
340503
864792
340511
602644
340507
78371
602666
602669
78377
78379
864806
602660
864803
864829
864828
602683
340534
340528
602687
864820
78395
864822
602677
602676
602699
78419
78418
602717
864856
78422
340562
78424
602704
78427
340581
78432
864878
78439
78438
340589
78440
78447
340586
78451
340598
602736
340601
864882
602761
602760
864911
78466
340609
78468
864904
602766
78475
602777
864926
864920
340636
340638
340635
602774
602795
864942
602794
78498
602799
78505
78504
864935
78509
78511
340660
340657
602812
340671
340664
602827
78540
864963
864988
602843
340695
340690
78550
864981
340700
340703
602857
78560
602859
78562
864995
864994
78574
602873
340726
602876
602879
865018
78587
78590
602893
78596
865032
340750
602885
78604
78606
865052
340759
602907
602909
602910
340761
78621
602903
602926
602917
78639
340791
340785
340793
865074
602959
340802
78662
865094
78669
865116
78674
78678
602963
602965
78686
340833
865128
340844
340843
78703
78711
78710
340863
340856
78716
78719
865139
340864
603022
78729
865156
340879
340878
865154
78736
340887
340886
78740
78745
865171
603049
78752
603055
340909
78761
78766
865213
78768
603066
78775
865204
340927
865201
78783
603086
340940
78795
340943
78794
865219
603078
340949
603097
865244
78804
603089
340956
78810
865233
78814
603094
78816
340967
78827
603111
340970
78832
865279
340977
340984
865266
865288
340995
865308
78864
865301
603155
865302
865299
341018
78883
865326
865321
865316
865319
865318
341045
865340
865342
341041
603196
603191
603209
603208
865358
603210
865355
78919
865348
78922
865346
603225
865375
78930
865374
341073
603229
865369
603219
603218
865361
341080
78942
78945
341095
603244
341091
865381
865382
341099
341108
78963
865399
341120
341122
865418
603264
865412
865408
865410
78993
341141
341139
865435
79000
603283
341151
79009
341152
79015
603299
79023
865468
603323
603325
603314
603317
79038
603339
603338
865486
341185
603329
341196
79051
865479
341195
341201
341202
865490
341218
865511
865510
865504
603367
79087
79086
603366
865535
341233
865529
79093
79092
79097
79099
603382
603401
341249
865540
341257
865536
603417
79120
79123
341265
341266
79130
603412
603414
341285
341286
865577
865576
341282
341292
341290
341300
79154
865589
341308
79164
79173
79175
341327
79178
341323
79183
865629
79187
79190
603474
865617
79196
603496
341353
603513
865657
79220
603516
603519
603507
79227
865648
603508
603511
341377
865672
341378
603520
79240
341390
341385
341387
603526
341396
341392
341404
603543
603560
79268
341411
865703
603559
865698
865727
603583
341439
341432
865715
603593
79303
341442
79305
603586
603590
79312
603612
79323
341470
341466
341477
341476
341479
341484
79339
603618
341493
865791
341489
341500
79354
603636
341511
865807
79365
341506
603648
341518
865795
865823
603676
341522
79382
79388
603670
341543
79394
603693
79403
79404
865853
865855
79411
603709
341561
603721
865871
79426
865870
341574
341583
79436
603718
341589
865884
603738
865878
79450
603730
603753
341604
603754
79458
865896
603745
865890
603771
865918
341629
865909
865908
79483
341624
865907
865906
865933
603787
865935
603789
865925
603779
79509
603818
79522
79524
865960
341666
865957
603808
79528
865958
603810
79534
603839
603838
865978
341682
865968
341688
341700
865993
603842
79562
341716
866014
79570
79573
866009
341724
79578
866031
603884
79593
341741
866021
79592
341750
603900
341747
341757
79608
79613
866034
79617
341767
603915
341761
79622
866051
341781
341780
341777
341778
866069
866071
341785
79645
603947
79651
603946
79661
79660
79670
866101
79675
341822
79677
79678
603958
866125
341830
341824
79687
866123
866122
341833
79695
79694
603974
79700
79703
341853
603985
341852
603989
604009
79713
866156
604011
341857
866154
79718
604001
866145
866144
866147
341877
79729
604029
866164
79738
341886
866185
604044
79758
604059
866203
79769
866199
866192
79772
604077
79783
866218
866215
604067
79789
79788
341931
341953
79812
341955
866268
866260
866284
866286
866280
604128
604131
341992
79854
342007
342006
866297
866316
79877
79879
604174
866311
342030
79882
866310
866304
866306
342039
342038
604190
866327
342040
342053
866348
604203
79906
604205
342048
866341
866342
604197
604196
79921
79920
79923
866361
866363
79929
604208
604214
79937
342086
604237
342082
79944
79947
866374
342089
79948
866370
79953
866399
866395
342108
342104
866413
79969
866412
604266
79972
604257
604259
604287
866427
342131
79994
866444
80000
866447
604303
80009
342156
866433
866432
342165
866460
866463
80018
604319
80022
342183
80037
80039
80043
604323
866464
80047
80051
342199
866494
342198
866489
604349
342205
80059
866509
342213
866510
604362
342209
80073
866499
866524
604381
80087
342227
80086
342237
80090
866518
866515
866543
604395
866533
342249
80109
80108
604415
80119
342258
342268
80123
604403
604405
342265
80125
866547
866546
80128
80133
342284
342287
80139
866566
866561
866560
604423
866579
342308
604459
342318
80176
80178
80181
342320
80182
342334
866637
80195
866624
604484
604486
866626
866650
342365
342366
80218
342361
866643
80222
342373
80225
866665
604525
342370
604512
80235
604519
342391
80242
866680
342399
866678
80259
604551
80271
604568
604573
866713
866712
80280
866711
866707
866731
604577
80298
866721
604582
342453
604600
80309
80308
866744
604606
80312
604592
866743
866742
80314
866764
866766
342465
80328
604610
342478
866783
80338
866773
80344
604624
342488
866768
342491
342501
866793
866792
604645
604665
80372
866808
866810
866807
80379
604661
866800
342522
342533
866820
866817
866845
604699
604698
604689
604693
866833
80416
342566
80418
604705
866851
342581
342580
80435
80438
866871
342584
604724
604727
342586
342596
80451
604749
342592
604751
604750
604743
80466
342614
342610
866902
342616
604759
342618
342629
80483
80488
80493
604774
80494
342646
866942
342653
604787
866934
342648
604788
80515
866958
866953
866955
866949
80520
342670
342665
342666
342677
80539
80541
342682
866991
80549
866984
866987
866981
604833
866979
867007
342711
867006
342705
604860
80568
342718
342713
866993
866995
80574
866994
604872
867018
867013
80590
604889
867032
80600
867030
867052
604911
342764
80616
604902
342762
80625
342773
342772
80627
867071
342769
604924
604927
604926
80630
867060
80634
867057
342777
342778
867087
342785
80644
604942
342798
80679
604961
80681
80682
867105
342844
80696
867127
867126
80707
342850
80715
604994
80716
604999
604998
342858
605023
867152
605014
605033
867183
605037
342894
80750
80755
80754
867198
342897
80760
605042
342917
80768
867212
605066
80773
867208
605071
342922
605085
342931
80792
80799
342948
80803
867246
605098
342945
342944
342958
80812
605095
605113
80816
867263
342966
80818
605116
867258
867252
80827
867251
342981
342977
80838
80845
605145
342996
80851
342993
605150
343005
605136
867283
605161
605163
605162
343009
80868
343017
80876
605159
343019
867298
80881
867327
80884
80889
867317
867316
867315
605174
605192
867335
343054
605211
867353
867352
80916
867346
605206
80934
867388
80949
867384
867387
80951
343103
605235
867383
605237
80959
605257
605258
605251
343118
867392
867395
80975
605254
80976
867416
605279
867413
343133
867415
605266
867410
867436
80994
343137
80997
343147
605304
867450
81021
605303
343172
605320
81026
605327
81033
81032
343183
81034
867462
81037
867456
343179
343189
343185
605343
81049
81052
867474
81054
81056
867498
81067
605369
867516
343223
81078
867509
867511
867505
605388
605379
605400
81104
343252
867541
605392
343263
343270
343265
81124
867563
81129
867559
867555
343287
343282
343293
605424
867575
605427
605426
81150
81157
867595
81158
343308
867613
605465
605469
343315
343325
343324
605480
343336
605476
867619
605497
81203
81213
605495
343354
605513
605514
81220
343368
867650
343370
605531
867675
81239
343389
81243
605523
605524
867666
81248
81255
605550
81261
605540
867682
605554
867702
81274
343417
867699
867724
343425
343436
343439
867713
81295
81298
81300
605585
343461
867756
343460
343458
605602
343465
605607
81327
605624
867772
81331
81333
81337
81336
605618
343481
81343
343493
605642
81350
867782
343508
81367
343517
343519
81372
81378
343534
81388
343531
343538
343546
343566
81421
81428
343571
81432
81439
81445
605742
605729
867877
867876
81448
343595
343594
867874
343604
867896
605745
605747
343609
605751
81475
343616
81478
867909
867907
867906
605787
81490
605786
605788
867931
81497
867921
81500
343643
867951
343655
343661
867965
605817
867964
343668
81525
867960
343675
867983
81542
81544
605829
867971
81551
867997
81553
867995
343709
343708
867984
605870
868005
343721
868000
343720
605881
343733
868031
605883
343734
81593
605873
868020
343745
343744
868037
81611
343758
343752
81616
605912
605915
81621
81623
81624
605933
343789
868069
605920
868070
343790
81642
343785
81645
81644
343797
81651
81652
868080
605961
81669
81675
81684
343832
605995
605985
81705
605986
868134
343850
868159
868158
868153
81718
81722
343870
868144
81729
81728
81733
606031
343895
868191
81749
81753
81755
868182
343898
606056
868204
81771
868221
343924
81785
343932
81784
868212
868209
606070
81793
868238
81797
606092
606095
343939
606083
343951
343957
343954
81814
868246
606098
343960
81820
343963
343962
868269
606112
343977
343988
868284
343985
606141
868281
343997
81853
343993
81854
81856
344007
344006
81865
81871
81875
606172
344016
344028
344031
344027
81886
344033
868327
344040
606204
344051
344060
868365
868366
344070
344084
606232
868378
868373
344095
81948
344101
868396
606248
81957
344096
81959
344107
344113
606271
606257
81980
344123
868429
868431
344134
868426
606275
344137
82003
344150
344146
868438
868461
606312
868452
344174
868449
868450
344170
606310
82035
344183
868475
606320
344186
606344
82055
606342
344213
606360
344215
82069
344209
868504
82070
82075
606354
82074
868499
344218
344224
344226
868518
606375
82094
606395
82100
344253
606388
82118
344258
606402
606405
82139
868560
82142
344292
868585
606444
344290
606432
868582
344297
606437
82157
82156
868605
344310
344305
82171
82170
868598
606453
606452
868594
868622
606477
82185
344335
606469
82196
868635
344338
82202
606487
82206
606507
868649
868648
868645
344364
82219
868641
868643
868642
606520
344374
868665
344378
344388
344385
606543
606542
868682
344393
344395
344404
344407
606554
344400
82264
868695
344411
82270
344421
82273
606571
82283
606585
344432
606588
82297
868726
868722
606582
868747
82315
82317
606599
344465
868756
344475
82336
868783
82339
344482
82344
606627
82353
344501
606648
868796
868798
344508
868790
82373
868810
606680
82384
82391
344536
606679
606703
606702
344557
606695
344554
82417
868857
82425
82426
344571
868877
868876
606728
868879
606730
344582
82434
82436
82438
868870
82442
82449
868894
82456
344607
868880
344600
868909
344612
82467
868910
82469
344608
606753
344620
606754
344618
868925
868926
606781
606780
606782
344636
344638
606772
868941
868940
344646
606797
82503
868938
606784
344654
606786
344650
82512
868959
344656
606801
868948
82527
344666
82528
606827
868965
344684
344681
868962
606841
606842
868982
868978
82558
869005
82572
869023
344721
82586
82589
82591
869011
869036
344742
606894
606883
869025
869024
869027
606887
869055
606909
869049
869048
606910
82618
869046
606921
82625
82624
606924
344778
82638
606918
82641
344789
344785
606940
606931
82653
606935
606956
82663
869098
869116
606971
344822
606975
869108
344828
82680
82685
344827
344837
82688
606988
82694
344845
606977
82701
344840
82705
869148
607005
869145
869144
82711
82710
606993
344863
82714
869142
344862
606997
869167
82723
82725
82726
869157
82728
344875
869154
82740
344883
82745
869175
344894
869168
869171
82752
82754
607043
82767
82768
869209
82774
344924
869204
344927
869201
82783
82787
82786
607087
82791
344943
607077
607076
607079
869245
82800
344948
82803
607098
607103
607090
607093
82817
607112
869263
344961
344963
344974
344969
82831
82837
869272
344979
607134
869268
82842
869294
607146
607137
607136
345000
82867
869305
82870
607156
82879
345030
345025
607181
869317
607168
82888
607171
869319
607170
345033
345035
345044
607197
607199
82906
607191
869331
345062
869358
345068
869348
607207
869372
345076
869369
869361
607223
82944
607242
607244
869387
869400
869398
607255
607254
869422
607276
82989
345131
869437
869433
345139
869435
869434
607281
83004
345147
83021
607300
83023
345162
869442
869469
607321
607322
345174
83030
869487
607338
869481
345186
83048
607328
345196
345199
607333
869473
83063
345212
345214
83068
607369
869508
607363
869510
345224
607386
869528
345232
83095
869524
345244
607379
607380
345242
345252
607400
607403
83113
869542
83114
869537
345256
607399
869567
345271
607418
345265
607422
869562
83130
83133
345275
83134
607414
83143
869571
83150
607450
607440
83163
607442
607444
83169
869612
607466
83170
869609
83172
83179
869607
345323
83183
83182
83185
869626
345351
607498
345344
869637
607491
869639
345364
345367
607517
83223
83227
607511
869676
607523
869670
83244
83251
607547
83258
869681
345413
607554
607557
83276
345428
869720
83284
83291
869713
83293
607575
345445
607592
83298
869733
83309
607609
83313
83320
345471
869744
607607
607625
869774
345473
345474
869770
83336
83338
83343
607623
607641
869789
607646
869781
607634
607636
869778
345509
869803
869797
345517
345519
607651
83373
869792
607652
83383
345529
83388
345543
869838
83397
83401
345550
345545
607687
345547
83407
607709
83417
345563
869843
869842
345569
869861
83435
607714
345582
607717
83436
607737
607733
345592
869872
607755
83465
607747
345611
83472
607774
607767
83487
869906
607789
869930
345644
345641
607781
83500
345642
345653
869949
83507
607795
869936
607817
83525
345664
83524
869962
83528
869956
83535
607814
607833
83540
607839
869978
83545
83549
607828
869997
345697
869992
83563
83562
607868
870010
345720
83582
607885
870025
345730
83593
870023
83594
345736
83596
83604
83606
83609
345758
345755
83616
870053
607904
607907
83629
83635
607932
607935
870074
870071
607923
870064
870066
83648
83651
83653
83654
870085
345804
83659
607943
83662
870108
345814
83666
345809
345808
870101
870100
345816
870096
83676
345818
870124
83682
870119
607972
345835
83695
870140
83696
83703
607998
83702
870138
607991
345851
83715
608010
870153
608003
608026
870174
345878
345886
345880
870163
345882
870162
870190
608042
870187
608032
345900
870206
608058
608061
345907
345906
870199
345923
83782
83787
83786
83790
345930
608070
83792
345943
608091
345938
870228
608083
345951
608082
870230
83802
870224
870227
870252
870255
608106
83810
608109
870250
608096
870244
83821
870243
870264
870261
83833
83832
870262
608116
608119
83840
83849
870276
345995
608152
870297
870295
870294
870290
346022
346029
83883
346027
83897
83896
608179
83901
346040
870322
346052
608202
346049
870345
346048
870346
346060
870343
346058
346068
346071
870356
870358
608212
83934
83936
608232
870382
608239
346093
346092
83944
346089
83950
608250
346110
870384
608244
83973
870410
608256
83976
346126
83978
83981
83987
870423
608276
83996
870418
608297
608296
608298
870443
346146
870436
608292
870434
346161
870459
608319
346173
346175
870448
84032
346182
84038
346191
870471
346187
84048
870490
608337
870485
870484
84061
346202
346214
346209
84068
84071
870496
84079
870499
608358
346230
608381
346237
346233
870542
84104
608387
870535
346254
346250
84112
346263
870559
870554
608401
608400
608402
84125
870544
346267
870574
84133
346273
84132
346287
84140
346292
84151
608446
84150
608433
346301
84157
870578
870605
346310
608449
346316
84173
608455
346327
84180
346335
346328
870610
84193
608489
346341
84192
84194
870625
870627
346346
870653
346357
84208
870655
346359
870654
608509
84212
346365
608501
346361
870669
870670
346381
608517
608518
608537
346389
608539
346384
870680
84247
346397
608535
608557
608559
346402
870695
870694
84276
870708
608562
870710
84285
346425
608566
870706
870732
346438
346432
608590
346443
870723
870722
84310
608606
870741
346459
346458
870766
608623
84327
608609
346474
84336
870775
608629
608631
608648
608650
608653
608652
870792
84361
870791
346505
346506
346524
870800
84383
870824
346531
608676
870818
870845
84405
84404
608703
84416
608712
346564
870863
346560
608704
608706
608709
346568
84442
346587
346596
346598
870888
870891
346604
870884
870886
84460
346610
608755
84474
346631
346638
608774
84501
870933
608784
84506
84509
346650
84510
84514
870951
84522
608805
84526
346677
870969
346675
870970
870961
346680
346693
84544
346694
84549
870985
608847
84551
84554
346696
870976
608851
346718
346715
608855
84574
870994
84582
871012
608869
84590
871038
84594
871029
346745
608884
346757
871052
84615
871051
871045
871044
84620
346762
608922
346771
84634
871058
346789
871087
608941
346786
346793
84652
84655
346794
84657
84660
608944
871094
871089
346808
871115
84678
871111
346824
346827
346826
84691
608986
346833
346835
871120
346851
608993
346863
346859
346868
346871
871166
871157
346876
871152
84736
346884
871179
609029
346890
84750
609051
609053
84756
871192
84759
871188
84760
609043
84762
346904
346907
871186
84769
84771
346914
609057
609059
346926
871229
871230
84791
84790
609097
84803
346944
346946
84816
84818
84820
871259
346962
346968
84830
609133
84840
84843
346990
346985
84844
346987
609147
346992
347005
871285
871282
609162
871307
84875
347017
871296
84879
609177
609176
347028
347031
871327
84885
871320
347037
871316
871319
609171
84893
609175
871315
347047
347046
347055
84910
871357
84917
84921
347071
609202
347067
609224
609227
347072
84932
84937
347081
609223
871388
347092
609245
609244
84952
84957
609237
84956
609239
347109
347110
347104
347107
347106
84971
609250
84975
871394
84976
609272
609279
347133
84985
871409
347129
871437
609288
609291
84994
609295
85002
85005
871425
85004
609286
347156
871454
347153
609308
609296
347167
85018
347160
347163
609302
85022
347169
347168
609315
347177
609319
871458
871481
871480
347187
85049
609333
347193
85053
609334
85056
871500
347204
609356
85064
347208
871488
347223
85085
347227
609366
85088
609384
609387
871523
871549
85105
347252
871546
85115
347256
347269
871563
347278
347284
871582
609426
609429
85149
871588
871586
85169
871615
85171
609469
609471
609457
871603
85187
871631
609482
871630
347328
871617
85196
347359
609491
85215
609495
85217
347367
85220
85223
609505
85225
85226
871649
609510
871677
347383
85235
871671
347386
871693
85253
609548
85254
609536
347407
609538
871683
85266
347414
609564
609567
609553
85283
871726
347427
347432
85295
347446
347452
85306
347461
871753
871749
85325
85327
609607
347472
347475
347474
609617
85339
609619
871767
609621
347480
347482
85342
85345
347494
85346
609645
871784
347503
871805
609660
85369
347516
609651
347518
347512
609675
347521
347520
871819
609667
609669
347530
871837
85394
871832
347538
609681
85404
871824
85407
347546
609704
347559
871854
347553
85416
609698
347566
85421
871841
347561
871869
85424
871871
609726
85433
871858
871884
347590
85445
347584
871877
85448
871872
85455
347594
609758
85468
871888
85471
347621
871917
347617
609762
85485
85484
85487
871932
347639
347638
871930
609783
347642
347661
85515
347663
609795
609796
85519
871967
347670
347664
609820
347666
871957
347679
609838
347695
85546
347691
871997
85554
347699
871990
347707
609867
609866
872014
872005
85577
609859
609862
85582
609880
347735
872025
609885
609873
85592
347742
872017
609876
347749
872044
347748
85606
347746
85608
347759
347758
609895
85615
609914
872057
347774
347769
609908
609910
347780
609928
872071
872067
609927
347799
85652
347792
609940
872109
85666
85668
609955
872122
872117
347839
85691
872118
609970
609993
872143
872142
609994
609999
872133
872135
85709
609988
347850
872151
85725
872144
872172
872174
347875
85744
872188
85747
85746
872190
872187
347903
872176
85764
347904
872193
872194
347926
85781
872219
610065
872212
85784
610066
872208
872211
347931
347941
610088
85794
610093
872234
85802
85805
85807
872253
85812
872251
85815
610110
872240
85830
610138
610131
347998
85850
610132
610135
348006
85861
610157
348000
610156
872296
85860
610145
85866
85869
610151
85873
85877
610175
348031
348024
348038
610186
348044
610181
348042
348053
610200
872351
85910
872340
610195
872338
610216
85923
85922
872362
610211
872358
348075
610214
610232
85940
872379
85945
348093
348092
85944
85949
610230
85953
85959
610242
85962
348105
348113
872403
348122
85984
610280
348131
610286
872420
610275
85999
86000
348146
872442
86009
610288
872433
348152
610295
610314
348162
348173
610309
86031
86030
610310
348180
86034
348177
348176
348179
872471
86042
610322
872491
610350
610337
348207
86063
872482
86064
610362
610352
86076
872499
872498
86078
86082
610378
86084
610383
348226
610371
348234
872533
610389
86108
348261
872559
86115
872553
86123
610402
610405
610404
348267
610425
348277
610424
610417
348284
86146
348289
348288
610444
348300
872605
86163
348305
348306
86170
872598
610472
348320
610465
348329
610470
610491
610493
610481
872630
86205
610485
872652
86208
610508
86215
86225
86231
348376
872659
610536
86255
610552
86256
610557
86262
348402
872693
872692
86264
348415
86270
610571
86274
872712
86276
348419
348430
86285
610564
610566
86291
348432
86292
86299
610578
872751
348455
872740
610594
348458
872767
348465
610623
872762
348477
86329
610636
348483
348492
610627
872769
610631
348500
610648
348497
86356
86358
610642
348510
348507
86366
872813
348519
348518
86373
348515
610670
86374
610657
86379
348523
872830
86386
348530
610674
86394
872822
86396
348549
348548
872841
610703
610702
86406
610689
872836
872838
610693
610712
348564
872862
610716
610719
86424
348572
348568
348582
348576
872875
872874
610721
86443
610722
872870
348584
872867
610745
610744
610739
872886
610742
348612
872911
610765
86471
610767
610754
872896
610756
348619
348630
872922
872917
86491
348639
872919
610775
86495
610774
348645
872940
872943
348640
872933
872929
610813
610814
610804
348666
86533
348672
610831
348685
610840
872988
872981
348696
348708
610859
348704
348706
610862
610852
348724
610878
610865
348732
873014
86588
610871
348730
348740
610891
348737
610880
610905
873049
610908
873045
610897
610898
348772
86624
873068
610923
86628
873060
873085
873080
86646
86651
86652
610935
610934
873074
873103
86658
348800
348809
86670
873118
86681
873110
86682
86687
610985
873134
86693
873128
873131
610977
348844
873127
86698
348846
611001
873145
348857
610996
873139
86719
611017
86720
348868
86728
348878
873158
873153
86736
611032
348883
611038
86742
611027
611026
873171
611051
611055
348909
611041
873213
873215
348919
873211
86779
86781
86783
86782
86785
348932
873225
86788
611072
348948
611098
86808
348958
86812
611113
873260
873263
86820
348963
611118
873258
873253
611104
86833
86835
873279
86837
873272
348976
611121
611120
348985
611125
873267
873289
86855
349005
349004
349007
86858
873283
873310
86880
611171
86894
873340
349047
611199
349049
349051
86912
86925
86927
611225
873372
611229
873370
611217
611216
349087
86939
611242
611234
611237
873405
86961
349105
873399
611252
349125
611272
611275
349126
349121
873417
86980
873419
611278
86989
349129
611268
611289
873435
611280
349147
611305
611311
87024
873471
349170
873462
611314
873484
611336
611339
87042
87045
873477
349195
611353
611352
349200
873499
87062
349213
611349
611369
87075
87079
611375
87078
349229
349224
611366
611385
349238
873528
349234
873530
611376
873520
87105
611400
349254
611405
349248
87110
873542
873565
349270
349267
349266
873562
873557
349276
349273
873580
611435
87138
87141
873573
87144
87147
87146
873598
87154
611453
87156
87159
349309
873588
87160
611444
873587
349312
611461
873603
611463
611473
873621
873623
611474
349349
611498
87205
873641
873642
349346
611492
349354
349365
611513
611517
349360
349373
349372
349370
611510
873678
611533
611534
349384
611527
349387
349397
873692
349394
611536
87261
349400
349413
611563
873705
611565
87271
87273
87272
349420
611555
349423
611554
611581
349424
349427
349426
87293
87295
611593
349445
611592
873740
349453
87310
349457
873749
873745
349467
611607
873773
349476
873761
349480
873762
873785
87348
349488
87357
87358
87365
87364
873795
87374
873822
611665
611669
87389
87391
611681
611682
349544
873855
873854
873848
87417
873844
349562
611725
87438
349593
611756
87462
349611
87479
349628
873911
349630
349625
87487
873906
611784
873932
873935
611791
349634
873930
349644
349640
873923
873922
611782
349652
873950
873945
349648
611793
873941
611792
87515
611794
349657
611797
873936
87516
873939
873938
611817
873961
87529
611811
873954
87537
873981
87536
87539
87538
87541
349695
873968
87550
873997
873996
349696
349698
87558
873984
611844
87567
349706
873986
349717
611864
874014
87581
87583
874002
87587
87586
87591
349730
874020
87599
349749
87601
874041
874040
874038
87617
611912
87619
611914
874053
874052
874055
611906
874077
611929
349781
611928
874076
87635
874078
349779
87639
87642
611947
611949
611937
349807
611941
611940
874080
611960
349812
349820
349817
349819
87679
611958
874124
611979
611980
87692
611972
874141
874140
349841
349852
611987
349860
612008
612013
349869
87722
874144
612007
87732
874171
349875
349885
87737
874165
874164
612016
874162
874180
612056
87763
349906
874197
874193
87772
612054
87777
874221
349926
349920
349923
349933
612069
87791
612070
349940
87794
612093
874228
874231
874253
87811
874249
874250
612096
87818
612098
349966
87821
874241
612121
349973
874264
612126
874266
874261
874260
612114
87838
349986
87848
612132
350004
87859
350007
87863
350003
87867
350014
87873
612168
874319
874313
612161
350028
874311
87885
612165
874304
612185
350036
612184
874335
87906
612206
87915
612194
612199
87919
350058
612219
612218
350065
612223
874363
87937
612233
612234
612236
874379
612238
874378
874373
612228
874393
612253
350099
612254
87961
350105
612246
87969
874409
350115
350133
874428
612282
874421
350143
874423
87994
87997
612279
88009
874439
874433
88012
350155
874460
350166
612314
874452
612306
88028
874451
88030
874450
350181
88035
88036
350176
612335
874474
88041
88045
874467
874495
350198
612351
612350
612336
874481
350200
874480
612360
350214
88068
612353
350221
350220
612357
612377
874524
612380
350238
874513
350233
88092
350234
88105
874557
88112
612411
88123
88124
350264
88128
874575
350278
88130
874590
874585
88150
350302
612437
612436
874576
88159
88161
874607
612458
350304
88166
874599
612453
350324
612474
612476
874613
874612
88189
874610
874637
88192
874639
612491
874638
350336
350339
88198
612484
88211
612506
350353
88215
874650
874647
612501
874641
874668
88224
350372
874670
88229
874667
350370
88234
88237
350388
350390
612541
88247
88249
612531
874672
874701
874702
612557
88262
350413
612546
612549
350421
874716
874718
612560
612563
88282
874707
874730
350434
350445
88297
612576
88296
88305
88309
350449
350448
88315
874737
88319
350458
88318
350471
874757
874759
874754
88334
612633
612624
874775
88346
88353
88356
874788
350511
88369
874814
612669
88377
350526
874801
612680
350531
612686
350543
88395
88396
88398
874847
88409
612689
350554
350564
612714
874858
874853
88427
350581
874873
612735
88447
88446
88449
350599
612750
88454
612736
88459
88460
874911
88466
350614
350609
874904
874901
612754
350629
350631
88485
88484
88493
88495
874915
350635
874937
350652
350655
874928
612791
350650
350660
612808
350662
88514
350669
350671
350664
612826
874969
612829
350672
88532
612831
612821
350680
612847
88550
612832
350702
874977
88556
612836
874979
612859
88564
350704
874997
875020
875018
350731
612871
612888
875038
88596
612894
612880
88602
88605
875027
875026
88611
88612
612911
88616
350761
88621
88620
612913
350783
612915
875057
612917
875085
612937
88643
88642
350797
88649
612930
875073
875075
612934
612955
875103
350807
612956
612959
350802
350815
88668
88670
350823
612970
350819
88679
875109
88680
875108
350825
875105
88688
875132
612987
88690
612991
350845
612977
875127
350840
350842
612982
613000
88707
350849
875144
88712
88717
350869
88720
88722
88727
350876
875183
875177
350880
875176
875179
88743
350882
613038
88744
88746
350901
88753
350900
613048
88752
88755
350902
875195
613054
88758
88765
613064
613071
875204
350932
350930
613072
875220
350942
875246
88802
350946
88815
613095
350955
350954
88817
350964
613115
88820
88823
613119
613129
88835
613130
88841
875267
350986
875285
351011
875300
351019
613177
88880
613181
613183
351027
351034
88897
613193
613195
351046
351040
88902
875332
613186
875329
875331
351050
875330
875353
351056
351069
88921
351070
88928
613216
875364
875366
875361
875390
613245
875384
875386
351099
88961
88970
875421
875423
88979
88980
351135
613271
613270
88994
875428
875431
875425
351147
351156
89014
351160
875468
351172
351175
351169
875464
89037
875457
875456
351191
89042
613328
875479
89051
351198
89058
875502
875496
89060
875492
89068
351208
875491
875517
613369
875516
89075
89077
875514
89078
89081
351230
613365
351237
875534
875525
875527
351243
89107
875551
351249
875540
351257
89116
613399
351269
351270
875566
875561
351264
351276
613410
351272
351287
89140
875576
89145
875569
89157
875592
89159
613454
875594
613442
89169
613466
613469
875604
875606
875601
351333
89186
613482
351328
875627
351331
875623
875622
875619
351351
351350
351344
89213
89214
89221
89220
351373
89225
613504
351371
351380
351377
875674
351389
875671
351384
89250
89255
875690
89257
613539
351401
89263
351413
875709
351414
875710
613567
89272
613556
89278
875724
613581
89295
875715
351446
351454
89309
351448
351450
89312
875758
89314
351456
875749
89320
89326
351478
351473
875768
89335
875767
89342
875762
875789
875788
875781
613637
875779
613659
351510
613658
89365
351519
351518
89378
613679
875814
351534
89388
89396
351547
613706
89417
875845
875847
613698
875843
875842
89429
89428
613724
89431
89435
89437
351579
89441
613739
89442
351585
875877
875879
613730
875875
613734
875897
89463
89464
351612
613746
351609
875890
351617
613773
351616
89478
875911
613763
613762
875930
875920
351640
351643
875923
89505
89504
89511
875941
613796
351659
613819
89524
89527
875963
351673
875983
613837
351682
875978
351693
613828
875970
89550
875997
351702
351699
613840
875991
351710
89562
876013
351716
876014
876004
876003
613873
89593
876020
876022
876019
613897
351749
876044
351753
876056
613919
351763
89624
876052
351777
351789
89647
351796
613949
876091
89654
613937
89658
876086
89661
89663
613964
351821
351820
351818
351824
613969
613975
876115
351834
876141
89698
351843
876133
876131
89714
351862
351856
614012
876150
89722
876144
89724
89726
876173
351873
876168
614017
89736
614020
614023
89745
614032
876177
614057
351909
876204
89763
876196
614050
351914
351924
614075
876223
876222
876214
89788
614071
614089
876237
89798
614094
89802
351956
89812
614110
89817
89820
89823
89822
89827
89833
876260
614116
876256
876284
876287
351990
89853
614135
89857
352005
876302
89862
352013
876293
876294
876312
876309
876308
352024
876304
352027
876307
352039
352045
89899
876350
876344
876343
89915
352064
352066
614208
352074
614235
876383
876382
89945
614224
89947
614229
89951
352100
89954
614252
352099
876390
614245
614264
352112
614268
614258
876400
614262
89990
876421
614272
614274
614302
876436
90011
614314
352172
90030
90032
876478
876473
876475
352188
876471
352185
90045
614326
876495
614346
352193
90056
352215
876505
614364
90076
352216
614358
876527
876520
876517
90091
876513
876543
90099
876542
352240
614396
614385
352255
90106
90111
352257
352259
352277
876573
876575
614426
90132
614431
90134
352274
90137
876567
614419
352283
614445
352300
90152
614434
876576
614436
352305
876601
352304
876603
352312
614452
876592
90175
614473
90177
352324
90197
614495
614494
876629
614480
876630
614485
614504
90212
614497
876647
352360
614500
876643
876669
614521
876668
352374
352371
876666
876687
90243
352385
90244
876683
876674
614554
876697
90263
876698
876693
352413
876688
90278
352430
614564
876707
90286
352436
876730
90298
352443
876722
90304
352454
352449
614607
352461
352462
90317
876737
90318
614618
90325
352466
352476
90328
352473
876754
352485
876783
876777
90343
90350
876793
614652
90359
352498
90363
876786
614664
876810
614661
614662
876802
352532
90386
90388
352530
876826
614672
90397
876816
352550
614689
352559
876832
352555
876834
352554
614713
876861
90420
352560
614716
614704
614707
876849
90428
90431
90441
352589
352588
876868
352585
876866
876893
90453
876888
352592
876890
90457
352604
90458
90464
614765
90468
90473
90472
614755
876902
90476
876926
614780
876922
352626
352636
614771
90490
876918
90492
352634
876941
90499
90500
90505
90511
876957
352660
352662
614804
876946
876975
352685
876967
614819
352683
90542
614841
614840
614843
614845
876984
614833
614834
90556
90559
352698
90558
352708
614856
90564
352713
876995
614873
352725
614875
352726
877016
877019
614878
352732
352729
90589
90591
877038
352737
614893
90597
352739
352751
614885
90612
352755
877045
614899
877041
90620
877068
352768
90635
877081
90644
90649
877074
877101
352804
614955
614954
352802
614944
614946
877094
90671
614968
352822
90676
877112
877114
614974
877108
614963
90685
877131
877130
614976
877120
90700
90703
877150
614993
877164
615018
877166
877160
90726
615009
615008
877156
615010
352872
877155
352874
90737
352885
90738
90743
615038
615027
90746
352891
615051
352899
615040
877190
90766
877212
615067
90772
877205
352920
615063
877203
352931
90794
877222
615101
352947
352957
352953
90812
352952
877235
352954
90817
877257
352960
877258
352975
90829
90836
90842
877292
90853
352992
615141
353000
615162
615165
90868
877300
90876
615156
353029
615177
877327
615178
877320
615169
90891
90894
615192
353046
877337
615199
353054
90906
353050
877356
877352
877354
877348
877346
353077
90931
877374
877370
353087
90943
353082
90945
353095
615244
877384
353090
877380
353102
90954
615239
90960
877404
877406
90965
353118
615255
353125
615272
877422
877416
353132
877414
615266
353140
90994
615290
90998
877429
615283
353150
877430
91004
353147
615287
91009
353157
91008
615306
91014
353161
877443
615302
877469
615320
353169
615324
877467
877457
353178
91042
615343
91048
353199
877478
91053
877472
877474
615353
91060
353202
91065
877493
353213
353212
91068
91073
615370
353222
91079
91078
353229
615360
877511
353230
353239
353238
91090
615389
353232
91094
353245
91096
877527
877526
353241
91101
91103
91102
615382
615400
877545
877541
615392
615394
877564
615419
615409
877583
91140
615436
353293
91153
353300
353303
615453
91156
615455
615440
877588
877612
615464
877609
615468
615457
615480
91186
91188
877624
91193
615472
615475
615477
615479
91199
615501
91205
353347
353358
91210
877632
353360
615506
877650
615532
91241
353390
353384
91251
353404
615538
615542
353412
91264
877711
91266
353414
615553
615557
877723
91287
877719
91291
353438
353446
615585
91307
353455
353454
877729
615588
91308
353450
91312
615611
91314
877755
877751
615605
877747
91329
353476
615627
353473
353475
615619
615642
353489
615637
877779
353510
91365
877801
615649
353517
877796
615652
91374
877794
615677
615679
877813
91384
91392
353540
353538
877828
615682
91404
615687
877854
353552
353554
91419
615701
91421
353569
91428
615726
877863
353577
91437
877856
353578
615741
877880
353606
877897
91460
91462
91464
877891
353623
91474
91476
353629
91481
615760
877904
877907
615785
615779
615783
91505
353655
877944
615794
353658
91521
91525
353665
353664
91527
877959
615812
615815
877980
877983
353686
615837
91540
615838
877973
615824
877971
91553
615851
353703
353697
353696
91561
615844
91566
615864
878014
91574
353727
91581
91583
91582
353722
878031
878030
878027
615886
353738
615896
615901
878043
878042
91608
878032
91612
91616
91618
615904
615909
615911
353781
91633
615930
878073
91636
615921
615922
615925
91644
615927
615951
878109
91671
91677
615959
91679
615958
91681
353825
878123
91689
878143
615996
91707
353851
91711
878157
616009
91719
878147
353877
91731
616027
91730
878165
616017
353886
91741
353881
616023
878162
878188
616040
91747
91748
616046
878176
353899
91767
616063
616051
91773
878193
91777
353923
91784
616071
616070
616091
878239
91797
616080
878224
616105
878254
353958
91813
353954
616122
616127
353970
616115
353983
91834
353976
878284
353984
616142
878279
878296
354015
354014
616150
878317
878319
616173
616172
354018
878308
91880
616163
91885
91892
354035
354053
616201
354060
354062
91916
616218
878360
878362
878359
91933
616234
354086
91943
878373
616227
616229
354088
354091
616253
878392
91959
878389
616242
354105
616246
354114
878404
878406
91978
354121
616263
878403
354135
354129
354128
878421
354141
354143
91994
616277
354136
92001
354148
354151
616298
878446
354144
354146
878442
92011
354153
354154
878460
616319
92027
878454
354180
616333
354179
616334
92038
878471
616325
878495
92054
616350
878490
616337
354204
92059
92058
92061
92065
92064
354208
92071
92075
878497
616357
616378
92082
616380
878522
616368
92090
92101
878539
616385
354262
616410
354269
616405
354264
878547
92126
616425
92128
878574
878569
616417
878564
354284
92136
878566
92138
616421
92140
616420
878563
616422
878580
92157
354296
616439
354309
878600
354306
878602
92168
616453
92172
92180
878618
878615
92188
878610
92192
878634
878629
878625
878655
92213
878649
92212
354354
354365
616500
354375
354374
878665
616515
616517
92243
616540
616542
354399
354392
878674
616534
92259
92261
616556
92264
878694
354408
354411
92275
354418
92285
354424
878733
92291
616581
878722
354453
354454
92306
92314
354457
354456
92316
878761
92326
878756
354474
354484
92343
92345
878772
92347
92353
616648
92357
92361
616645
92369
616667
92370
878814
878811
878810
354527
878806
616658
92387
92389
616686
92393
878823
616678
354551
878846
354550
878836
92415
616712
92416
878857
878854
92428
616730
92436
354588
92440
878864
616726
92449
92453
616739
616738
92464
616763
92467
878910
878905
92469
92468
354611
92475
92477
354616
616759
878899
92478
616779
878920
354626
878917
92489
616771
878918
616772
92492
878912
92495
92494
616774
92497
354640
92500
878935
92507
92521
616803
354664
878968
878965
616821
92543
616822
616832
878983
878977
354697
616838
354708
879006
616861
92565
92564
878992
354715
354714
878994
92577
616873
92576
616872
354724
879018
879012
616871
616889
92597
879026
879053
92609
92614
616910
879040
92623
92627
879071
879070
879066
879062
879057
354779
616937
92644
92647
92648
616930
92653
354792
92654
616955
92660
92663
354803
92665
354813
92671
92673
92675
354818
879111
616965
616964
616987
354838
354835
879121
92704
92707
879147
92710
616992
354856
92725
92724
879156
354873
617036
354882
354895
617049
354900
354899
354909
354908
617043
354905
879184
617067
879211
617061
617060
879229
879231
879225
879226
92797
354948
92803
879243
92807
354947
617088
879238
879261
879263
92819
92823
92822
92824
879252
879277
617130
879273
617133
879272
354979
354988
617124
879266
92849
354997
92851
92850
92853
617148
92859
617138
92860
355000
355003
879283
879308
879310
617166
355020
92875
879302
879297
879298
92880
355031
617179
355030
92882
92885
879323
879313
355033
879312
617197
879339
617185
879333
355054
617191
617209
879356
355060
617211
617210
617212
355056
355058
617205
92924
617206
92931
617230
617217
355085
617216
617221
92942
879389
879385
92948
92951
355101
92957
879377
92956
92958
355108
355105
617249
879396
617248
355118
355113
617252
617254
92974
617274
355132
617267
879409
355130
92992
355143
355139
92999
617287
879452
355152
617311
93016
879447
879446
355163
617321
879461
93035
617314
879485
879484
355196
617331
355199
879473
355195
617352
355204
617344
617347
355215
617349
93071
355222
617373
879515
93078
879510
617365
93085
617367
355239
93095
879525
879524
879527
617378
355240
879551
617406
617394
93114
879542
617396
93125
879563
93127
617422
93129
355276
355279
355275
93137
617432
355287
617424
93157
355296
617455
879589
355305
879612
879614
879609
93172
879605
617461
93183
879602
355335
879625
617486
879622
93194
617474
93197
879617
879616
617498
93202
93205
879640
879642
93208
355359
93210
93213
355364
93225
879648
93228
93231
93233
617532
355378
617520
93243
879671
355390
617527
93249
879695
617550
617564
879707
93273
617553
879703
93278
355425
879718
617592
355444
355447
617595
617597
879736
93303
93302
93309
879730
879753
617615
355464
879773
879772
355478
617626
617631
355474
617617
355484
355486
355491
879782
879776
879779
617649
93369
355519
879793
93376
355526
617674
355522
879815
879811
617670
355540
617688
355537
879831
93407
355559
93411
355553
879850
879845
93419
93424
355572
617723
355574
879865
93428
617713
879860
617714
93439
879858
355591
617741
879882
879873
355604
93461
879898
355615
879888
879890
355621
93472
355620
355618
355629
355638
879928
93497
355644
617778
617781
355642
355653
93504
355648
879944
93508
355651
355663
879942
617797
617816
879967
617818
355679
617811
879980
93543
617824
355689
617830
355701
617849
93552
879996
879998
879993
93557
879988
355717
880013
93571
617866
617868
93575
355715
617857
93580
355733
93584
880025
93592
93595
355743
93604
880038
880032
617895
355754
93621
880058
617918
93625
355772
617906
880048
93633
355776
880072
617934
93643
880070
617924
617926
880091
617950
880085
617938
93661
355801
93660
880125
880127
93685
355824
880123
93689
93691
355839
355832
355847
880142
880138
880132
880128
355850
355863
355857
355858
93721
355871
880145
93724
618007
880172
355879
618028
93739
355887
618020
618040
880188
93746
355888
93750
618046
93755
355897
618036
93760
618062
355917
880196
93772
880195
880194
880221
618073
618074
93781
880217
355920
93780
355931
93793
618089
880233
93796
355939
618081
880224
618087
880227
93810
880254
618111
618097
93817
880244
618123
355974
355971
880266
93833
93832
93835
355978
355988
93843
93842
93849
618129
880279
880278
880301
356007
880302
93858
356000
618156
356012
93866
880318
93877
93876
880315
880308
93883
618163
618166
356036
880335
93891
618176
618179
880323
356042
356052
880350
93908
356071
618223
356066
356076
93930
880354
93937
356086
356080
356093
93947
356095
356094
356088
93951
880397
93957
618255
618240
356105
880412
93971
618266
356118
93972
618268
618258
93983
93985
880425
93990
93993
618273
880420
618278
880418
618300
94007
94009
880437
94011
94023
618319
880449
880451
880450
618329
618330
94036
356189
880468
94044
880467
618344
356199
618347
94050
94055
356201
356203
94067
356210
94073
880503
94078
618377
356228
94083
94087
618382
880522
880519
356233
618392
880540
618399
618384
618389
880531
618408
618410
618415
94119
880548
94123
880551
94125
618407
880575
880569
356274
880587
618432
94155
618436
94162
618449
880595
356325
880621
356324
618475
94185
618465
618467
880608
618470
94192
880632
356349
356345
356357
356358
356354
880646
94218
356366
880641
94226
94230
356376
356378
356388
618543
618531
880678
356392
94255
94256
94258
356403
356413
94264
356415
94268
94273
880713
356416
94276
880712
356419
618574
94287
880706
618566
618584
356433
356435
356434
94297
618576
880724
356447
880727
618578
618581
618580
880723
94303
94304
618603
356448
618607
356451
356461
356462
618597
94319
880739
618598
880738
880765
94323
618621
356467
94329
880758
94332
356475
618614
618636
94340
618627
618631
880796
618654
94361
94360
618643
356504
94368
94371
356527
880806
94380
880800
880802
94385
356532
356541
618672
880816
94396
618678
618697
618699
356550
356544
880842
618689
356556
94411
880839
356554
356564
880863
94418
880862
880857
94422
356573
94427
94426
880854
356570
880877
618728
94434
880873
880872
618735
880868
356591
618724
618744
618747
880895
94457
880887
880880
356613
94464
94467
94471
618767
356621
94479
880925
618776
356639
618772
94495
356634
618774
880940
618794
94498
880934
356648
880953
618813
94516
356656
880952
356668
618804
618806
618825
880974
618828
618831
356703
356697
618857
881007
881006
94562
356705
881001
356706
880997
880999
356718
618875
618874
618876
356720
94583
94586
94590
356740
356743
618893
881032
618881
94600
94606
881053
881052
94610
618897
356763
94622
618927
618913
94632
94640
94643
94642
94646
881077
356796
94656
356800
881098
356814
94671
94673
618969
881119
356823
94674
356819
94680
881108
94687
94686
356826
881133
881128
356832
618976
881124
94696
881127
94703
619000
356854
619006
94713
881142
94714
618997
881139
356859
619016
94722
619021
881181
619033
356893
881172
94747
881168
356890
619049
94755
881199
356898
881189
356908
356916
619071
881210
881204
356926
619060
619062
356928
881224
619073
356941
619072
94795
619076
619079
356950
881241
356956
881239
94813
881232
881235
881261
94817
881260
619116
356960
619119
881259
94822
356973
881278
94834
881273
94839
619123
619126
356997
94849
356996
619146
356998
94852
357007
94862
357011
881301
881302
881299
881298
357031
94882
357025
619168
357033
94896
94898
357049
619191
94911
357051
357050
881330
619209
619201
881348
619231
94942
619240
94949
94952
619232
881378
94963
881407
357105
619262
619248
881399
619251
619250
357118
357126
881418
881412
619271
357141
357156
95014
619310
357154
881444
95027
619325
619326
357181
619315
357178
357188
619339
95045
357185
357199
357194
881474
619357
95060
357203
881498
95069
619350
95073
881518
881509
619360
95082
619365
881532
619386
95092
95095
881531
95097
881524
881527
95098
881522
357248
95112
95117
619417
619419
619421
95129
95128
95131
881552
881554
619414
95143
619438
357292
95149
357289
619429
881568
357301
881596
881594
619444
881587
619446
357319
95170
619480
619484
619473
357341
95197
357336
95196
357349
95200
619496
619498
357350
357356
357365
619517
95221
881657
881656
881659
357375
357370
619510
95233
881679
357391
619522
95242
357385
95247
357386
95251
357398
95250
619551
357395
619536
95256
619562
619565
95271
95275
357422
881720
95289
95291
95293
95292
357432
881712
881740
881743
881742
95301
881736
619598
357449
95311
881730
619609
619608
357462
881753
881751
357470
881747
881772
881768
357475
619617
95337
619616
95336
95345
619642
357490
357500
95357
881807
95363
881801
95365
95366
95373
881792
619652
619673
95377
619672
881813
357528
881836
95397
357539
619695
95407
619686
619705
881850
619699
619703
357563
95422
881870
881861
881858
357588
881886
881881
619731
881878
95453
619752
881903
95458
619754
357606
95463
357603
881898
619744
619747
357615
95467
619751
619770
95474
357619
95481
357631
95487
619785
357637
881932
357632
619791
881924
619776
95496
881927
95498
619800
95507
881944
95512
357660
881936
881959
357678
881981
95536
619832
619836
881976
95542
619825
95545
881971
881996
357697
95556
881995
619841
95564
357704
357717
882015
619866
95575
619881
95589
357731
357742
882022
882016
357747
882036
95611
357758
619893
95613
357754
882060
357761
882053
95627
882048
619929
619935
619923
882071
95643
619925
619927
95648
357798
882089
619948
95652
95654
95657
95664
95667
619965
619964
357811
882100
95672
95674
95679
619959
357828
95691
95692
619972
882143
95698
95701
619996
619999
619998
357852
95709
619991
619990
882158
357862
95717
882152
95718
95720
882144
357866
357876
882174
95730
620030
95734
882170
620019
357881
620020
357883
620022
620041
620042
882185
620032
357897
882177
357907
882202
357906
357919
620052
882194
620054
357925
357926
882210
357940
882235
620081
95801
357950
620085
882226
357956
620108
357960
95820
357973
620118
620137
357990
882286
882283
95852
882292
358012
95867
620150
882317
95875
882313
358017
620172
358028
358030
882305
882306
358036
95893
620188
358032
882328
358041
95900
882323
95902
95905
620201
95904
358049
95913
358060
620217
620219
95927
95929
95928
358078
95937
358087
95939
882377
882373
882397
95956
95958
95963
95965
358105
358104
95967
620247
882413
358116
882415
882409
358112
358125
95992
358142
358139
358148
358151
96003
620301
358145
358144
620291
882435
882462
620317
358173
882452
358175
620329
96032
882479
620333
620321
882466
96049
358195
96055
620350
620337
96056
620339
882481
96061
882482
620361
620362
882504
620364
882502
358228
620376
882526
96084
96087
358237
882515
96100
620396
96104
620387
358254
882529
96108
882557
96115
96116
96120
358268
620404
358264
882572
620427
96131
620416
882591
620444
358291
96152
620435
96161
96167
882603
358318
358313
358312
620455
96174
358314
358324
96179
96178
882616
882612
358329
882608
96190
358348
620482
882624
882627
96207
620525
96232
882657
620536
96240
358391
620541
96244
358396
96250
96252
96255
358404
882702
620557
882692
358414
620549
96271
358420
358422
96277
620573
96281
620562
96284
882704
96289
620587
882734
620589
882728
96295
620590
882725
882727
620578
358441
620580
96300
96302
620601
358455
882744
620606
96317
620596
882736
620617
358468
358465
96324
358467
96326
882759
882752
96335
96338
96352
882799
96355
620652
96358
882788
882785
882786
96373
882808
620671
96374
358520
620682
96389
358529
96391
882821
358541
358542
620678
882844
882840
96407
358546
96412
96420
96425
96427
96428
882850
882875
620734
882870
882864
620724
358599
358598
882889
96455
358595
96456
620736
882882
620761
96465
96464
882905
620765
620764
358622
358616
358619
882899
882925
96481
358625
96490
620772
882915
882941
620796
882932
620789
882957
620809
96512
96515
882949
358666
620806
620825
96532
882963
96542
882989
620840
620836
96556
620839
620838
883007
620848
96568
96570
96573
96572
96575
96583
96582
883015
883011
96591
883037
96593
620893
358736
358749
620882
883030
358745
883027
883026
358755
96617
96618
620898
883043
620921
883068
883071
358769
883066
358770
96633
883061
883056
96639
883085
96643
96651
620932
883072
96655
883074
620934
96658
620957
358802
883092
358810
883090
620950
96672
96675
620962
96682
358825
620967
96687
620985
883134
883128
96694
358834
96700
620980
620983
621003
96707
621004
358851
621007
358850
358861
96713
358862
96721
621017
621016
96724
883157
621012
358875
358885
358884
358883
621025
358895
621029
358889
883170
358890
96753
621050
621053
96758
358909
621041
96762
358905
883213
96771
883209
358913
358912
621059
96781
883202
358922
883225
621086
883220
621077
358939
96801
358949
96803
883246
96805
621100
883237
358956
621091
96811
96812
96818
358960
621105
883253
96827
621109
621110
358970
883277
358983
883279
96834
96837
621133
883272
96839
883274
883269
621123
96845
358987
96846
358993
358992
96855
621137
621141
883283
883325
359031
621180
883322
621169
883314
359045
883340
621197
883339
96909
621211
359056
359059
96918
96923
359066
621225
883372
883375
96932
621230
96937
359086
359082
883362
359090
621238
96958
96961
883401
883403
359107
96966
621262
621249
883399
359114
96978
96987
359135
96991
883438
359149
97003
621282
359145
621307
97015
359166
97021
883440
621320
883465
621325
883464
621327
883463
883462
621317
97041
359189
621336
883480
621340
883483
883477
621331
97050
359194
621355
97059
359211
883491
621350
359220
97077
359219
97082
883505
883532
97091
883534
359233
621379
97103
883523
359254
621406
97110
359261
97119
883564
97127
97126
883562
621409
97129
883554
97143
97153
97155
621454
359298
97161
621442
97162
359305
621447
621465
97177
359325
883604
359333
883628
883630
359334
621487
621473
359343
97195
97194
97196
883616
883618
359338
97201
97204
883638
97214
883661
621515
621514
97221
621504
883655
97226
621508
359371
359370
883650
97236
359378
621526
97246
621544
97251
883689
97252
883688
97257
359407
97258
359406
621540
359412
359414
621553
97277
883699
359424
621570
883741
621596
97302
359453
883728
621588
97311
883758
97316
883749
621605
883747
359467
621606
97330
883768
621631
621617
883764
359487
359483
883763
883762
621641
97346
621647
359500
883780
359503
97354
97361
97367
359506
621649
883792
883794
883821
359527
97381
359523
97385
621670
621688
883839
359536
883827
883826
97411
97415
359565
883842
359562
359572
359574
97429
359582
621716
359578
359589
621739
359584
97444
97447
883873
359593
883874
97456
621772
97480
97483
883911
621765
359625
97485
883904
621766
359637
621784
621787
883935
883930
621778
621802
621804
359650
883941
621794
359657
883965
97521
359670
359665
97527
359667
621823
359677
621811
621815
97534
883981
359684
883976
621838
359688
359691
883971
359690
359697
359696
359704
97564
884009
621858
884029
359733
97586
359743
884044
621900
97608
97613
621894
97617
884057
359762
359768
97633
621929
97632
621933
884072
621932
884069
621922
884065
621925
97647
359787
97649
884095
621951
884091
359807
359801
97660
97663
621961
97666
621965
97668
621966
97673
359816
621976
621978
621981
621980
359827
359826
97695
621975
621993
359844
884139
359852
621987
97714
97720
97724
884147
884172
97728
884169
884168
622030
97734
884170
97737
622019
97740
622042
884185
622044
97751
884186
884181
884180
622034
884182
622037
884176
359896
97759
97760
359910
97771
359918
884198
97773
884220
359927
97783
622065
359933
97789
884233
884235
359938
884229
359945
97805
97811
97810
622111
97814
359967
359972
359975
884270
97830
884257
97836
622116
884258
359988
97842
97844
884282
359998
360004
360001
622157
360000
884296
622159
97867
360008
97868
622151
97870
97873
360021
622168
97874
884318
622175
360029
360031
622165
97884
622167
360027
97891
97895
97899
97901
360040
884351
884350
622205
622206
884340
97917
360056
97921
97920
360068
97922
884361
622209
622208
97931
884358
360078
97933
884352
622239
622238
360088
622228
884397
884398
884392
97958
884389
622241
622243
360105
884415
360118
97972
622271
97975
97980
622260
884429
884430
360143
360142
622276
360138
884447
884446
622300
884435
622312
884457
622305
884454
360170
622324
360187
98047
360186
360199
884489
622342
98065
622360
884507
360217
884496
98076
884499
360228
884523
622369
360239
98090
622375
98094
98098
98103
884533
360252
360255
360251
98117
884555
884550
884546
360273
884570
360285
622418
884562
884584
98148
98151
98156
622439
360309
360305
98166
622448
360319
884593
884623
622476
884619
98185
98184
98197
884632
622484
622507
360352
360361
360362
884642
622521
98227
622527
884666
98233
360382
884656
360379
622537
884677
98249
622531
622533
884673
360392
884674
884701
98257
622552
884688
622550
884716
884718
360418
360429
98282
98285
622565
622567
884706
622566
622589
360435
360445
622578
884721
622601
360453
360454
98308
884746
98313
622592
884767
98325
360464
360484
98338
98340
360483
98345
98344
622628
98355
622651
360502
622643
98365
98364
884787
98369
884815
884810
360525
98376
884801
360533
622677
360536
622676
98398
622678
98401
360548
622698
98402
884841
884843
98406
622692
98415
360555
884860
360564
98424
884855
98433
622730
884868
360588
622722
98442
98455
884884
98459
98461
622741
884880
360600
884883
622743
622763
622767
884900
622755
98479
360618
98478
98481
360625
98487
98494
622796
884934
884929
360648
98511
622790
622808
622815
98521
98523
884945
98524
98529
884968
884971
360675
360684
98540
884960
98543
884989
360694
360688
622833
622837
884976
98556
98560
622860
360716
884996
622851
98573
622855
98576
360721
360720
622876
98583
360722
360733
360734
98589
622871
622891
885038
98594
98597
885035
622895
622894
622887
360747
622907
885049
360753
622908
885044
622903
885071
360771
622913
360781
360790
885081
622942
885077
360796
885078
98653
360795
885074
885101
98659
622957
98660
885099
622945
98664
885090
98672
360823
360817
885115
885109
622965
360824
885132
622989
98693
360832
885124
98701
360841
622981
98700
98702
360861
622992
885142
885137
360856
885136
360858
360870
623021
360866
885162
360884
98745
885171
98753
885199
98755
98757
885193
360908
623045
885186
623067
885215
885206
360921
623063
623081
98786
885224
360941
98796
360939
360949
885247
98809
360957
885233
98812
360954
360965
623112
885263
623115
98820
360960
98823
885259
623128
623131
98834
885269
98843
98847
360996
885286
98861
885308
98866
361009
361008
98870
623166
98872
98875
885302
885296
98882
885316
885314
885341
361045
885337
361053
885335
885334
98909
361061
623211
98914
98918
361070
885345
361066
361077
98929
361079
98935
623217
623221
98940
885391
885386
98950
361100
361103
885377
98957
885379
885405
623259
885401
623261
885402
361117
623249
623248
361116
623273
98976
623279
623268
623271
885411
98992
885436
885439
99005
623285
885445
623296
623298
885443
623323
361174
361170
99034
99038
623337
361189
361191
99049
885477
361193
885475
885501
623353
885496
361200
623345
99065
623344
99069
99068
361208
885490
99070
885517
361220
885513
99083
99089
623387
623386
885529
885528
99094
361234
623380
623401
623398
361266
623410
885553
623412
361272
885583
361283
99142
623438
99145
361294
361289
99148
361301
361302
623441
885585
361316
99171
623466
885614
361315
623456
623461
99182
99185
885621
361340
99199
99201
885647
361345
885641
885636
885633
99214
885661
361364
623515
99223
361369
361368
361381
885679
99234
623532
361379
885670
99242
361384
361387
99252
885688
361392
361402
361412
99264
99270
623553
99272
885703
361419
361418
623579
99287
885717
885718
885712
361447
99301
623599
361442
885735
623587
361455
885729
99309
885759
99315
99316
361456
99321
885749
623600
623602
99328
361478
885788
361494
99349
623635
99356
885805
99362
99366
623653
623652
361525
361526
623674
885818
361533
99384
99389
361528
99393
623694
623680
361550
99404
361546
623704
623699
361561
623703
885868
361575
99428
361577
623717
99438
361591
361584
99447
623743
623728
99448
99452
361595
623735
361594
361607
623755
885899
361613
99465
361612
885891
623750
623773
623774
99483
885905
623784
99490
623788
885924
623780
99503
885923
361652
361651
623806
99515
361657
623797
885936
99521
361668
361670
623821
361664
99527
99531
361685
99536
623832
361689
99549
623831
99551
361690
885993
99559
99561
361708
623843
623847
623869
623868
886004
886000
99585
361733
886031
623882
886024
361738
99603
886042
99611
623890
99613
623892
99614
623912
361767
886062
361766
361761
623917
361760
623916
99622
99624
886054
99629
361780
361783
361776
99636
623935
99639
99643
361784
361786
886089
886088
99652
99654
361801
623942
99664
99670
623982
623970
99690
886113
361842
99702
361853
99707
623987
623986
361854
361849
623990
361850
361861
624009
361859
886154
99721
886145
99726
361876
361878
886169
99733
361872
886161
624023
361883
624041
361895
886180
361903
361898
886205
624057
624056
99760
886207
99767
886197
99771
624052
99774
886223
624077
361923
624079
624068
99790
886210
886239
99800
99803
886255
886251
624111
886245
99816
624096
624099
624098
361961
99823
99825
624121
361972
99830
886266
624112
624114
99839
886285
361991
99842
99848
886275
624155
99864
362020
624170
362016
362018
99880
99883
362027
886332
624188
99896
886324
362040
362055
99913
624195
99915
99918
624198
99922
362070
362077
99928
624210
99930
624212
886354
624236
99942
99948
99952
99963
362116
624269
362112
99975
886404
362121
886401
624260
362120
624263
99986
624285
362129
624284
362130
99994
624274
99997
99996
100001
886441
886440
362144
362158
886435
362162
886455
100030
362181
362177
362176
362178
886469
624323
362185
624345
624347
624346
362207
624338
624340
624342
624360
362215
886510
886505
100069
362208
362210
100070
886506
362222
624357
886524
624376
100082
624378
362224
886522
100089
100088
624375
100101
100100
624399
886533
624384
100107
100109
886528
100108
886530
886558
624415
624402
886550
624405
362264
362267
624427
886568
886564
624421
886562
100145
886589
624443
100154
362296
624439
886579
100158
100162
886603
624451
362318
362315
362324
624472
362320
886612
100184
624470
624488
100195
362343
100199
624494
886631
100202
100208
886652
886655
362366
100218
362361
624500
100220
886642
362375
624525
100228
362368
362371
624512
100234
624516
624518
100238
100241
100243
362386
100251
100254
886674
886701
100259
624556
100263
100264
362414
624569
100273
100274
100277
624564
624567
624566
886706
886733
624584
100290
886734
624586
362433
886730
100294
624576
886727
100298
886721
362455
100307
362448
624607
886747
886746
624606
624594
886764
886767
624613
624615
624614
362486
100342
624638
100350
100353
624655
886794
100358
886790
624646
100369
362519
624671
362533
886824
624674
362537
100396
624678
100401
100403
624698
624703
100406
624689
624690
100414
362564
100416
362561
624717
886858
100422
362572
100427
362574
886879
100438
100441
362588
362585
624746
624743
886908
886910
100468
362611
362621
886902
362616
362619
100479
886898
886924
624779
886921
100485
624769
100499
362647
624795
362640
362643
886938
362653
886957
886958
886952
624812
362656
886954
624804
362664
362677
362678
100533
100539
624821
624822
624840
886991
886985
886984
624846
362701
100552
362703
100554
362702
100557
886978
887004
624860
100567
100566
624849
624848
624852
100574
624873
624872
362721
100581
887019
624879
624865
362733
624867
100589
362749
100600
887031
362751
887030
887026
362757
362753
100612
887048
624910
624897
624896
362767
887041
362761
362760
362772
624920
100630
100635
624914
887057
624936
362788
624940
887080
362786
887077
362799
362794
887074
624952
624955
362807
624954
887099
887098
100664
362809
100668
887090
624973
100679
624963
624967
624966
100686
362833
624988
887124
887127
362846
100698
362843
625002
100708
362861
362863
887138
887164
100723
362866
887156
625013
887152
362885
362881
625036
362882
362893
887173
100744
100746
100756
100760
100766
625065
100775
362925
100778
100780
362933
625082
887227
887226
100795
362943
887218
100805
625101
100811
625090
362953
100813
625093
362955
625112
362966
100823
100822
100827
362974
887254
887277
887278
362982
625133
625135
100841
362997
887295
100855
362994
625140
625160
887308
887307
887300
363023
363017
100878
887324
887327
625181
100891
363038
887312
100895
363035
887341
100901
625197
887339
887338
625185
887335
625209
887356
363063
100914
100920
887348
887350
887375
625226
363073
887370
625217
100938
100945
363088
363102
625236
887392
363115
887416
887418
363135
100987
363134
100986
887410
363141
887436
363143
100995
887435
101013
101012
363165
101016
363167
887446
363160
101024
363171
887466
363180
625314
101037
101039
101043
887487
887481
363187
363198
625333
363205
101059
887497
625359
363203
363212
625347
625346
887489
363211
625370
887513
363218
101081
363237
363239
887534
887528
101094
101102
625395
363257
887538
101120
887567
887561
625415
101138
887576
887579
625439
101145
101144
101147
625427
625431
625448
101157
625441
363309
625465
101169
363316
887614
363318
887608
363315
363314
887607
101180
625484
101191
101190
625473
625475
887618
887645
101200
887640
625500
887637
625488
101216
363366
625518
101224
625507
887655
363374
625509
887676
101237
363389
625522
625525
363384
101253
625548
101255
625537
363404
101256
625539
101259
101258
625565
363408
625567
101277
363417
887697
625556
363419
101281
887724
625579
363424
363426
625571
101292
101298
887737
625596
625608
101316
363458
887751
363475
887770
625619
625618
101340
625622
101345
363492
101348
101353
887782
363498
101362
363504
625663
625662
363518
101373
363514
101379
625676
887816
887818
887812
101384
625666
625670
101399
625680
101404
625687
625705
887850
363554
363567
363561
363560
363562
887868
625723
887870
887861
363581
363577
625718
363588
887886
363587
363586
363596
363595
625753
887901
887896
363615
363608
887888
101471
887915
101478
625763
363627
887933
101495
625790
625778
625781
887920
101504
625802
101511
363651
625806
625794
625817
101521
887967
363667
625808
887981
625837
887978
625827
363689
887968
363701
101553
101554
101559
363699
363710
363707
625846
625867
363712
101577
101578
888000
625881
101584
625883
101591
363736
888041
625900
625903
101606
625895
101619
888057
101620
888049
625909
363788
888071
625925
363797
625949
625951
625939
625943
101662
625960
888110
888105
363808
625954
625957
888125
363828
888127
363831
363825
101686
363832
101692
625972
625975
888136
625998
625987
101706
625988
888148
888147
363866
363878
888174
626017
363885
101736
101738
363886
363880
888189
888188
888190
626047
888187
626046
888181
101752
626037
626038
888205
363910
363906
888197
888193
101772
626074
101780
363932
888212
101787
363934
101791
101790
888235
363949
626080
888225
101807
626086
101808
363959
363954
626110
888246
363961
363960
626122
626127
101834
363977
626119
888258
888285
888286
626142
363997
626135
364005
626152
101863
364012
626146
101866
626169
364021
626174
101881
888309
364031
626164
888306
364036
888331
101894
888320
626201
101905
364053
364049
888344
101908
626206
888346
888336
101919
888338
101933
888377
626236
626238
888373
626226
364091
364090
101953
626253
101957
888389
626244
101966
888413
888412
101976
888404
364121
888400
888403
888430
364134
101989
101994
626276
364138
888418
626296
626299
888440
102008
364158
888434
364165
102021
626316
102026
626309
102029
364170
626332
626327
102048
364196
364199
102053
364195
364207
888486
364200
102060
102063
364214
102070
626353
364217
626357
364219
626381
364226
626372
102101
626385
888532
626387
626386
888534
626414
364269
888547
364276
102131
102130
888574
888569
888568
626431
888565
626418
626422
102147
888590
102151
888587
102150
626433
102165
888602
364318
102174
888620
888623
626479
102182
364333
102184
888615
888609
626468
364341
626490
626493
102197
888628
364351
626482
888651
888641
102231
102232
626517
102236
364378
102241
888680
626543
102248
888674
102259
364417
626572
626575
888733
102289
102293
364433
364445
364446
888726
102301
888723
626583
626601
364452
626603
626594
364457
888736
626599
888739
888764
102320
888766
626621
102325
364464
888762
626622
364479
102335
888781
102338
102342
102344
626627
626626
102349
626628
364490
888796
888794
888789
888787
364506
888813
364519
888815
888808
626668
626670
102374
364527
888807
364526
626658
888802
888828
626685
102391
626686
888820
364543
626700
626688
102414
888863
888852
888849
626709
626708
102432
364577
364578
364591
364587
102451
364598
364593
626749
626736
888886
888880
102465
364623
626758
626779
626780
364624
626782
626769
102488
888916
364633
626773
102494
102497
102496
102501
626796
888932
888928
626811
888958
102517
364656
102519
626801
364671
626807
102528
102533
364673
626829
888965
102539
888967
626818
102543
888989
364688
364690
364701
364700
364703
364697
364699
364707
889002
102570
364713
889023
626877
889019
626879
364733
364734
626870
889032
102596
364749
889031
626882
889030
364745
364744
626887
364754
102614
364765
626901
102621
102625
889068
364772
626920
626923
102626
626925
364769
889062
102639
102648
102651
889072
102657
364804
364806
626956
364803
626950
102673
626970
102674
626973
364819
102679
626961
364831
889110
364839
626986
364832
889128
102692
102694
889125
889124
364853
102707
627006
102717
364879
102731
364872
889155
364882
364895
364890
627051
102756
627054
627043
889190
627046
364917
889212
102771
364926
889202
364933
889229
102784
889228
102786
364943
102797
627077
364956
627092
627095
364965
102820
364963
102822
364975
889254
102828
364968
364982
889278
889272
889275
102842
627124
889266
889294
102852
627151
102855
364994
889287
627161
889307
102875
365022
102876
102890
889314
627192
365047
627197
889333
365052
102906
889329
627208
889356
102927
365066
889373
365078
102930
365074
365084
627219
889360
627220
889362
365093
102949
365100
889378
889407
102962
889400
627263
889397
627248
102970
365115
102974
889423
365121
365123
365128
627271
627289
102995
365143
889433
365136
889426
365146
103017
889446
365161
627300
627303
103022
365174
889461
103036
889456
365176
889459
365191
889481
889477
103050
889475
627353
889503
365200
889493
365215
627346
365214
365222
103076
103080
103083
889511
103090
889531
365234
889527
627400
627403
365249
889541
627392
889538
627419
627418
365265
365264
103127
889557
365279
627412
889552
627415
103140
627429
889568
103153
627452
889595
365298
627454
627441
103162
889590
627444
889587
103169
889612
103171
889607
103185
103186
627482
627485
365342
365336
627478
365348
103208
103210
627494
365365
627513
889662
365373
889654
103226
365381
103237
627534
627521
627526
103248
103251
627548
103260
627543
103264
103271
627566
889706
365417
627559
365429
889725
365430
627581
365427
627568
627571
889713
103292
103295
889742
103301
365440
103302
627588
103311
889759
103321
103322
889750
365467
627606
103329
103331
103330
627629
365472
627631
103338
365480
889760
365494
103349
889785
365488
889787
627647
103350
365503
889783
889779
365505
627661
103365
627663
889796
103368
889823
627675
627674
889812
889815
627670
889839
627691
365536
103398
365551
889830
627682
103404
103407
365565
627696
627699
365575
627723
627724
889861
889860
365579
103441
889887
103445
627743
103446
365593
627732
365595
627755
103459
627759
103462
103471
365621
103474
889909
627762
889910
103482
103485
103486
103489
365636
103488
627788
103495
365634
889925
889945
365648
103511
889946
627793
365663
365656
103518
103521
627815
103541
365692
627829
889968
103561
627840
889988
627842
627845
103568
890009
627871
890003
890030
627886
890023
627876
890016
890019
365748
627899
103603
365750
627902
627889
890035
365755
103616
627912
365773
627909
103632
890078
103634
103637
103645
365796
103652
890090
627941
103660
365813
627963
365815
890105
627967
103671
103670
890097
365816
627977
627981
365825
103688
365832
627974
365834
890142
365853
365855
627989
365862
103714
890154
365867
628021
103742
365891
628038
103764
628063
890199
628050
365915
365914
103780
628065
103788
103790
365948
890231
365951
103805
365944
628086
103806
365946
628105
103809
890240
628122
890267
628127
365970
628113
628112
365988
103843
628138
628141
890280
890282
103855
103859
890303
890296
366000
628148
103871
890290
103870
366020
628170
890313
890312
103878
366018
890311
890306
366026
890328
103897
628176
890322
103905
628203
628204
890347
366050
628194
366059
890361
103929
103931
628211
103930
103939
890382
366080
103943
103949
890369
628231
890370
103958
103960
103969
890409
103974
890404
628256
890401
103984
628280
366130
890423
103999
628300
890440
890443
890437
104008
366156
104010
890432
104017
628312
628314
104021
366162
366175
890448
104033
890473
366177
366176
628323
366190
366187
104049
890492
628346
628348
104055
628340
628367
104073
366217
104083
366230
366227
366226
890519
628375
366234
366245
628392
366244
366247
628388
104110
628408
104114
366262
104116
366259
366268
104123
104122
104127
628424
104130
366278
104132
366287
628419
628420
366280
104145
628445
628446
104153
890581
366300
890583
366309
366311
104162
890621
628478
890612
104186
628488
628492
890632
104196
628494
628481
366350
104207
890655
104210
890649
366352
628508
628502
104225
628521
104227
628522
628525
890665
366377
104236
366378
628518
104241
104243
628538
366398
890673
890701
366406
104261
104264
104268
628568
104281
890710
628565
628564
890707
628584
104293
890725
104296
104301
366442
628600
366452
366450
890741
104315
366463
890739
628598
104318
628617
890759
890753
104334
628632
890783
104341
104343
104342
366489
366490
890799
104356
890791
366511
890790
366505
890785
104364
628646
628667
628666
104373
628671
366524
890801
366522
104382
628682
890825
628685
366531
890821
104393
890817
628677
890818
890845
628699
628698
366546
628688
366555
366564
890862
628714
104421
628718
104422
890853
628706
366580
366582
104439
366587
890893
104450
366595
366600
628743
366615
366609
890904
104473
628755
890896
104478
104480
366627
628783
366626
628769
890918
366633
628774
628792
628799
628784
628787
366654
366648
890928
366650
628800
366670
628802
366666
628826
890974
104533
628830
104537
890961
366682
104542
104547
366694
104549
104551
628847
628833
890981
366703
104554
366699
891006
628861
366706
890997
104571
890998
104575
366724
628877
891016
628879
104582
891018
628878
366733
366734
104589
628868
366730
891034
104598
628880
104603
891026
366756
104608
104613
104612
366755
104614
628897
104617
104622
628924
104633
366783
104639
628919
104638
891058
628940
628928
366793
891073
366794
628934
891101
891100
891103
104674
104679
366831
104686
628966
104688
104693
891126
891121
629001
104704
629005
366848
104708
366851
891146
891140
104712
366860
891137
366859
891165
629019
629020
629012
629014
104745
891175
891168
104759
366899
366909
629040
366911
629046
104766
629065
629066
366918
891214
629071
366927
104783
104785
629084
891227
104791
104793
366943
366949
104802
104809
104811
366958
629090
366966
366963
629118
629105
891248
629108
366971
891250
366981
366980
629132
891275
366984
104848
891291
104855
367007
367006
104860
629142
367013
104865
891307
104871
891300
891303
891296
891325
104883
367025
104886
891318
629170
891313
891312
367047
367046
629199
891339
629186
104906
629189
367048
104908
367061
367063
367059
629201
629205
367065
629204
891346
891371
367087
629221
104941
891389
367091
367101
629239
891404
104965
367107
104971
104975
629255
891394
629254
629275
629279
104983
104982
629265
104991
629270
367141
367140
629291
104996
367136
104999
629294
105006
891426
629286
891448
891445
367166
629300
629303
367162
629320
629323
105033
629317
891459
629337
367188
105040
105043
891487
629338
367196
367193
629354
891502
367206
367201
629359
629358
891493
367213
891494
891516
367222
629374
367237
367236
105090
367238
891528
629379
367247
891521
367243
367253
629401
105105
629400
891551
629403
891544
105111
891539
105120
105128
629413
105133
891552
891555
891580
367287
891582
629437
629436
629439
367288
891568
367301
105155
367299
105159
105160
367310
891584
629447
891587
367324
629456
891600
629483
367331
367337
629497
891644
105202
891641
367345
367344
105206
105209
367353
891635
105218
629517
629505
891655
891679
367376
105241
367389
891664
629526
891693
367392
105255
105254
629550
891685
105256
367406
891680
891683
629561
629565
105269
105268
891697
629556
891696
629559
891724
629581
629580
891718
367445
891736
629585
105305
367452
629586
891729
367451
629608
105314
629610
629613
891752
105319
367468
629603
629602
629624
105330
367472
891771
629630
891761
105340
367483
367492
367494
105349
629635
891776
367505
629660
367518
105373
629653
891793
891792
105372
629673
891817
105381
367521
891816
105383
891819
891814
367529
891839
105394
629690
105398
629681
105401
105403
367544
105406
367556
629706
367553
367555
105415
629710
367564
105416
891844
891847
105419
105421
367563
891842
629720
629713
629712
629715
367579
629719
367589
891881
105449
891878
105454
629758
891898
891892
891894
629769
891916
891918
629772
891915
105481
891908
367627
891932
105491
629786
891931
367644
367646
891926
367652
367655
891950
105510
367660
629792
629794
629797
105524
367664
105531
105530
367680
367682
891974
629848
629855
367699
367710
105562
105565
629847
629867
629866
367725
105579
629861
105580
629881
629883
892031
367728
629884
629887
367748
629901
367744
105604
105607
892037
367756
105608
629890
629895
629912
367764
629915
367761
892055
367769
367768
892072
367785
105645
892064
367796
892095
105650
629948
105656
892084
892087
105661
629940
892083
105664
367821
892100
892103
367816
105685
367839
105690
105693
367845
892140
367847
629996
367840
892138
892132
629986
367849
105711
367851
630011
105715
105714
367857
367858
630002
105728
630031
105737
105736
105738
892166
105743
367892
105744
367899
630059
367904
367907
892196
892199
105772
105776
367927
105780
892216
630079
105782
630068
105795
367942
105797
105803
630085
892252
367956
105816
630101
630120
630123
892264
892266
367970
630113
630112
367976
105840
892282
367996
892276
367993
367992
105852
105862
892293
368009
892313
368016
368029
630160
892305
892332
368032
368035
105894
105899
368046
105902
630207
892346
105914
630194
368056
892336
630199
892365
105930
368072
105934
368085
892383
368082
630225
630224
368089
368088
892393
105959
630243
368111
630265
892412
105970
630266
892409
892410
368124
368127
105980
630263
630284
630272
892423
105994
892416
368138
368151
368150
368156
630295
630313
368164
368161
368173
630306
892449
368171
106030
106033
892477
630332
106041
368188
106044
630324
106050
630348
368205
892484
368207
368202
106064
630360
106073
630355
106080
368230
368224
630369
106088
368233
892515
368245
630387
106108
630414
368271
630406
892572
892574
368273
106134
630416
892566
106141
630420
368280
368293
892590
368291
368301
630433
892582
106154
368297
368312
368314
368325
630473
106178
368323
892613
892615
892608
106201
892629
892630
630485
630484
630486
630505
630496
106218
106225
106224
892665
368376
630519
892684
892687
368391
106242
630543
892675
630535
368404
368407
892696
892692
368409
630562
106286
106288
106294
368447
630580
368440
368453
630600
106306
106308
892744
892746
892741
368460
368462
368459
630599
892739
368458
106323
630618
368479
630614
106337
630633
630637
368488
630642
892813
630664
106374
630657
106377
106379
892803
630662
106386
368529
368531
892821
368542
368537
892818
892845
630699
368557
892838
892835
368555
892861
892860
106425
630704
106429
368570
892877
630735
106440
892871
106443
892870
630724
106444
630727
106446
368593
106453
630739
630743
106465
368615
892907
106473
106475
106474
630754
892897
106481
892921
892923
368636
892916
630772
630793
368645
892942
106500
106503
368643
106502
368653
106505
630784
892932
106507
368648
630808
892953
892954
630800
892948
630807
892946
106530
106532
106534
368674
106538
106542
368695
368688
106551
106557
892976
630861
630860
368707
630862
892997
630848
630851
630850
630853
106575
368725
106576
368727
893022
630877
368720
106582
368733
630866
630868
368728
106591
630870
106594
893038
368737
368751
106603
106602
893027
368747
630904
106610
630908
368764
106623
893071
368782
106637
368778
630941
893081
106648
630930
106650
368798
368792
106657
630952
368802
893093
106672
106674
630970
893118
630973
368816
368819
368818
630962
368825
630964
630967
368827
630986
106693
106697
368846
630978
368853
368855
631006
106710
893141
368858
631016
893160
631023
106729
893159
631013
893154
631033
631032
631036
106742
106746
893174
631026
106749
631029
106750
893198
631050
368897
368898
106762
368906
631064
631067
368921
106785
631081
631083
893230
106789
106790
631073
106794
368937
893216
106799
368948
106802
368947
893239
368958
106813
368952
893232
368965
893257
368968
631108
106832
368977
106837
106840
893270
106842
106854
369005
631141
631140
631142
631162
106873
369020
893297
369016
106879
631158
631176
106885
893320
631174
893337
893338
893333
369052
631184
369054
369049
106908
106911
369061
893353
631207
369066
631225
369079
631219
106939
631220
106944
369089
893384
106950
106953
631232
369102
106957
893376
369109
369108
631259
369111
106963
106965
631260
369113
106974
369127
106978
631277
631278
369134
106989
369137
631293
369139
106999
369148
369147
369146
631304
107011
369153
893449
893450
369154
107014
631297
369166
369161
631301
107021
107023
893443
631302
631325
107035
893462
369191
631339
369197
107049
369204
107058
369203
107063
631347
369214
631350
893519
107075
107074
631373
893512
107078
631363
107086
631366
107091
369239
107090
893534
631380
107100
893523
107102
369252
107110
631393
631397
369256
893536
107121
631419
631418
893561
107125
631420
893559
631413
893582
369282
893573
107146
369291
631430
107155
107154
893589
107163
631442
107165
631444
893586
893615
893608
893605
107177
107181
369320
631463
107184
107186
369328
893620
107192
631476
369339
369338
631496
631499
369350
369345
631502
107208
893633
369355
893661
107216
107219
369367
107221
631516
107225
893653
893652
107227
893650
893676
369377
631532
369388
893664
893666
631544
631546
893694
369392
369404
631536
107263
631543
893709
631560
107267
107274
631576
631578
369424
369427
631582
369438
369433
631575
107295
107294
631596
369442
631598
893732
631584
107306
631588
369460
107323
893744
893773
631625
369476
631624
893766
893763
631623
107349
631633
369501
631632
369499
893779
893778
107361
107360
893801
107364
893802
893792
107377
369525
631675
369529
631668
893835
631680
631687
369553
893848
893865
107431
631726
107432
369583
107437
893859
631718
631736
893884
107440
369591
107446
631742
631729
893873
893875
107455
893900
631757
631745
107470
631771
107477
631775
893908
631763
107485
107487
631786
893928
107499
369646
107501
369640
631783
631800
369655
893945
893947
893941
369661
631792
893940
369657
893936
107521
893965
631816
631820
893983
369680
107546
369700
107555
893999
893992
107559
893991
107562
369719
631869
631870
631856
894006
369732
107587
107589
369728
107592
894020
631875
894022
107600
894040
894043
369757
631889
369759
631892
107616
631914
894057
894058
107624
894052
894049
894048
631908
631910
894050
107639
369778
107644
631927
631926
369797
107648
894095
107651
631946
631949
107655
369800
894083
107664
107666
369808
107671
107679
631980
631969
631971
369839
631970
894113
894114
631999
369852
894132
107707
107709
631988
631991
894130
369850
894152
107719
107721
369868
369865
894146
107726
632029
894169
369872
894167
894161
107740
894188
632045
369903
632035
369902
894179
894205
107765
107767
632050
632052
369912
369924
632076
107782
369922
632064
369932
107790
107801
894231
632083
632082
369950
107805
369946
107809
632105
369959
369958
107817
894246
632101
107823
894243
369974
369969
894264
632126
107835
632114
894282
894277
370005
632153
632157
894294
370023
107880
894310
894306
632185
370036
894332
370034
107896
632182
632201
370052
894351
632202
632205
370061
894342
370059
107921
370070
370065
632223
632222
894362
894358
894353
632236
894374
107946
370088
632230
107952
370100
107957
632252
107956
370109
370108
632242
370107
107971
894414
370114
894404
894401
370120
894429
370129
894427
370131
894426
107992
370142
107996
894418
632278
894444
370148
370147
370153
894432
108017
370160
894454
632306
370169
108033
894476
108032
370176
370189
370188
632325
632327
370197
370196
108053
108054
632337
632336
894480
632361
370212
370209
108073
632358
108078
108081
370228
370224
894516
108090
108092
370235
108101
894539
108103
108102
370252
370249
632388
370250
108112
894558
632413
894554
108125
632424
370278
370273
632431
894571
894565
632419
108143
894562
108145
108147
370298
632458
632463
108166
108170
370321
370320
370323
370333
632466
894637
108192
632488
894635
632494
370349
108205
894652
108212
632511
894645
370364
632499
632498
108220
370363
894671
632525
632524
894667
108233
108236
108238
370391
894683
108246
370398
370394
632554
108260
894696
108262
370411
632551
108274
108277
108279
370430
108284
894704
370424
370437
108289
632584
632586
632577
632576
894724
894748
370449
632605
894747
108313
108312
108317
894736
108321
108323
632619
108324
632622
632609
370479
894758
370485
894777
632636
632638
108346
632626
370491
108350
632655
370498
370509
108361
108367
894812
370518
108377
894829
632681
894827
108391
108390
632672
108394
894822
894816
370539
894840
632700
370546
632693
370564
894860
370561
370573
632706
108429
894848
894850
108437
632723
894870
370587
108447
894866
108446
632744
894895
632749
894889
894883
370608
108470
108473
370616
894924
894927
108489
632768
632772
108495
370646
108500
894932
370654
632789
108511
894954
632800
108527
370666
894946
370672
632818
632820
370683
632822
370689
370691
108552
108554
108569
894996
108571
632854
108579
370727
895022
108580
895018
632864
632866
895011
370740
108594
370737
632881
632882
108607
632887
632906
108617
895045
895047
108618
632901
895040
370774
895064
108630
632915
370782
108637
108636
108641
632939
370792
108652
370807
108658
370813
108664
632946
370821
632971
108676
108683
895107
370826
370836
370832
895131
895127
108705
370854
370848
108710
633006
632993
370856
370859
108721
895165
370864
633013
633037
370880
633039
895172
370889
633050
108761
108767
895208
370915
370933
633080
895225
370930
108793
370940
370942
108799
633096
370947
895243
370946
108810
108812
370964
895257
108823
370962
895277
895276
108835
108834
895278
895268
895271
895270
633124
370987
895293
108848
633138
633141
371003
371012
633160
633153
108876
371029
108889
108891
371033
371032
633197
895338
371048
371050
633190
633212
895349
633203
108923
633206
895346
895374
108937
633223
633243
633242
108961
371109
108962
895403
371118
895398
108973
895392
108977
108976
371124
633276
895419
633264
108987
895414
633268
371131
633289
895437
108997
371136
108998
895429
371149
109002
109005
371145
109009
633307
895449
371155
109016
371166
633301
109021
371173
633321
109024
633313
109036
633318
109041
895487
109047
109046
633328
633333
109052
633332
371205
633357
109060
633345
371212
109064
633348
895491
371230
109082
895505
895507
895506
109091
895535
633388
109097
371244
895524
371242
109104
109108
371251
633397
895538
633416
371270
895560
895563
633423
633422
895556
371276
109137
895581
895580
895583
109140
633436
109147
633449
633448
371300
895599
371302
109158
895589
109161
633441
895588
633442
633465
633464
633466
895614
633468
109175
633482
109186
109189
109190
371340
895619
109199
895645
633496
109203
109205
633500
895642
109206
895639
109211
895638
371358
109212
371355
109221
371371
109230
371380
633530
895678
895673
895664
109250
895689
895688
633551
633536
371407
895680
109260
895683
109263
895682
371412
895708
895710
633564
371408
371421
895703
371422
633556
895726
895721
371424
109295
633592
109298
633596
895735
371449
109308
895731
633591
371451
371463
109317
633614
633602
895750
895745
371477
895768
109334
895765
109337
109340
109342
633644
371501
895777
371496
371508
895797
109370
371513
633655
371514
109378
895816
109384
371535
633666
371528
633691
371548
109402
633684
371557
633709
895849
371555
633711
109417
109419
109421
633702
633725
109429
895864
895860
633712
109435
633737
633738
109445
633729
895876
371596
895878
109454
633753
633752
895903
633755
109458
109467
895889
371621
633772
371618
371628
895908
895911
371631
371637
633784
109491
633777
895948
109509
895945
371651
633807
633806
371661
371657
633799
895938
109520
633811
109530
371678
371673
895973
895972
895974
371688
109551
371700
109556
371696
633840
371717
896013
633867
109571
633870
896005
371725
896004
371727
896001
371723
109582
371732
371734
896030
371731
896026
371730
371741
896023
109596
109599
896044
109605
371746
109612
896035
633912
633917
896051
109634
896078
371782
371777
633927
896094
896088
109656
633943
633961
109666
633967
633955
633956
109678
633958
109684
371836
109688
371838
633975
896132
109709
633988
109710
109713
896158
634013
371857
634014
109721
371865
634005
896175
371879
634028
371885
109737
371883
634023
371892
896191
109746
896185
371888
634035
634036
109758
896207
371905
371907
634063
109769
371918
896193
109773
634055
371921
896216
896218
109785
634070
371930
371938
371949
896230
109802
371950
371956
896252
109810
371953
634111
371965
109818
634098
634101
109825
109829
634124
896261
896263
896262
634119
634137
371988
371984
634143
896282
896278
372007
109858
896297
634158
372015
634168
896309
372029
634166
109886
896333
372039
634186
896329
372043
109906
372054
109911
896341
634195
372058
634198
634216
896361
634221
634220
109933
896352
109935
896382
109940
372080
372083
896379
372088
634231
634230
634249
109952
109955
634254
372111
372105
109982
896429
109984
109986
109990
896420
109992
109997
896416
372139
634279
634299
634298
110009
896436
896435
110015
634313
896456
110023
372174
372169
634308
110030
372183
896479
634335
896470
110044
634349
896487
110058
372202
896482
634363
634367
896507
372221
634353
110077
110080
372227
634369
110088
634373
372245
896537
372243
634399
634384
372249
110111
896531
896559
110115
110117
634413
896552
896549
372270
372267
634425
372280
634423
372289
896580
896583
634435
110155
110162
896606
110164
896602
372317
110172
896594
634474
372321
372333
372332
372334
110189
372343
110194
372358
110212
634510
372365
634499
372361
896641
110220
896669
110226
110229
896666
110235
110234
372379
896658
896684
110240
110243
634538
634540
896676
372398
110253
372392
634553
372400
896692
372415
896695
372414
896711
110282
110288
896735
634591
896726
110301
372442
372453
372452
634602
372448
896744
372461
896740
110315
110317
110319
110318
634616
110320
372470
896761
896760
896763
372476
634608
634611
372474
110334
634633
896780
896783
634636
372488
110351
634649
634653
634643
372511
896785
372505
110369
634665
634666
110370
372526
110381
634663
896802
372533
634683
634685
110388
110395
634677
372548
896847
896843
372557
634688
372558
110414
372566
634716
634705
372572
896854
372574
110429
110431
110437
110436
372588
110444
896866
896892
896894
372594
372605
110461
634761
896908
372612
634764
896906
372617
372616
110482
110485
372624
896923
634773
896912
634774
896914
110497
372641
372642
634787
372649
372648
896931
372656
634802
896945
634805
634825
372676
110534
110537
110539
110551
372702
634839
897004
110565
897000
372716
110571
634851
372715
896994
372725
110577
110578
372721
110580
897016
110582
110586
110588
110595
634895
372748
372751
110605
372744
372746
110611
372758
372753
110614
372765
634899
110618
372761
634903
372772
897066
897060
897063
634917
897059
634937
372791
897087
634939
897081
634943
372786
897077
634928
634931
372798
110661
110662
634949
372811
110674
372817
634975
110681
634964
110687
634966
110691
897134
372833
110692
634988
897121
372843
635004
635007
897143
110719
634999
110718
897165
110720
110723
110722
635021
635020
897162
635033
897176
110746
372891
110751
635031
635049
635051
635050
897198
897193
897195
635040
897185
372906
110769
635065
635056
110780
897229
372934
110789
372931
372941
897223
897217
372936
897216
897245
110800
897241
110804
372958
110813
372961
372960
110823
372973
897252
110830
372970
110833
372981
897277
110841
110843
635125
110845
635126
372997
635145
897292
110851
373007
635139
373000
373013
110864
373015
373014
110866
373009
635157
110878
897325
897324
373025
110884
897316
373044
897340
373046
897336
635199
373042
635184
373049
635191
110913
373060
373057
635213
635214
110920
373067
897375
635231
373085
110939
635218
635221
373092
897391
897382
110954
635258
635260
110968
635253
373114
897423
635274
897416
635279
635267
110986
110988
373142
110996
111000
373151
897430
635285
373157
635309
373164
897443
111027
635323
373177
111042
111050
373193
111053
635333
897472
635353
111056
897502
111067
635369
111073
635368
111074
111079
373231
111083
373224
373226
111086
635387
635389
111092
897531
373235
635377
897524
635378
635383
897522
111105
373252
897550
897545
373248
635392
373257
635396
373256
897565
373271
635421
373278
897558
373286
635434
373280
635439
373294
373288
111150
373302
635450
373296
897592
897591
373304
111173
897608
373315
373325
373324
897606
635461
111183
373323
635482
373330
111197
111198
373338
635499
897641
111205
897643
373347
111209
373356
635493
373353
635513
373364
373366
897657
373360
111223
111225
635509
111228
897650
111230
897676
897669
635521
373388
111240
373391
111242
635522
635524
635526
111248
111250
897685
897684
373407
111261
897683
111263
897709
635560
897710
635567
897700
897703
897696
635558
373418
897721
897740
373444
897743
897739
635598
111305
111306
635586
635588
373451
635591
635590
897757
635610
111317
373457
111323
111325
897744
111327
897772
111330
635628
897771
635617
635616
111343
897762
373491
111353
373501
635634
111361
373511
111363
111362
897800
111364
111366
897797
373517
897792
373525
111376
373524
111379
373520
373523
897815
373534
635668
373540
373550
111407
897826
635707
897854
897849
111413
111416
635698
111423
111427
897867
111433
111432
635715
897862
635716
897886
111444
111446
111448
111450
635733
111457
897902
111465
897892
635747
111466
373608
635751
635771
897912
111476
897909
635760
373628
635786
897929
373633
897930
373642
111502
635782
635801
373651
635807
373661
897937
111516
111518
897938
897963
897959
897958
111530
635833
111540
373680
635836
635824
111547
635826
111552
111555
111554
635850
897993
635855
111559
897994
111558
373711
635845
635847
111571
373718
898010
635870
898005
111584
635880
898025
111591
373730
635872
635901
898041
373746
111606
898037
111611
898032
898035
898063
898057
898059
635931
111643
635949
898090
111659
635939
635938
898081
111661
373814
898110
373809
111668
898106
373820
635952
373823
373829
111680
373824
373826
635968
111690
635975
111697
373847
373841
111700
635998
898135
111716
111721
636003
636005
373864
636006
636029
636028
898171
636020
898163
636042
111751
111753
898176
373896
898205
636056
111765
373906
898196
636052
373921
898217
636076
111784
373932
111786
373934
636069
636070
373942
373936
898232
111801
636080
111802
373946
111811
898248
111814
373960
373975
111831
898261
373980
636114
373977
636141
111845
636142
898277
373998
111850
898275
111860
111867
374015
898295
374014
636150
374010
374020
898309
111880
374027
636185
374039
111890
636186
898327
898326
111908
111911
898341
636193
636192
374063
898342
636196
374059
636216
374064
111932
898355
374074
111936
374084
111941
898378
636225
898372
636227
111947
898370
111953
636248
636251
111954
636253
111956
636241
374109
111963
898385
111968
636264
898408
898404
898407
636261
636260
898403
374133
374135
898425
636275
111995
374142
898422
636297
898445
898447
898436
112010
374152
374154
898434
112014
898457
374160
112022
374175
112032
898478
636320
898464
112048
636346
636350
636339
112059
374202
898509
636362
898510
636365
112069
112068
374211
636366
636352
898500
898502
898499
636359
374218
898524
374228
112099
636399
374243
374252
112110
374260
112115
374263
374259
374269
636427
112131
112133
898569
898568
898571
374287
636418
374281
636420
636442
374289
112148
374301
898581
112165
898600
898597
898596
374319
636452
374315
112175
636454
374321
636468
898608
898611
374330
636470
636489
112196
374348
636482
112212
112214
374365
636496
636498
112225
898669
636520
112228
898657
636518
898686
112242
374387
636528
112248
112256
898702
636554
636556
898698
112265
898693
898688
374411
636550
112270
374417
374416
898712
112279
898711
898735
112299
374446
636581
374441
636606
636593
374460
636595
112315
374463
112314
112318
636617
112323
898767
898760
374464
112327
112326
112329
898753
112333
898752
374475
898783
112341
898774
112353
898798
112357
374511
636643
636642
112362
112371
898809
112372
898810
374524
898804
636656
374527
112383
374533
374532
112403
898840
636693
374555
898834
636713
636715
636716
898859
112423
374562
374573
898852
374575
636711
898850
636730
636732
112439
112441
898871
898864
636726
898866
112448
374596
112451
112450
898889
636737
636736
112458
112461
898908
636765
374608
898907
374610
112473
636753
898903
112476
636777
112485
374636
636793
898936
898939
636798
636784
374652
636786
636789
898956
898959
112514
898953
636801
636800
374668
636802
112524
898972
636824
898969
898964
636818
112541
636841
112544
898991
636842
112549
636845
898984
898980
112556
112559
112561
636861
112566
636853
374714
112577
899021
112581
636876
636864
899015
112586
374728
112588
636888
112592
899039
899033
112596
112602
374756
112608
636907
374759
374752
374755
636897
374764
636901
899040
636902
112622
636921
899065
899066
636915
112641
899083
112650
112653
374794
636953
112665
899092
112664
636944
636948
112676
899115
636965
374824
899107
112688
636987
899131
899130
112694
636978
112703
899149
112708
637004
374850
112712
112725
637021
374877
374885
899183
899182
637037
112743
374892
637030
899199
637051
374896
112759
112761
637043
899184
637046
112769
899212
899211
637071
899205
899204
374926
899206
899203
112787
374929
112788
112793
899245
899236
374959
637095
899234
112814
374962
637106
374974
374969
637109
374970
112833
899278
374977
112837
637132
637135
374988
637123
112845
112846
112848
899292
374996
112853
375004
899284
637139
375001
375021
112878
899324
899326
375026
112888
899319
375033
899312
375047
637195
637196
899339
375052
637186
899329
375050
112912
112914
899349
112929
375076
112930
375073
637230
899365
112936
899367
899362
899387
637246
375103
112955
899404
637256
375111
637263
899399
637272
637277
112982
112987
637267
112986
375128
899411
112991
637270
899438
112997
637292
637281
375148
113006
375159
899444
113019
637300
637302
899469
113027
113035
637315
899485
637336
375188
899481
113046
375197
375196
375198
375193
637334
637353
113057
899500
637355
113061
899493
637344
375215
113068
113074
375229
375237
899535
899529
113093
637388
637391
113096
375244
899527
637381
113103
375255
637402
375254
637393
899541
375260
375257
637396
375271
637419
899563
113128
637413
113135
899581
113139
375282
637425
375295
637431
637449
637448
637453
113159
113158
113163
375310
113167
637464
899612
637468
637471
113177
375327
899600
637462
113182
899625
637486
375341
899621
637477
899616
637476
375348
637498
113205
113209
637488
113210
113213
899635
375354
113217
899661
899656
375363
113223
375375
899654
375369
637509
113233
637528
375382
113237
113236
113243
637547
899689
375393
113253
375395
113259
899680
113263
899709
899711
375408
899707
375428
637579
113282
375424
899720
113287
637568
637574
113294
375441
375440
113300
899739
637589
375449
375459
899755
113324
899747
637606
637624
375479
375487
113338
375483
375488
375490
113350
113355
113356
113361
637656
637658
375506
375517
375516
899796
375513
375525
637672
899822
375521
113380
113383
899818
637667
375534
375528
375531
375542
637692
637695
375539
899835
899834
899853
113410
899851
375554
637696
375564
637699
637698
375566
375561
375563
637702
637721
113429
113431
637727
375580
899862
113437
375576
899856
113438
375588
899884
899881
637743
899874
375594
375605
899901
113457
113460
113463
637747
899894
113469
637750
899905
637766
899935
899934
637789
899931
637790
899925
637776
113498
899920
113505
113507
375648
899947
637806
637799
899964
637822
375677
113531
637815
375674
375686
899978
637824
375692
637828
899970
637849
375703
637851
899998
113554
113557
375697
899992
899991
113563
900010
900004
900000
900002
375722
113587
113586
375729
637875
637874
113594
637876
900019
113599
113604
637889
900063
113621
900055
375769
375768
113632
637932
900072
637934
637921
375788
900066
375798
113653
375794
637936
375807
375800
375812
637963
113677
113682
900123
113693
113694
637974
113697
637995
637994
900137
637999
900139
375848
900131
375861
638000
900148
113722
113733
113732
638030
375884
638018
375881
375892
638033
638034
638037
113758
900207
375916
900192
900222
375920
638078
113784
375929
113788
375941
900235
113801
900231
638082
113804
375947
900252
638106
113814
638099
375961
375963
113823
638102
900271
900270
113830
375970
113837
113838
900287
638138
375986
638131
113853
376004
376007
900303
113862
900292
900295
376008
113873
376020
900313
376016
900314
376025
376024
638167
638166
376026
376037
376036
638186
638189
638191
900325
376047
638179
113900
638183
900349
113904
900351
113911
376061
113915
376063
900342
638197
900339
113918
113921
376067
376066
376073
638215
376074
900379
900378
376092
900372
113948
900395
113959
638241
376108
113963
376110
113969
376116
376113
638268
113975
113974
638257
900406
376123
638281
900424
113988
638287
900427
900417
900440
638290
638315
638317
114023
900452
114027
376168
114028
638331
114041
376190
638322
114044
114051
376207
900486
376202
638361
376212
900510
114069
114071
114077
900496
638359
900498
114087
638373
900541
376246
638394
376241
114101
900539
114105
376249
114108
114111
376261
376263
638411
638410
376256
114124
376264
900569
638431
638430
376274
114141
638443
638432
900583
638435
900582
638437
638439
638457
114160
376307
114168
638453
900594
376327
900619
376332
900615
900614
114189
638469
114188
638468
900610
900638
900632
900635
900629
376349
114200
638509
376352
376365
638523
114231
376371
114237
114239
638540
638542
638529
376397
376399
900678
638533
638532
114254
900698
114265
376414
114270
900690
376421
900713
900712
900708
900710
638562
376427
114289
114288
638591
376442
900750
638606
376462
900764
900760
114333
376473
638612
114335
114334
900783
376487
376493
638629
376490
376501
114358
638645
114364
900786
376506
376516
638670
638656
376523
900802
114387
376529
900824
638687
114391
638672
114394
376536
638679
638696
114400
376557
638713
638712
114419
114418
376561
376563
376572
638707
114428
114433
114432
638728
638734
900867
114447
638744
114448
900889
900885
114459
900881
376613
114467
114477
114479
638780
638783
638768
638771
114491
900918
638770
900943
114499
638797
638796
900936
114508
900930
638808
114515
114514
114516
114518
376671
376666
114535
114537
638817
900964
114548
376690
638846
900986
900983
114557
900978
638856
901006
114565
376704
376707
114571
638850
114573
114572
901021
114578
638866
376728
638870
376740
376742
638893
901025
376757
901048
638899
114618
638898
638922
901067
114633
638912
638915
114641
638931
114653
638935
114655
376807
114661
638956
901098
901095
638947
901094
638970
901118
376817
114676
901109
376828
114688
901132
638987
114693
901128
376834
901124
901123
639003
114710
376868
114723
901161
114727
114726
114729
639008
114733
114735
114743
639039
639030
639053
901193
901192
376908
639040
639043
114763
639044
114769
639066
114772
376915
114777
114779
901206
639061
639062
639081
114788
901220
639077
901219
376938
376949
639096
901247
114805
901241
639102
901236
901239
639090
376958
901233
376955
376967
114823
639109
376968
114831
639110
376981
639128
114835
639131
114834
639133
376977
376984
114847
639126
114846
376996
901295
639138
377000
639165
901305
377009
901301
901300
901302
377022
114877
901327
114884
901323
114889
901316
114891
639195
901339
114905
901334
901329
377060
114922
901373
114935
377087
639218
114940
114943
639240
639245
114951
114950
377102
901376
639238
377109
114960
114967
639253
377115
639255
639275
377126
114980
901414
901410
377140
114994
377137
901433
639294
639282
639285
115004
115007
639304
639306
115013
115012
377155
639297
115016
377161
901441
115022
901465
639326
639337
901484
377188
115044
115047
377186
115048
377198
115054
377205
901501
115061
901498
901493
639344
639347
377209
377222
901508
115083
377230
115085
377226
639366
639385
377236
901526
901523
115102
377242
115105
115109
639405
377261
115116
115119
115118
377264
115129
377276
901558
901553
377285
639432
377294
639426
639428
115152
377303
377298
901590
115169
901612
115173
377327
115180
115182
901629
901625
901627
377336
901619
115198
115200
901646
901638
901632
115214
377354
639505
377368
377371
901677
901676
115237
377376
115239
639534
377389
901669
377388
639523
639526
639546
377404
377413
901710
377409
377408
639566
377420
639555
115279
639576
639578
377430
639581
115284
115288
901713
901741
901742
115303
639587
377455
901735
901731
377461
901759
901753
639612
377459
639614
901754
639601
901748
639603
901744
639607
639606
377477
901775
115331
639629
377472
639617
901766
901760
639643
639642
377489
115351
639632
639635
901778
115367
901802
377513
377512
115372
901821
639675
115384
901809
377531
901810
115393
639691
639693
115397
901833
639682
115407
639686
639705
115408
639706
901848
639711
377567
639702
639726
901863
639717
377577
639718
901885
639737
901887
377590
377585
901881
901880
901883
115451
639732
377611
901917
639768
901913
901908
377624
377639
377638
377635
377643
115508
639795
901943
901939
115520
901961
115526
901956
377679
377673
115535
115534
115541
115542
639825
115547
377688
115551
377701
115557
115556
377699
901994
115561
639844
639846
639871
639856
115578
902006
115581
639882
639874
639879
377739
902018
115600
902044
902047
902046
115604
377746
639888
902038
377764
639912
902060
639917
902059
639905
639907
639909
377769
902078
902075
115638
639921
115643
902064
115647
639926
902093
115651
377799
639946
377795
639939
639938
115658
902081
639943
115669
639964
639952
902100
377816
377818
639981
639980
639968
377834
639996
902139
115702
377852
639990
377856
640001
640003
377865
115724
902173
377876
640024
640026
115730
902168
115734
377885
115742
902188
377895
115749
115755
902182
640037
377898
115762
640063
640048
902199
115770
377914
377921
377923
115787
902237
640090
377937
640095
640081
115807
377946
115806
115809
377956
640111
640097
902247
640100
377963
902242
115825
377972
115824
115830
115833
377989
115840
115843
902300
902303
640154
378001
115860
640156
115862
378013
640147
115866
378011
902317
902316
902313
378029
640160
115880
378028
902310
902305
902332
115891
902331
640191
902330
378040
115906
115908
640207
378051
115913
902340
115921
115920
640221
378067
640223
902357
115935
115934
115943
378092
378094
902370
902399
902395
902389
378109
902388
378110
378107
115971
115976
115983
378122
640262
115984
640280
640283
640285
115989
115997
378138
640298
116002
902441
902443
902437
378156
902438
902433
640316
378163
116031
378171
640329
902477
640331
378183
378179
902469
640323
902471
640322
116048
378196
640340
902509
902504
640364
640352
640369
116088
116091
378244
902540
902543
378247
378240
640399
378242
640387
116109
902530
640409
640408
902558
640413
116117
116118
640414
902548
378271
902544
116129
902573
902575
640426
116133
902571
640431
378286
902560
378280
902588
378294
378309
116166
378306
116170
902620
902623
640474
116178
116183
902613
640468
902633
378337
640492
378339
902629
116201
902630
640506
902648
378355
116218
378360
378363
640521
116226
902670
378368
902667
378381
116235
640516
902658
902685
640536
640541
116246
378392
116252
378394
640556
902693
116269
640551
640573
116276
116283
378427
640586
640590
902720
378440
640594
640598
902765
378469
116320
640611
378473
116334
378486
378481
640639
116345
116346
640629
902771
902797
640651
116355
902799
902798
116354
378508
640643
902784
902815
116373
902810
902804
116379
378527
902801
640660
640685
902820
116392
116394
378551
902847
116405
378545
378557
378554
902861
902862
640717
902853
116425
640704
378568
378583
902878
902873
116436
902875
378591
902871
902870
116448
378599
116452
640751
116455
902890
640741
378602
378615
116468
116476
902899
902921
116484
378624
116487
640782
640770
378638
902940
116499
640787
378651
116512
640813
378656
378659
902945
116534
378687
902962
378695
640833
116553
640836
378699
640857
116561
378705
116564
640849
640851
116570
378718
902994
116577
903020
903018
640878
116585
640864
903014
378729
640868
903034
903030
640882
116607
116606
640907
640906
903045
640896
903069
116631
903061
378782
903062
116641
116640
903087
116643
378786
116648
378796
640931
903073
640933
640932
116656
378804
378807
903102
903099
903093
378812
903088
116672
903118
378818
640960
378831
378836
116693
378832
116695
903124
640981
116702
116706
903146
378860
116712
903143
640997
903165
903156
903183
903182
378886
641036
903179
641024
116746
903169
903171
903197
641053
903194
378905
903185
641046
378917
641067
903214
641069
903205
378921
641061
378933
641083
641085
116788
378931
641072
378948
116806
903234
378964
116830
378981
378983
641132
641121
903268
641126
903292
378994
903280
379002
379012
116870
903301
379023
116874
116876
116878
116881
903327
903322
116889
379036
903316
116893
903313
641172
903315
116896
116907
903329
903357
379060
379069
641202
379077
116928
379079
116930
379078
903371
116934
903361
379080
903363
379095
903390
903385
379090
116953
641233
379108
903406
379110
903400
379117
903395
379115
116981
116980
116986
641269
903409
379138
116998
379148
903453
903455
379159
117011
903448
903447
379160
641303
903465
641324
379182
117037
641316
641318
117043
117045
641330
117053
379192
641353
903500
117061
379200
903499
117067
903488
117070
379220
903519
379223
641375
379231
117082
903506
641384
117090
641389
379247
903526
117103
641382
903550
117106
641397
117122
117125
379264
117130
379272
379274
903580
641439
641427
117147
903574
117146
379289
641451
117154
641454
117161
379305
117167
903587
379317
117171
379318
903611
903605
379322
903629
641482
641487
641486
903620
641474
117199
117200
903641
117207
903642
379357
379356
903636
117210
641493
117214
379365
903659
379363
117226
641530
903678
117239
379390
641522
117246
903666
903695
117253
379393
641548
117257
117260
641543
903682
117265
117267
379415
903701
117277
379429
117286
641572
379447
903739
641587
641588
903731
117315
117321
117320
903748
903750
641604
641625
903773
117328
379479
117332
379484
117341
379480
117340
117343
117342
641640
379489
117348
903784
641647
379490
903780
117354
117356
117359
903779
379511
641660
117373
379513
641652
379515
903820
641674
117381
379520
379522
379532
641666
903814
903810
117397
903833
903832
117398
379548
117402
379553
117412
379567
903841
117423
379562
641702
117424
379572
117431
117430
379577
641718
117444
641742
379596
903879
641733
903875
641753
379605
379607
117467
379614
117466
903889
379608
379623
379629
379631
379624
641766
379639
641789
117492
903925
379644
641779
117499
641783
903947
379651
903946
641797
379658
903966
903960
641823
641809
117529
641808
117531
641810
903958
117541
641839
903972
641826
117546
641831
379702
117557
641853
117556
903992
117559
117560
379711
903991
641865
641866
117573
379714
379727
379723
904002
117582
641881
904028
117588
641886
641872
904017
117596
117598
379738
379749
641897
379751
641901
379757
379756
641891
904033
641895
904063
117618
904062
379773
641904
117627
641908
904079
379779
904068
117643
641924
904066
641944
379798
904089
379795
641936
641939
117661
117660
904108
117666
641962
904100
117674
641957
117676
117678
117681
379828
904124
379837
379836
904112
641975
117699
379846
904137
904136
117705
379852
117706
904134
641989
641990
379860
904156
117714
642013
642015
117718
904148
379868
117723
117722
904173
117729
117732
117743
117745
379894
117746
117749
642045
379891
904181
904182
117757
904177
379896
117759
904178
379898
904200
642051
117773
642052
379912
904195
379914
904194
642054
904221
117779
379927
117781
117789
904237
117797
379936
904234
117800
379951
642104
904254
642106
379955
642110
904247
904246
117818
379963
642102
379972
379968
379971
642126
642114
904284
117845
642141
117846
117848
642130
379998
904272
117858
380001
117860
117863
904299
904292
642144
904288
642170
642173
117876
380018
642174
117885
117891
380032
904327
117900
380053
642200
380055
642203
642202
642205
904340
642195
117915
904342
642196
117916
642198
904364
904359
380085
642234
642237
117941
117945
642224
117949
380091
117951
380102
642252
117959
380110
642242
380105
642244
117966
380116
380119
904408
117975
904407
117980
642281
904428
642282
380128
117995
380139
380144
380147
380154
380165
904462
642304
380172
642306
642311
904450
642310
642329
118033
642334
904471
904467
118048
904489
380192
380195
904490
642338
380214
904501
642355
904502
642357
904496
118076
118078
380218
642376
642381
380227
904523
380226
904514
118094
380244
642392
118096
380240
904533
118109
118115
904558
904553
642403
118124
380267
118130
380272
642431
118134
380287
642441
380295
118147
642442
118151
380301
118152
904576
904605
642459
118171
642453
118177
642475
118179
380327
904617
642476
904618
118182
904613
118185
904612
904609
642471
118195
904639
642492
380349
118201
904625
380347
904626
380357
642507
642501
118225
642521
380373
380375
642512
380380
904660
118239
642533
380392
118254
904700
642552
904702
118265
904692
380414
118275
642571
642574
904714
118280
380430
904725
118296
380443
118309
380448
118311
380461
642596
380458
118323
642621
118325
380464
118326
642622
118335
904781
118338
642637
118341
642636
380483
904779
904778
642638
904775
642629
118353
118365
642645
380505
380516
642667
904815
380518
380513
904809
380515
380526
118383
642685
380540
642697
380550
118407
118410
642693
904861
380562
380571
380570
118433
380582
904873
904872
380579
118438
118441
642720
904892
118450
118452
642751
904883
380612
118471
642766
380610
118473
642752
118478
642776
380627
118486
118489
118490
380633
904932
904935
642789
904959
642811
642810
118514
904952
904954
118518
904944
904965
118538
380683
904991
642842
380697
904977
904979
380699
380711
642861
380717
118570
380715
642855
642872
905020
380727
118580
380733
642864
380728
905039
380742
642892
905031
380746
642907
905054
380758
642908
642896
642899
905046
118621
905041
380761
118628
642927
380783
905084
905083
642928
118652
905075
642952
380806
380801
905096
380802
905093
380812
905089
905091
905090
118672
905116
642974
905109
380831
642962
118687
642966
118693
118692
642991
642979
380846
642981
380842
118705
905149
380855
643002
642999
380877
905158
380873
643032
380884
643037
380881
643029
643048
118752
380902
380909
118763
643042
118764
643044
905215
118778
905206
380922
905230
118789
905224
380931
905223
643097
905243
380946
905238
118810
380955
905261
905257
118824
118829
118830
118834
643134
380988
643124
118847
380996
380995
905284
381007
905309
643163
381011
905306
118872
118875
381022
905296
118883
118887
643173
381032
643175
381034
643174
118894
643192
118899
381043
118903
643185
643184
118907
643187
905334
905356
905349
905345
118935
905365
381085
643216
118943
381083
643240
381095
118951
118952
381102
381098
381111
643261
905400
905398
381113
643254
905394
118979
643276
118984
118987
118994
643292
119000
905428
119011
119014
381166
905443
381162
905465
643325
905467
643314
381177
905485
381184
643342
905476
119053
905472
905503
643355
119061
905499
905493
643346
381209
643368
905516
119077
119076
381229
119081
905510
905505
119084
381236
905532
381239
381238
643389
905527
381241
119101
905549
905541
381260
905543
905542
119117
643399
905556
381284
643432
119138
643437
119143
643439
381282
643424
905572
119147
381301
643448
905592
381308
643440
119166
643466
643471
643457
119179
643458
381332
119191
381330
905620
119197
643476
381351
643503
381358
643492
905634
381365
119226
119231
119234
119237
905673
119239
905669
119240
119242
643524
905667
381386
119249
905689
905684
643539
643561
381414
381421
643554
905697
643556
119280
643579
381436
643572
905736
643587
643586
119312
905758
381456
905749
643604
381467
643624
119331
643626
905769
905768
119332
381475
119336
119339
381487
119340
381483
119342
381494
643644
643647
381490
381500
381497
381499
119364
643663
643662
119368
905798
905793
643655
119377
643675
119378
381520
119384
119388
905836
119395
381537
119398
905828
643705
381557
119411
905854
905848
905851
643710
119423
905868
643723
643724
905860
643712
381577
905887
381590
643742
381586
381596
381599
381595
119456
643754
905896
905892
119471
119474
381631
381627
905906
381637
381633
381632
381635
643781
905923
643803
643806
643793
905940
119514
643794
905967
643821
119524
119527
643813
119534
381681
643838
905972
119551
381691
119555
905999
643855
381698
643840
119560
643843
643842
119567
643865
381716
643866
643858
119578
643862
643881
119585
119584
643883
381735
381742
906016
906019
906018
643899
381750
643902
119608
906039
643891
643892
119615
381754
381760
119629
119628
381770
381781
643930
119637
119641
906093
906095
381799
643947
381794
643950
643943
381812
119667
119668
906107
643952
643957
643979
381825
643980
381826
643975
119699
643995
906142
643997
906139
906138
643987
906157
119714
381858
906149
119720
906148
644003
119722
906145
381865
644004
906170
119741
381880
644020
381883
906188
644042
381889
644032
906178
906207
381911
119767
381906
644049
644052
381914
906221
119783
644078
906213
644069
906211
906236
906239
644093
381949
119805
644087
381965
381967
119823
381972
906271
381971
119835
119839
119840
119842
906281
644141
906276
644128
381998
381993
906273
644153
382005
382012
119867
906289
644149
906291
119870
119873
382021
644171
906318
382016
644163
644165
119886
382026
644184
644188
119895
644176
119899
644178
119902
119910
382062
382071
906360
644220
906357
644208
382078
906355
644234
382094
906368
119953
119954
644254
644241
644240
382111
906391
119962
382105
906387
382116
644264
119973
382115
906411
119975
382114
906401
119985
906428
644283
906425
644287
644273
119992
906422
382139
906419
906442
382159
120010
644312
120034
120037
644334
906468
120042
120045
644325
382186
644344
382194
644338
382201
644342
644360
120075
906503
644355
382216
120078
644377
120085
906522
644368
644373
906515
382243
120103
382242
906528
120113
382257
906553
382256
120120
906550
382270
644404
120129
382276
906569
906568
120135
906570
120143
644441
382300
382303
382296
120156
906579
906578
644456
382308
644459
382311
906600
906602
120168
382316
644453
120172
906595
644454
382320
644464
906615
120186
120189
906610
382342
120196
120199
906629
906628
120200
644482
906630
644487
906626
644504
906654
906649
120215
906651
382361
382360
644523
120228
644524
644516
120240
906684
382386
382397
906677
120249
644528
120253
382392
644535
120258
120261
906691
382421
382416
120278
120281
382428
906704
644585
382436
120291
644586
120296
120300
120303
120305
644604
644607
382463
644619
382466
644622
906756
382479
906759
644612
382474
644632
120338
382483
120356
382499
906794
644641
120360
906791
120367
120369
382525
120377
644656
120379
120378
382526
382521
120383
906802
382535
906827
644675
382538
120409
644690
120412
644695
120423
382562
120424
382575
644706
906849
906848
906873
382588
906871
382590
120449
644747
120451
120453
120452
906890
382601
382609
644755
906897
644776
644768
120490
906915
906941
382641
644785
120507
906934
120506
382650
382660
120515
906953
120520
906951
120535
644816
906964
120536
906967
644843
906987
644837
644859
120564
906997
382719
120573
644855
120574
120577
120581
907016
644866
382729
120591
644870
644889
120595
644891
120597
907035
644894
644883
644886
382757
644896
382766
120624
644923
644922
907060
120634
382778
120640
382791
120645
907082
644930
120654
907103
907096
382813
120671
382820
644975
907109
382825
644984
120690
382833
120692
120695
644991
120696
907148
907146
382863
907167
120722
907160
382864
645023
907157
907159
645013
382872
907152
382883
907179
645027
382889
382888
120756
907195
645041
907191
645042
120764
382914
382924
120784
382932
120788
382928
645084
120797
382949
907244
382948
907247
382950
907246
907234
120817
645112
907256
382963
645118
382972
645110
907279
382982
907275
120838
645125
382985
382987
907266
645145
382993
382992
645137
120856
383001
383002
907309
645161
645163
907310
645162
383011
383021
907301
120875
645155
907303
907298
907325
120883
907323
120888
645171
383038
907313
645173
907312
120897
645195
120909
645191
120915
907352
120916
383058
120925
383079
120933
645228
120939
645244
907384
383103
383102
907377
907379
120965
645262
120966
907396
907399
120972
383112
907420
907423
645265
645269
907408
120988
383130
907429
907425
383144
121004
645287
121006
645305
907451
121014
907446
383175
907471
121029
907464
645326
907463
645314
645317
645316
383191
121042
383186
907477
121051
907479
121052
383192
383205
121064
645347
383211
907517
645369
121072
121077
121085
383226
907535
645388
383247
383253
645403
907544
645392
383263
645394
383256
645399
907565
383268
121123
907561
121128
383278
383272
121139
383286
121141
645425
907574
645428
907568
121153
383300
121156
645454
907585
121167
383306
907586
383317
645469
907611
383315
645457
121179
907603
121182
907629
121190
645475
121194
383337
645476
121196
383349
645496
121202
907643
645502
383365
907663
121218
121224
121227
645507
645509
907648
907650
645531
645533
383377
645534
383378
383388
383391
383385
121248
383399
645551
121257
383404
645538
121258
121261
645562
383409
907705
383408
907704
121268
645553
645558
383428
121285
645580
121289
907716
645575
383444
121303
383453
645584
645586
907730
121318
645601
383471
121324
121326
645624
121331
383473
907768
121337
121342
121347
121353
907780
121367
121366
121374
121376
645675
645674
645679
907814
645669
383530
907838
645694
383546
383567
383560
907840
121423
645723
645725
121430
121435
645719
907859
383588
907881
907873
645735
907874
645754
121458
383603
121464
907891
383621
121473
383623
907908
907910
907904
645764
907933
383636
907935
383639
121493
907931
383634
645779
907926
383641
907920
907923
645801
383655
907950
645804
383648
907947
383663
645799
121524
121531
907983
907972
383692
383694
645853
907993
121556
383709
383710
907990
645842
121565
121567
907986
383706
645857
908004
121580
645880
645883
383734
383728
908027
645886
645874
645879
908018
383750
383745
121608
383752
908057
383775
908049
908048
383771
121630
121633
383780
383783
645933
908075
908074
645925
121645
121647
645945
383799
908095
121653
121654
908087
645961
121667
908110
645964
121673
645952
645954
908098
383829
645976
121685
645969
645994
908139
908132
383849
121715
383859
121718
383868
908145
121724
121730
908171
908166
383881
646021
646020
383892
121749
121751
646047
908179
908178
121758
646057
121760
908201
383907
383916
121774
121781
121780
121782
383934
908209
383931
383930
908210
908237
908230
646106
646108
121815
908251
908245
121820
121822
908269
646120
383969
383971
383981
908261
383983
121834
908259
383978
646136
646140
383987
383986
908279
646152
646154
121863
646144
121868
121875
646170
908308
646166
646187
121890
646189
121893
646183
384053
646201
384055
646206
384061
908361
121927
908363
908362
121929
908356
646213
121936
908382
121944
646250
121958
646242
908385
646270
384126
908429
646282
121993
908422
384142
646296
908446
908441
122007
908436
908461
908457
646317
384175
646328
122034
646333
122039
646321
646325
646327
384187
122046
122048
384199
908494
908489
122052
384195
122055
646336
122056
384206
384201
908483
384203
122065
908510
908505
646367
908500
908502
384216
646358
646368
122095
908537
908539
122107
384255
122111
122110
646390
384250
384256
384259
384269
646402
122128
646429
384275
384274
646421
646420
122145
646442
908590
908585
384288
122152
908583
384299
122159
908579
908606
646458
384305
122168
122172
646475
384320
384322
384328
384331
122194
908638
908628
122202
646484
908627
122206
122210
646510
646497
908641
384372
384369
908661
646517
122248
646530
646532
122256
122259
646557
122265
384415
646548
908690
908719
122274
122277
384419
122279
122281
384429
646560
384425
908705
646564
646586
122292
384434
122296
384447
908749
122305
908748
646604
122310
384460
122315
122314
908737
908739
122324
384472
908755
646633
384484
646626
646628
908797
908799
122354
122357
908792
384498
908794
908789
646643
646646
384516
384520
122383
646680
908830
384528
122395
384536
122396
646697
908846
646701
908843
646702
646689
122408
646695
384565
646713
646712
122418
384561
122423
122425
908848
122430
646731
122439
646721
908871
908865
646727
122449
122452
646751
122454
384594
908887
122461
908880
646761
646760
122471
646755
646754
646757
122479
122480
122484
122489
384639
384638
384633
646772
122497
908940
122496
646794
646785
122509
908957
122517
908953
122521
384671
908951
384664
384666
122532
908971
122535
122537
908964
646819
122539
908960
646845
122555
122561
122560
384712
646852
909020
384726
122582
646864
122587
909014
909008
909010
384741
122594
646895
909029
646883
646885
384752
384755
646897
909047
909046
646898
122620
646921
122631
384771
122632
909059
384778
646943
384799
646933
384794
646957
909099
909098
646945
122665
646944
122667
646950
122673
122679
909115
122678
122680
122684
909104
909106
909132
646988
122692
384846
646980
647002
909145
384849
909142
384856
122719
384869
384867
647022
384879
647010
909152
122739
384883
909179
647025
384892
122746
122751
909192
909188
384910
909190
122764
909213
384919
909211
384921
647081
647084
122795
909219
647079
384938
909218
909245
122800
909246
122807
909233
647095
122815
909261
122817
384965
647112
384967
909262
122825
122824
909249
647108
909251
647128
909279
384982
647130
122843
909266
647137
647141
385000
122869
909303
909302
385019
122881
385030
385026
122888
647175
909314
385046
385043
909339
647189
647190
647209
122912
385062
909353
122918
122920
909345
647207
909369
385075
647231
909371
909363
385093
122945
385094
122946
647244
385090
909376
647239
122961
385110
647258
647261
385117
122968
647251
385115
385124
909420
909423
385127
385133
647267
909414
647266
385129
122991
909432
385148
909427
647287
385146
909453
123008
385152
647310
385160
123025
909471
123032
647314
909457
385188
123044
385187
647342
909478
123055
385207
385206
647349
647350
385220
123077
909514
123080
909511
385224
385227
385239
385245
909525
647377
385244
385246
123104
909551
909546
123110
647419
909566
647420
647423
909554
123138
909578
385292
909572
123149
909571
909597
123157
909588
123166
909586
647466
123173
909611
385324
123179
385321
123182
909628
385335
123187
385329
385328
385340
909623
909619
385351
909642
647502
385356
909639
647492
123212
385365
123217
123219
385361
909653
123228
385371
385379
385378
385388
123240
909668
909665
909693
123259
123269
385411
647553
123273
647552
123274
385419
123287
123289
647570
385433
647572
909715
123297
647592
123296
647594
385443
385453
385449
647588
909758
909749
123320
909744
123324
123337
123343
385483
123345
385492
909781
909777
385498
123358
647657
123363
385504
647660
647652
909820
909819
123385
123384
385529
909811
647689
647691
647690
123397
909834
909852
385556
385552
909851
909844
385563
385562
647721
385574
909863
123434
909856
909858
123442
647729
123448
385598
647730
647753
909896
123463
123465
909895
909888
385610
909911
647762
909904
123487
647791
385635
909931
385647
123501
909923
123507
647805
385661
647793
123523
385670
123526
385676
647811
385674
909954
123541
385682
123549
909968
647848
385703
909992
123561
123565
385712
910010
647857
385727
647859
910003
910029
385732
647880
385728
647872
910022
647877
385738
647896
123610
123613
385764
385760
647905
910076
910068
910067
910066
647945
647947
647949
123656
910084
647940
910083
123667
385814
910105
123671
647952
647955
385816
647958
123681
647979
123683
910122
123688
123691
647970
647975
385840
385843
910133
385853
910132
647984
647986
123706
123711
385851
647990
385856
385859
910148
385871
648002
385866
910172
385879
648026
385878
123730
123732
648028
910171
385874
910164
648023
910189
648043
648047
385903
648034
648037
123760
648063
910195
385915
910194
385927
123778
123783
910219
385923
648078
385933
385928
385931
648095
910234
648080
910228
123803
910231
648086
910254
385953
910251
385954
385965
648098
385961
123820
123824
910263
910258
385985
123845
910280
648142
123846
910282
123849
910276
123853
123852
385995
910296
648159
386020
123875
386017
910313
910312
123879
910314
386029
648187
386032
910328
910331
648177
910321
123905
910351
386051
648207
386059
386058
648217
123923
648218
123929
648236
648238
123942
910378
910369
910368
648251
648253
386109
648241
648242
648247
910386
123969
123970
386118
386120
123986
648287
123991
910423
386137
124001
648299
648289
386153
124014
124018
386161
124023
386163
648305
910453
124027
648309
124028
648311
124030
910476
910475
386188
648322
648325
124044
910467
386193
124053
648349
124056
386206
910483
910482
648342
386214
124073
124074
910499
386225
124084
124086
910517
648369
124091
648370
386235
648393
386244
124098
386252
124109
910531
124110
386250
648408
910548
386271
910573
648417
910561
910560
386280
910563
910589
648443
910591
386294
910585
648444
648447
910587
386302
648437
910576
386309
648457
124163
910606
386306
124183
648467
124188
386328
648471
386331
386341
910636
648490
386336
648495
124203
386345
386344
910627
910652
124219
386367
910646
910641
910668
386375
386368
386370
910666
386380
910660
124239
386378
910685
124241
910684
124242
648538
648533
910672
648553
124256
386403
910689
124271
648550
910716
648572
648565
910707
386426
648588
124299
124301
386453
910745
124309
124308
910743
910739
910759
386474
648633
910777
910772
910774
648631
124352
386496
648655
124360
386511
124364
910812
648664
648668
648671
910801
124383
124385
386533
124391
386531
124392
648675
124401
386548
910843
124407
386556
910860
124418
648717
386562
124422
124425
124424
386571
386583
648733
648721
910868
124440
124445
386587
124451
910886
386606
386600
124460
386602
386615
648763
910907
386620
910900
910925
648776
910916
386644
386643
386653
910957
648801
386671
648802
648804
648825
648824
124535
910966
386681
910963
124543
648823
910989
648843
910990
124549
124548
910986
648832
386698
124567
124571
648851
386718
386712
124575
648855
911022
124578
386726
386720
124583
911012
124591
124598
648880
911031
911024
124606
911048
911051
124616
911041
911068
648923
386768
911060
911057
124636
911059
386778
911085
386789
386791
648940
124646
648931
124650
124657
648952
648957
386800
386812
648944
124667
911090
124673
124675
124685
386825
124687
124690
386833
386847
386840
124705
124704
386855
386848
386851
911141
911140
648996
124720
911164
649019
911160
124727
124729
124728
649010
124733
124735
124737
649032
386887
911172
911175
911171
911170
386901
386899
386911
386904
386907
649046
124770
911209
124772
649071
124777
386927
649062
386932
124787
124788
911226
386943
649074
124797
124798
911244
649096
386951
386950
911232
386954
124817
386965
649116
911253
124827
649110
124832
911272
911267
124847
386986
649147
911295
386998
387005
911287
649140
124862
911308
649163
124866
911310
911302
387019
124880
911324
387028
649179
387024
911323
387037
387039
911312
911341
649195
911336
387042
911335
911334
911328
387048
911331
649190
387050
911353
649200
124920
911372
387079
387073
649230
387085
124939
387082
124942
124945
124946
124948
649246
387103
911382
649237
387097
124959
911405
387108
911402
387117
124968
387113
649253
387114
124977
387124
387127
649278
387130
387141
124992
387138
911428
387151
649285
387145
911427
387156
387158
649311
911444
911447
387166
387173
125027
125032
387183
125037
649319
649318
387187
911476
387199
649330
125053
911475
911503
125058
911499
911493
911488
911491
387210
125075
387216
125076
649375
649366
911531
387234
911524
125101
125102
911544
911542
125117
911537
911567
125123
387271
125122
125125
125124
387267
649410
125133
911581
649434
911582
125141
911575
649429
387288
125151
125154
387309
387310
911590
911585
387307
125169
125170
911609
911608
649471
125174
387324
125187
649473
911621
125192
911623
649475
649498
649501
649503
911638
125210
911635
649512
387361
911658
911652
649508
649529
125232
911675
649534
125241
649523
387390
649544
911695
649547
649551
649536
125261
387400
911680
911683
125262
911707
387422
911717
387436
649571
125290
649575
911714
911743
387440
125304
649589
649608
911756
387470
911747
387466
911773
649626
125333
911764
649619
387481
387482
125344
911786
387500
387497
911779
649657
387509
911800
387517
649654
649672
125376
387523
911815
911808
649671
125394
911832
125396
649695
125398
649694
387548
387545
911824
649687
387557
125410
649709
911845
911846
649726
387570
911861
649713
911860
649715
649714
125434
125439
911887
911883
387586
649742
649729
911872
387607
911903
125461
387600
649745
649744
125468
911890
387620
911918
649775
911909
125483
387630
649764
125488
387638
125493
387632
649779
125500
125503
649804
649793
387660
125517
387664
387679
649815
649833
125539
387680
387692
649827
125546
387697
387698
125558
649841
125563
125567
912009
649869
912007
125581
125588
387731
649886
125592
649896
387750
125607
649903
912043
912039
649892
125612
125616
387767
125619
125635
387778
125643
649923
125648
649946
125650
649949
912090
125663
649962
912105
912101
912125
125680
912121
649982
649968
387834
125697
649993
125696
649994
912136
387849
125709
650003
912172
387873
125732
387875
387886
125740
650023
650042
125751
387901
912181
650035
387905
650048
650050
387913
125774
650073
387924
125779
912222
650077
912216
387932
650069
125788
912208
387931
912237
912239
912233
387950
650085
125804
912226
387958
650109
387955
650098
650101
125823
912264
912267
650126
125832
650119
650118
125840
912287
125842
650143
650133
912274
912300
125862
125865
912289
650148
912288
125871
388011
650168
125875
650161
912308
650164
912307
650167
125887
125894
125898
650181
650183
388042
912349
650198
125918
912338
388058
650217
388070
388067
125930
650238
125944
912370
388096
125959
388099
912394
650243
388110
650245
912400
912402
388122
912429
125985
912430
388134
650282
388131
125993
650274
388148
388147
388157
912438
126010
388155
388154
388164
912463
126018
650316
912473
388188
126040
388185
912467
650326
912493
650349
912480
650361
126065
126064
126071
388221
388223
388217
388216
126083
912526
388230
388227
912522
912516
126093
388234
388245
912541
126096
388244
126103
912532
126106
912534
388248
650388
126113
388262
126118
912550
912573
912571
126134
650419
650418
650442
650444
650446
650433
912582
912576
126159
388307
388306
912598
388315
388323
650479
650468
126188
912637
126193
650488
650491
912639
912632
126196
912631
912652
388359
650507
912654
126217
126216
126218
388366
126223
650523
388369
388368
650526
126233
650517
912657
126237
650516
912685
650538
388386
388397
912676
650533
912689
912688
126271
650551
126273
912718
650561
126281
650560
126283
912704
912707
388437
388438
388432
912731
650591
650590
126297
126299
388446
650578
650582
388442
126309
126313
650592
388459
650598
126318
650616
126327
126326
388477
912755
912780
126339
126341
388482
388494
388489
388488
912770
126353
388500
912799
126359
912791
912790
388510
912786
388517
912814
650666
912811
650670
388521
126381
126383
388522
650662
126387
388528
912826
126395
126394
388542
388537
126397
126398
126401
388551
126403
912836
650690
650693
126415
388554
388565
126416
126425
650705
388575
912848
912879
388577
126441
388589
650722
650724
388587
650726
126451
388595
650739
126459
650738
388606
912880
650743
650762
912910
388609
650765
126471
388621
912903
126475
912902
912924
912919
388633
650774
388645
126497
650795
388646
912937
650785
388652
388655
650789
126509
912928
650811
388669
912972
912965
126537
126549
388701
912977
388699
388698
126565
913001
912996
650852
126576
388724
913017
650877
650879
388734
126586
913036
913039
126597
388739
650881
388749
650884
126608
650904
650906
913048
126612
650910
650899
913047
913070
126630
126638
650937
126643
650941
388784
913078
388792
388795
913101
388807
650956
388813
388812
126664
126668
126672
913119
126678
126680
126683
388831
388830
388827
388837
650986
126690
388847
650978
388842
126705
913148
126704
651003
651004
126711
913146
650992
913142
126717
651010
913181
126736
388895
388894
651031
651030
126754
126757
388899
651054
388908
126768
913215
388913
651068
651056
126782
913220
126795
388942
651077
913216
126799
388938
651078
913245
388946
651089
126816
126818
913257
388972
126829
651111
913251
388970
388980
126838
388989
651144
388999
126850
913289
389006
913309
389014
126868
389010
126873
389022
126879
126881
389024
126886
913317
126891
913313
126893
913314
389045
651195
389040
389053
389055
126909
651188
126911
651190
126913
913352
913349
651200
913351
913350
389070
126927
651227
913369
651229
651230
126940
913363
389093
913388
913391
126946
913387
126950
651246
389101
651235
126961
913407
651261
913403
389106
913399
913393
389115
126974
126977
913423
651275
913418
913414
913409
126990
651288
913433
389136
913453
127013
651309
389154
651296
913447
389160
389162
913469
127025
127027
651313
127032
389176
389179
127041
127051
389192
389195
127056
127059
651351
389221
389223
651370
913512
127079
913515
389218
651374
127080
127101
127107
651404
913541
651392
651395
913543
651394
913536
651396
651417
127123
389267
651422
913559
651410
127135
389274
127138
651437
127143
651439
127149
651428
389291
651430
389300
389297
127157
127159
651441
913588
651445
651465
913614
913609
651468
389315
389314
651456
389324
913602
127187
651483
389334
127189
127192
913617
127199
127207
651489
127210
913633
127213
651495
913634
127216
651515
913662
127223
651518
389372
651509
127229
651528
127235
389377
651521
651522
127244
389397
651545
913692
127252
651537
913685
127259
389406
913680
651561
651560
913708
127267
127268
127275
389422
913697
127276
913699
389418
913725
389428
651583
389427
651569
127288
913719
913712
913715
651575
127296
127311
127313
389463
651612
389456
651615
651614
651600
651624
127334
389484
651620
389480
127342
913788
127344
127349
913783
389503
389502
127357
127360
913807
127371
651652
913817
651676
651678
651665
913814
913838
913835
913834
127405
651686
913852
127415
127423
389573
389572
651723
127428
389570
127430
127433
913859
913876
389599
913873
127452
389605
651752
127459
127461
651757
127460
651759
127473
651769
651768
389639
127490
389634
651777
651776
389641
651783
651801
389652
127507
389654
651805
651804
651793
389663
127514
651821
389666
913956
389678
127530
651812
389672
389684
913982
913977
913973
651826
651829
389689
913970
651830
651849
651851
913998
651853
913985
389716
914012
651866
389713
651869
914009
127574
389733
389735
127593
914021
914046
389747
914043
651894
914034
914061
651915
651917
127620
389763
651905
389768
914051
914050
914077
127635
389783
914078
389779
651920
127640
127642
651924
651926
651945
127650
389792
914087
389807
127659
127658
389806
127660
914109
389815
651966
651956
127676
389828
127680
651976
914120
127687
389838
914113
914112
651974
389847
127700
127705
914132
127707
389849
127719
914154
652001
652000
914148
127720
389870
652005
652025
652030
389885
127736
914163
389882
652041
127745
389888
127753
652037
914179
652038
652056
389907
914198
652073
652074
389926
914216
652069
389928
127791
389930
914237
914239
389939
914229
389951
914230
652104
914254
652109
652110
389965
389961
914240
127825
389975
652122
652125
914263
389977
127840
652136
127845
389997
127851
389993
914273
914299
652145
914292
390012
652148
652150
914316
652170
914313
127876
390018
390029
914310
652164
127887
390026
127889
127890
127895
914331
390035
914320
914344
652207
652206
390060
390059
390069
652219
652218
390079
914359
127931
914358
652215
914377
652236
914376
914373
390095
127948
652231
127952
914395
914388
127962
914390
914408
127972
127974
652256
390126
390132
652285
652287
390141
127993
652275
127998
652296
128006
652289
128013
914460
390167
128021
390163
652318
652329
390180
914476
128042
390187
652344
390206
914486
128058
390200
390203
652361
914511
390209
128069
652364
914507
128070
128073
652353
128072
390220
390229
390231
390225
128088
390238
914512
128095
652374
914543
128098
914536
128105
914533
390255
652388
390261
914556
128112
652412
652403
914551
128122
652426
914569
390285
914565
128141
390280
914563
390294
128146
652445
128151
914587
128152
914580
128160
128163
914621
652472
128179
390327
128178
128181
914616
652464
128184
390335
128186
390334
128190
652470
914636
914639
128197
652492
128196
390349
914628
652480
390353
914650
390364
914646
652501
390373
652521
652524
390377
390379
914687
128245
652540
914677
128254
390394
914700
390412
128267
914717
128281
390429
914705
652566
128288
652586
128295
914730
652577
128299
390446
128298
390453
128304
390455
128306
390451
914746
128310
652618
914760
652620
390479
652610
652612
652634
128341
914779
652639
128344
390495
128347
652629
652631
652649
914799
390502
128359
652655
128365
914785
914815
390519
914814
128387
652683
914830
390529
652685
390530
914822
914845
652702
128409
652691
914832
390554
914861
652704
390572
390568
652710
128437
128439
652734
652723
914864
128447
914888
128459
914886
390600
128462
128467
128466
652759
128478
390625
128484
390627
914918
128492
652775
652792
390653
652784
390655
652786
914931
128512
390663
914958
914953
128518
128522
914944
128527
652816
390692
390694
652845
128551
652846
390709
390705
390716
652850
915021
390727
128579
128583
128585
128589
128588
390731
652870
915037
390741
652890
128607
915026
915053
390757
652909
128612
128619
915046
652903
128623
128625
915068
390781
652915
915057
128645
390787
915082
390797
390796
128648
128651
128653
915075
390794
390805
390804
915102
128658
390801
128662
652958
128664
390808
390810
652971
652963
915105
128686
390837
652989
390847
128701
652982
915149
128705
390855
653005
652993
390863
128715
652994
390857
390856
915165
128721
653017
653019
915167
390865
128725
128727
915163
128729
915172
128747
653026
653029
915199
915189
915188
390911
653044
390916
128771
128774
128780
653081
390932
915230
653084
128788
915224
653086
915221
653072
653075
128794
653076
915219
128803
915240
653103
128809
653091
915238
653092
653095
390964
915262
653117
390960
128825
915251
653110
390977
390985
915267
128849
915293
915295
915289
915290
128857
391004
653141
128861
128862
391002
653160
128869
915300
653154
391017
653157
128876
391019
128879
915298
128881
391031
653181
391024
391039
653192
128900
653199
653184
391054
653191
915330
391050
915359
653210
915353
915348
128920
915345
391067
653206
128929
915374
128935
391075
653217
391086
915361
653240
915387
391101
653232
653235
128957
391096
391110
653262
915398
915393
653255
915420
128983
391133
128984
391134
653288
391140
915438
128997
915432
391148
915430
391145
653287
129006
915452
915455
653306
129013
653309
129019
391166
653321
915470
129029
129028
391168
391171
391177
129038
653336
653339
915480
915479
915478
129053
915475
129055
653334
653354
391215
129066
391214
391210
129075
653370
653375
653360
653365
391225
653367
129088
129091
653376
915526
653383
391252
391254
129106
915540
391263
653395
915536
653396
129125
653420
915560
391276
653408
915559
915555
129134
129137
129139
653425
653431
391301
915598
653454
129169
391317
391319
653466
391326
129182
653481
129195
391342
915617
915619
391345
391347
653491
915660
653515
915659
391362
129227
915651
391371
391383
391382
129239
391396
915694
129253
129252
915684
129258
129260
653543
915682
391402
129266
653567
915701
129272
653554
391416
129280
391437
129288
391439
653571
129290
915714
915741
653593
653595
653596
391449
653589
129308
129310
391460
653611
653613
129319
129321
391471
653627
129331
915768
391487
915760
129340
653622
653640
129344
129349
391491
653646
915780
915778
129365
915797
129369
129368
129371
915798
129370
391513
391525
391527
391522
653665
391533
653664
653670
129390
915837
915832
129399
129401
653684
129404
653687
915827
653704
653708
915851
653710
653697
129417
653703
653720
915868
129427
129426
129429
653724
653738
915881
129447
391597
915872
653735
391594
129458
391602
915891
391610
391620
653774
653760
915910
653762
653778
391641
391640
915922
915949
653800
129504
391652
653805
915946
129512
653795
653794
653797
915939
653798
915964
129524
391676
391679
129533
391675
915981
915983
129541
129543
391682
391693
129557
915992
653855
129558
915991
653843
391710
129564
915987
129569
916015
653866
129570
129577
916004
653858
129583
653884
916026
653896
129602
653898
129607
653889
129609
916036
653895
916060
653912
391764
916057
916051
129630
391781
391782
653935
916074
653920
653923
129644
916064
391787
129647
653945
653936
391807
129660
653961
129664
391815
916111
916101
653955
129674
129676
916099
391837
653971
129691
391838
129697
916141
653997
653999
916138
916134
653988
916131
129715
916152
391871
654002
129727
391866
129729
654029
916169
391874
654017
129736
916161
916189
129746
391889
916187
391916
916198
916195
916221
391926
916212
654066
129786
391938
129803
391945
391944
916253
129809
916254
654106
129812
391952
391955
391960
391963
129823
916269
129827
916271
916267
654127
654126
654115
391982
129836
391989
391997
916277
391996
654130
391998
391993
391992
129854
654153
654155
129861
129860
654159
916294
916288
392016
654175
916315
916308
392030
129891
129892
654190
129894
129898
392046
129902
392053
392051
916346
392063
392057
654197
392069
129923
916361
654223
916356
129931
916358
916355
129941
392088
392090
129952
129957
392109
916388
129969
129968
392119
916410
654259
916406
916401
916400
654260
654282
392148
916446
654298
916440
130013
916434
130023
130025
654309
654308
916476
654328
130032
654332
130036
392179
654334
392188
130043
392190
130045
130046
654326
392198
654346
130053
654336
392201
392203
392213
130064
130067
654365
130068
130075
916525
130085
392227
392236
654371
654375
916514
392244
654396
130105
392253
916535
130108
392248
130111
916531
654412
130123
392270
916544
916547
392279
916570
916566
654440
130144
654446
916583
392302
654436
392310
654461
392307
916599
916592
916623
392326
654476
654479
130189
654470
916637
392348
130203
392350
916627
392354
130214
392364
654499
130220
654503
916643
392375
130233
392378
130241
130245
392387
130247
916677
916679
392392
392404
654557
130261
392400
130260
130263
654547
392415
916694
916688
392408
916716
916713
916709
130281
130285
392424
130287
392426
130286
130289
392437
130293
916727
130301
916720
654582
392442
392453
916748
392449
654605
130315
130314
916737
130318
392466
130329
654609
392476
130331
392479
916758
130330
392478
916752
916782
654636
130343
392494
130348
392496
916795
654654
916788
392511
916790
916785
654647
654646
130371
916808
392512
392524
916804
392520
130380
654680
916828
130388
392541
654672
392539
392538
130403
916841
916840
654700
392546
392557
392555
130417
916862
654705
392569
130430
392582
392576
916872
130439
392591
130445
392599
654747
392598
916889
916890
654750
392606
916881
130461
654765
654767
130471
392611
392623
916896
392629
130481
130482
916920
130487
654774
130494
130501
392641
654797
916935
916928
654791
916956
130515
916953
392658
916951
392670
130525
130524
916972
392679
654830
130534
130536
130539
654821
654822
130544
130549
654837
917007
130565
392704
917002
392712
654855
392715
654872
654875
130578
130583
392735
654869
392731
130595
654890
654894
917028
130600
392750
917025
654884
917027
654886
130608
392759
917049
917050
130617
654897
392767
654903
392773
130631
392771
917060
392777
130638
392784
392786
917079
654932
130655
917075
130656
917100
130659
392801
654944
392814
654949
917089
392821
654975
917114
654961
130686
654966
130693
392834
130697
917124
130699
654978
917123
392853
392851
917141
654995
392859
655018
917160
392877
392876
130730
392885
130741
917176
392883
917172
130748
917196
655050
392898
655041
655043
917191
392910
917184
130769
655064
392919
392918
392913
655068
655056
130778
392922
655081
392935
917230
392939
130798
392951
130805
392946
917237
917236
392958
392953
392954
655117
655104
655130
917278
130837
130836
130838
917269
130842
655125
655124
130851
655151
130855
130854
917285
130856
393003
130863
130869
130868
655167
393017
655176
655181
393026
393037
917318
130893
655172
917315
393035
655193
130896
130905
917332
393050
130912
655210
393058
130920
655204
393077
393084
655216
655220
130947
393094
655244
393090
130950
130952
917382
917378
393117
130968
655251
393124
655276
655279
130982
393132
917414
917411
130990
393142
393137
393136
917432
393138
393144
131008
917455
393158
655309
131013
393153
655310
393154
655299
131018
655300
917443
655321
131024
917465
655326
655313
917463
393185
655341
131046
655342
655328
131053
393192
655355
131058
393200
393214
131071
655350
131078
917513
393237
917533
393235
393232
393247
393244
131103
131111
917547
131118
917539
917537
393257
917562
917557
655414
917582
655436
393281
131147
917570
917571
393288
131154
393303
131163
655440
393308
393306
393307
393304
655445
393318
655467
655464
917610
131175
131172
655469
655457
393323
393335
393332
393333
131191
655476
393337
655499
393359
655488
917637
655489
131215
393355
655512
131222
917659
655506
917655
655504
917650
655508
131229
917649
655530
655532
917671
917669
131246
393387
131244
393384
655546
393396
131248
131249
131258
917684
131257
655562
655560
917708
393411
131274
131279
655559
917727
655576
131286
131287
655570
393434
131294
917715
655573
131299
393444
131297
655598
655596
917737
393441
917734
393448
655589
131314
917758
393461
393457
655606
917747
393478
393472
131338
917767
393485
655620
393480
655642
655643
917788
393488
393503
917780
131359
655662
655650
917799
393512
655652
131372
917823
655673
917818
393523
131380
393532
917812
131394
917838
917829
131401
655687
655684
655685
917854
393559
131408
393556
393555
131412
131419
131416
131417
131422
917843
917870
655723
393572
655721
131430
393571
393580
917860
131432
393581
131439
131437
655738
393591
917885
655737
393586
393587
655740
917880
917879
393596
393597
131455
131452
917872
917902
917903
131461
655744
917891
655748
131469
917912
393631
131481
131487
131485
655787
917935
393636
131488
393634
393646
655777
131501
131506
131510
655804
131514
131512
393661
655793
655799
917939
131521
131526
393664
655815
655835
655833
131537
655839
131546
131544
655825
917971
917968
393688
393689
131559
393710
393711
655866
393718
131570
655867
131573
131580
918001
655885
393742
131594
131598
131599
393736
918046
393750
131601
131606
393744
131614
655915
131617
393762
655905
918050
131637
655933
131640
131641
131646
918064
655950
393795
918080
655940
131667
393808
918105
393819
131679
918096
393831
918122
393827
655980
393832
131698
918142
655995
918140
655992
131696
655996
131704
918133
393861
131723
131720
918148
393878
918175
656029
393885
393889
918183
918180
656033
656036
918202
656060
656061
918197
131772
656074
131786
656069
656088
918235
393936
918233
918228
393949
656086
393947
131810
131809
393952
131813
656098
131816
656124
656114
131838
918287
131843
656139
918285
131847
393987
131844
918280
131845
393998
918276
393995
656135
656132
918272
131858
918301
656153
131861
656146
394014
656147
131870
918289
131873
918317
131876
131881
394025
656165
131890
394038
656186
394039
131891
918332
394037
394035
918327
131896
656182
918320
131907
131910
656206
131909
918341
131916
656197
131923
656217
918358
656211
131928
394077
918357
918354
131932
394084
394080
656236
656237
394093
394088
131948
656228
656250
656255
394096
656240
918389
656241
394107
394104
656266
131970
131973
394127
131976
131980
394121
918430
394134
131986
918428
918426
394142
918422
656276
132000
918438
394152
918462
918463
132023
394161
132021
656304
918452
656310
656331
918473
918470
394191
656320
918469
394197
656339
394205
918482
656341
394210
918504
394231
656380
918521
918518
656371
918519
918516
918514
132093
394233
132099
132097
132100
918534
394254
394255
656388
394259
394256
132123
918548
132126
394264
918569
132138
918567
656416
394285
132143
656446
918584
918579
918576
132156
656437
132160
918596
918597
656454
394314
132175
132172
918614
132184
132185
394330
918608
918639
132193
918635
918629
132206
918627
918648
656497
918643
656503
394375
918658
656518
132237
918684
656543
394387
918674
656535
918675
656532
394405
656559
394403
394415
656549
394423
656572
394417
394429
132281
394426
394427
918734
132292
394433
918727
394452
656606
918747
918744
132316
656623
394467
918761
394478
656609
918755
394472
394473
394486
394484
132343
918777
918775
394492
918772
918773
132350
132352
656647
918784
132370
394516
918813
394512
132372
132379
656656
132383
656663
394523
918829
132385
394528
394529
656674
394541
394538
132397
656698
394550
394551
394549
918845
656697
394544
394558
394556
656712
132417
918858
394562
132423
394563
656706
656708
132433
394577
656722
656720
132450
918893
656740
132460
132461
656762
394615
918911
394611
656759
394617
132484
132491
132488
132495
394633
656795
918943
918940
132502
918939
918937
656787
656790
918928
132508
132509
132514
394660
394661
394659
394670
656807
132525
918974
132529
656829
656842
918990
394693
656835
394700
918976
656858
656856
394709
919002
132567
919001
918998
132571
132568
656855
918993
919021
394720
656864
132590
656888
394738
394748
132606
919024
656908
656898
919042
132621
394774
394775
919071
919068
132631
394777
656939
132644
394785
394799
656931
919076
919077
919074
656935
132655
132659
656957
656947
919090
132668
394808
132674
394823
132673
656975
919107
132685
919135
919130
657002
919140
656992
394858
919139
656996
919166
132720
657017
132726
657022
394867
132724
919154
657012
394886
657033
132742
394883
394890
919171
919188
919187
132767
657045
132769
919213
657068
132778
132779
394922
394934
132787
919223
132792
657073
919221
394938
132799
919216
919217
132800
657097
657103
394958
919238
919234
132815
919232
394967
132817
394981
919272
394977
132843
394986
657124
394985
919290
394994
132855
919288
394992
132852
395003
395000
132871
395020
395021
919298
657158
395017
132877
919322
132885
919319
919317
657194
395054
657187
132908
132914
919359
919356
657214
395057
657203
132923
657201
919346
395067
132930
132928
395072
132933
657216
132937
657222
132943
132940
657240
395093
657244
919382
919380
395100
657232
132963
919404
657257
132967
132965
919396
395124
132977
657278
657267
395132
657265
919410
919436
395141
657289
132998
919435
919431
133015
919449
395162
395163
919443
919441
919471
919468
919469
395169
133038
133036
395190
395186
919478
395197
657332
133062
395214
133067
395223
395219
919513
133083
657363
657360
919508
133080
657365
133090
919531
657377
657400
133110
133111
919547
919542
395263
133115
395261
919566
133122
657419
657417
133121
133125
657408
657414
919554
133139
919580
919578
919579
133143
395283
133140
919577
657431
395291
133148
133154
657449
657452
657446
395307
657447
395312
657458
919607
657456
133182
657462
657463
395320
133187
919627
919625
133194
657498
395351
133203
657496
395356
395355
919655
919652
657508
133234
657532
919670
395389
395387
395385
919690
657548
395404
919682
657542
657561
133270
919705
133274
919703
919698
657559
657578
919723
395424
657569
395437
657575
919742
919743
657593
919738
133302
919732
919733
133308
919756
395461
395458
133318
657612
657613
657601
919744
133325
657605
133329
395472
395480
395491
657645
919783
395507
657648
395515
133372
919793
657675
133376
395525
657678
395532
657691
133398
133399
133397
657683
133401
395547
133404
919848
919849
657697
657703
395561
395572
919865
133435
657738
919884
657731
919876
395596
657728
395607
133460
133465
133468
395608
395618
133478
657772
657761
657767
395624
657786
919932
919930
133499
133496
133497
919921
657802
395654
133507
919942
919943
657818
133520
395669
919965
919960
657821
395679
657812
919952
395672
919953
657834
133537
133542
657830
133552
919996
395700
133553
657849
657842
919988
657840
133566
133570
920015
395717
395714
920009
395742
395740
395738
920018
133599
657899
657901
395759
395754
920034
133623
920056
657917
657906
395772
657904
133632
920077
920071
133640
920064
657946
657944
920092
133649
395794
133657
657942
395803
133670
657966
657965
920101
395816
920127
920125
395838
395846
133703
920134
920135
395852
657984
657990
658010
133715
133717
920148
395869
133721
395864
658005
658027
658030
395875
658028
133737
920163
395893
920187
658047
395888
920182
920183
395898
920207
133766
920203
133770
395919
920194
133775
395912
658052
920222
658073
395934
133784
133789
133794
133796
920231
133806
395947
133804
395944
658085
133805
658110
920247
658097
133820
395974
395979
133842
658140
920279
133849
920274
133855
133852
920302
920299
396015
658144
920293
920291
658148
396009
133872
133879
396026
133889
920331
396035
396032
133893
658179
920324
920322
133900
396040
133904
658201
658204
133909
920342
658192
133912
396061
920341
920337
920365
133925
658210
920359
133934
920354
133937
658233
396080
658236
658225
920371
658229
396101
658243
133965
920405
133983
133984
658274
396140
658279
920442
134007
658300
396158
396157
134015
658306
396183
396181
920474
920472
396188
920467
920492
920491
658337
920508
920507
134071
134068
658359
134079
396219
396231
920524
134086
920520
134089
134094
920514
134092
134097
920538
658399
920534
396251
658389
658410
134114
396263
658408
396256
396268
920548
658406
920574
396276
920569
134133
658429
396286
658417
134146
920591
920588
134150
658447
134152
920580
920576
920606
396309
396306
920600
134171
658448
920594
658453
920623
658477
134187
134185
396330
396329
134189
134203
396349
396347
658487
658485
134211
920651
920648
920642
658503
920640
134227
920671
920666
396381
658516
134237
396390
134246
920680
134251
658535
920672
134253
658558
134263
658546
396412
920693
658545
134265
658551
396409
920689
134275
134272
658564
396424
920732
134288
396436
658584
396445
134303
134301
134306
658603
658594
920740
658593
920736
658618
658616
920763
396467
134328
920757
396474
658613
134333
658639
134341
396481
658627
134345
658655
920793
396497
134375
134378
920807
396520
134380
396535
658680
134391
658687
134388
920824
134392
134393
920819
134399
920816
658700
396558
920837
396554
658718
920851
396569
396578
658733
658720
134447
920890
920888
658748
134458
396614
658763
134470
658766
658765
920898
658759
134477
920926
396628
134486
920920
396625
658781
658799
396651
396662
396663
134512
920956
920957
920953
658813
134523
920947
920944
658805
396679
134531
396677
920970
920971
134533
396686
658816
920960
134546
134547
658844
658834
658835
920977
134566
658851
920999
134569
658852
658878
658879
658877
658870
396728
658894
134596
134597
134603
921029
658886
134606
134604
134610
658905
921049
658899
396763
134620
658901
396775
921069
921064
134629
921063
134636
921084
134650
658930
921078
921079
396794
396795
658933
396805
658957
134666
134670
921088
921118
658969
658974
658972
396830
134690
921132
134689
134696
396845
921123
134703
658980
658981
134707
396852
659007
134708
921145
134715
396860
134713
396859
134720
396864
659011
659009
134729
396875
134732
396873
921182
396886
134739
921180
396883
921177
659027
134754
396901
134759
396910
396906
396907
134764
921213
659065
134775
134773
134778
659059
134783
396920
921200
921230
134785
134790
396931
396943
396940
134793
396936
659076
921246
659099
134803
396954
134813
659093
134818
396967
134832
659128
134833
396981
396977
134842
659122
396988
134846
921267
659127
396994
396995
134858
134859
921284
921282
397002
921283
397013
921309
659167
921305
397009
659154
134875
134873
134877
921327
134880
921325
397027
134884
659193
397040
397041
397050
921330
397063
659209
921354
134917
397069
659207
921374
397078
397074
134932
921367
134939
397083
921390
659241
921384
134949
134952
134953
134962
659259
659257
134966
921401
659248
134969
659254
921416
659277
397128
134988
921438
921431
397146
921424
135005
397159
659304
921453
135014
921446
135016
659300
397174
397175
659321
921464
659324
659325
135036
135043
135050
921476
659335
921503
135063
135060
659356
659344
397213
397221
921512
659372
135077
921505
397238
659385
659390
659391
921531
659388
921526
659379
921524
659383
921539
135116
921566
921567
659416
921562
659423
397264
397278
135132
659413
397285
397280
659437
397294
135150
397289
921569
135149
397302
397303
397311
659443
921588
921586
659447
135167
921612
659464
921611
659483
135187
921629
659486
135195
921621
921616
921617
659501
921638
659490
397356
135209
397355
659492
921662
397365
659519
921659
659511
135228
135229
135238
397378
397377
135243
921666
921667
397384
135250
397394
921684
135261
659541
135266
397413
135265
397411
397428
659577
659583
397425
921721
135291
921716
397446
921740
659586
659587
659588
135314
135319
921751
659603
921749
135321
397464
921771
135332
659629
921766
135338
397487
921765
135341
397494
921788
397498
659639
397510
921806
921804
135360
135361
659648
135373
921822
397525
397521
397534
397532
135385
397530
135390
135391
921811
397529
659689
921834
659692
135407
659685
397559
135412
135418
397566
921844
659697
921842
659703
397563
659722
135426
921864
397582
135435
659713
135439
921859
659739
397587
135450
921876
397592
397606
397607
135460
135461
921889
659770
921919
397620
135473
921914
397617
397631
921909
659767
397625
659765
397636
921931
921928
659788
921926
397644
135497
397645
659783
135500
397654
135507
397655
921948
659801
397649
921941
135517
921966
135522
659819
659816
135520
921963
397679
659811
397685
397682
921979
397692
397688
921997
135558
659853
135560
397705
921985
659866
659864
922010
659871
397712
922009
659857
397723
922028
397731
397743
397740
659873
659877
135602
659899
397748
659900
397744
659891
922039
659894
922034
397763
397760
397774
922051
397778
659923
397788
397785
922065
659925
135645
659945
397793
397800
922110
659963
659961
659966
922104
922105
659952
397821
397819
659959
135676
397831
397828
922125
135684
659968
135688
659969
922115
397833
135698
397844
922141
135701
397852
922128
660010
397863
135718
135717
660013
922151
922146
660007
660005
922175
135733
397881
660040
397890
922185
397889
397902
660038
397909
922202
135767
660061
135768
135779
922223
397924
922215
397929
397943
922236
660094
660084
135810
922254
397959
397966
135820
397960
397973
135830
135831
397971
660114
660118
922257
660137
922285
660154
922303
922301
660153
135863
660146
135871
660170
660169
398018
135876
922312
660163
660160
660166
660186
398036
922330
398034
660188
660177
660181
135904
398053
660201
135911
922345
922343
660192
922341
398058
922337
398070
135923
922364
135926
660210
135934
922354
660213
398086
660233
922368
135952
398097
135962
660241
660265
922410
660270
922411
660256
135980
398135
398130
398131
660284
135992
398137
922440
398157
398154
136019
922460
398162
922456
922475
398179
922472
136037
136042
922471
398188
136045
660345
660341
922508
136065
922503
660358
136080
398228
922518
660371
136092
136097
660396
136101
660397
398255
398252
136110
398262
660411
660408
922557
922553
922550
398271
398266
922547
136127
660426
922574
398278
922575
660424
398276
660431
398275
922566
136139
922567
398281
922588
398290
922587
136149
136154
922579
660439
398304
660450
660448
136174
922623
398325
136182
136181
660467
398335
136185
136189
136197
660493
922627
922653
398355
136216
398362
398374
660522
398372
922666
660527
660525
922662
398378
136238
922659
136240
922675
660532
398393
660554
398407
660552
922701
398403
660559
136260
398415
660545
922688
136269
398431
922711
398429
398427
922707
922704
136284
660565
136288
660584
398437
398434
398435
398433
922729
922726
398447
922724
660581
136313
136317
136323
398465
136330
660610
398476
660609
660615
136333
398486
136339
922776
660627
398492
922768
660650
136354
136355
398501
922794
660642
136362
922788
660641
398504
398505
136371
398517
922813
136372
398512
136373
660659
136379
136376
922805
398525
136388
136389
922821
660677
660697
922842
922840
136408
136415
922863
922860
398563
922855
398573
136431
922851
922879
398580
398577
922868
398588
660727
398596
398597
398594
660750
398592
398606
922885
398602
922904
398622
922900
922901
398619
398616
398617
922897
136482
922925
660780
398639
398632
660794
660792
136496
922941
660798
136501
922934
136505
660785
922928
398648
398662
398660
398661
398670
136523
136524
398664
660827
398679
922975
660830
660816
660817
922965
398681
660840
398693
660844
660845
136554
660834
398700
660832
660833
136558
922979
136556
398710
660859
923007
398708
398707
136570
922996
136574
136572
136573
136578
660878
923016
923015
398730
660891
136603
136614
660909
398753
398766
660923
136632
923060
398778
136636
923056
660939
398787
660940
660932
398804
923093
660968
660974
660973
136682
660960
398827
660964
923105
398837
136695
136693
398843
661002
398854
136705
923140
398859
398857
923166
398870
661019
136720
136724
661021
923154
398872
398887
661032
661026
136745
136749
398889
661049
661042
398904
661044
136770
398918
923213
923211
661069
136779
923207
661059
661083
136785
923226
923227
398928
398940
923218
923217
136802
136800
398948
398956
398954
923263
661118
923257
136835
661131
661129
136838
136839
661120
923266
661127
398984
923265
923294
136850
923289
399004
136857
923283
136861
923310
923311
661163
399011
399008
136878
661158
136879
136877
923327
661182
136884
399036
661175
399033
661194
661192
923341
399041
136906
923332
923329
136914
923357
923354
399057
399069
661204
661224
923368
661218
661223
923389
399101
399099
399111
923404
136960
136965
399105
136968
923395
399113
923423
399127
399123
661277
136987
136984
136990
399131
399140
923437
399138
661294
136996
661282
661283
137006
399145
399158
661306
399154
137014
399153
923447
137022
399163
399174
923471
399173
399171
137034
923458
661317
923487
661336
399189
399198
661333
661352
137062
137063
661344
661345
661351
399222
137078
661374
399217
137083
399231
661367
137089
137099
661376
923525
399242
661383
399254
923549
661406
923546
137110
137108
137115
923540
923541
137116
137121
137125
399276
661415
923553
399286
661435
923580
137140
399281
923575
137145
923571
399291
137148
399289
661450
399300
399297
137160
137166
399306
399307
923587
923584
923608
137172
399320
923601
661483
399330
399331
661485
399339
399349
399346
923638
661488
399357
923637
137214
399354
399366
399364
661513
399361
399375
399372
137231
137228
661508
923679
923674
923675
137243
661523
137240
661526
923667
923664
137248
399400
923680
399401
137266
399412
661567
661565
399418
661559
137282
399431
661579
137280
137281
661570
137294
399434
137303
137306
661590
661589
399456
137322
399471
137320
137321
137326
399478
399479
137328
399477
661631
399487
661616
399481
399490
923787
661645
923782
137362
137360
923805
661654
137375
399512
661674
137376
923818
923819
399523
137387
661664
399532
137385
137391
923836
923835
137397
399551
923828
923829
923825
399559
399557
923850
399566
661698
137419
661703
923843
661700
137420
923868
923869
661726
399570
661724
399579
137437
399591
923883
923881
137452
399606
137459
661752
923900
137460
399614
399623
399618
923915
137476
923913
661773
923910
661760
661766
137487
923935
137491
923931
399635
661788
399646
923924
923920
137507
137511
661794
661798
137520
923965
399669
137524
661814
661815
661834
661833
661836
923975
399692
399691
923969
137549
661850
399700
661854
923992
923993
661842
399706
661847
661865
661859
661856
137577
924001
137586
661881
137591
399740
137599
137596
924042
661903
924040
924038
399757
924033
924062
399766
399767
399770
137631
661930
137639
399779
399776
924073
399790
924066
399785
924065
399796
924092
137659
661936
661943
661940
661963
137665
924100
137677
137687
661983
137684
924116
661968
399837
661969
924117
399835
661973
399846
924143
924140
924141
399849
924158
399861
399871
399868
924146
924147
662031
662022
924161
924188
662044
399902
662032
924202
137766
399906
399918
924196
399916
662073
137782
662076
662066
662067
924213
137791
399943
137798
924234
662092
399950
924231
137807
137805
137809
662108
924249
662097
137820
924241
137824
399973
924265
924259
924256
399990
137848
399996
662133
400007
924294
662149
924318
924317
924312
137877
400031
662167
400034
924330
662189
137899
400044
662202
662201
137905
924346
662206
400049
137918
137922
137926
924356
400076
924352
137938
662235
137937
400080
137945
924373
924368
400088
137948
400102
400096
662253
400097
400111
924389
662247
137971
400117
662259
400130
400139
400148
924442
138007
662301
138010
138011
138009
662295
138013
400153
662312
662309
400182
662331
662328
924477
662329
662333
400191
924471
662321
924464
662350
924486
138062
662362
138065
662366
662364
400208
400222
924500
924501
138078
924498
400219
924497
924525
662382
662383
662374
662375
400233
924541
662399
400240
924534
924532
924530
400249
924559
924556
662408
662412
138121
662407
924544
662425
400273
400286
662419
924560
138141
138147
400293
400290
662433
662438
138167
400304
138165
662450
400316
662454
400314
138175
400312
662466
138184
138185
924609
138194
400342
400350
138202
924628
400346
662485
924654
138211
400359
400353
400366
662499
662496
662503
138223
138224
662521
924662
138238
400386
400387
138244
662531
400395
400406
924700
138257
400413
924717
400418
400419
924712
924706
662566
400438
138288
662585
138292
662578
400447
138297
138303
662580
662607
400462
924742
924743
662598
924766
924764
924761
400477
662614
662613
138333
924753
662634
400483
924777
662637
400494
662627
924772
400490
400491
138354
400503
662647
662664
924812
924806
400526
400527
662659
662656
138383
924801
138386
400535
662687
662684
400542
662673
138403
924844
924845
662703
138414
400555
400567
138420
924854
924855
662707
924849
138436
138437
662723
924864
400598
924894
138451
924886
400605
138460
138465
662766
400622
662755
662753
924899
662756
400617
138482
924925
138484
924921
662770
400635
138492
138498
924933
400662
662808
138519
924952
138522
924949
138521
138531
662824
924964
400681
662841
400703
138555
924980
400699
400710
925004
400709
925003
138565
400715
662875
400724
662879
138581
925012
138593
925032
400737
400751
662886
925026
138609
925048
925046
400762
138625
925066
400770
925062
662913
400779
925086
138644
925081
925095
138665
662950
138670
400823
400818
925113
400830
925108
400828
138687
138685
662987
925130
662990
400834
400832
400847
925148
138710
925140
138716
400869
400867
138724
925158
925159
925156
400886
400881
663051
138755
925196
925189
400907
138764
925185
138770
925215
138774
663071
138776
663057
925200
138787
400935
138785
925225
138789
663075
925219
138799
925242
663114
138823
925257
138825
663105
663130
138835
400981
138833
925277
138838
138837
925270
400989
400984
138845
663125
400998
400999
663162
663167
925304
138874
925300
925299
925296
401038
663170
138894
138899
925336
138906
925328
925329
138912
401061
663209
925354
401059
663212
401070
663200
663205
138934
401075
663231
925368
663223
663234
663233
138957
401110
138961
401107
401105
401118
663251
401114
925422
663266
663291
138998
401149
925429
925426
139005
401154
139012
401152
401166
139018
139019
401164
401163
139027
401175
925466
401168
139032
663338
925487
139043
663336
925485
925482
139044
663329
925477
401195
925475
139052
401204
401205
925499
139066
401210
139071
663349
139072
925516
139073
663372
401216
925512
663362
925510
663363
139080
401229
401226
139087
139085
139090
663388
925528
139098
139103
925547
401260
401261
925539
401270
663418
139127
139124
401264
401265
925558
663411
139133
925582
925583
401283
663424
139155
663451
663453
925588
925586
139170
139171
401319
925612
663464
925613
925611
139175
925605
139180
925631
139185
139190
139191
663484
401343
139193
401338
663499
663503
663501
401359
663488
139208
925661
401365
139223
401363
139227
401370
139228
925648
139236
401387
401384
139245
139248
925692
139249
663551
925684
139256
663537
401402
925680
663541
663561
663554
925703
139275
925700
139278
663559
401416
663557
139286
401425
139290
925716
925741
401440
139301
925732
925733
139308
925755
401456
925751
401467
401464
663626
663624
925773
663630
401482
401483
139345
401502
663637
663658
663659
401511
925802
401507
401505
139368
139369
663653
925823
663673
925817
401534
925814
663667
139391
401531
663690
925839
925834
139397
925833
139401
663687
401547
139409
139414
663708
663699
139417
139423
139434
401580
139438
925856
139436
139443
925884
139446
401598
401596
925876
663729
663734
139454
401595
139457
139462
139461
663746
925891
401622
139472
925908
139485
663786
925931
139497
401645
663782
401643
663780
401652
925948
401648
139519
401657
925963
139524
139534
663832
401684
401682
401695
663830
925970
925994
139556
139560
663840
926014
139568
663870
926008
926007
926004
663882
663881
401730
663887
663884
926019
401737
401750
139606
139604
926041
401759
401757
139618
663918
139623
401763
401760
926057
401774
401775
401772
139628
139638
663935
139643
926068
663927
139644
401799
139648
663945
663950
926082
926083
663943
139661
401814
139666
663963
663960
139670
663954
139674
401823
139679
663978
139680
926122
139687
139685
139688
926115
663995
401844
926141
926139
926137
663985
926133
926131
926128
664015
664013
664002
139720
139726
664020
401880
139751
401889
664035
926180
664038
926176
926207
139767
139764
401917
401914
664055
926192
664053
401922
139783
664066
139786
926212
139791
926238
664095
139801
139806
401947
401944
926225
401958
664110
664096
926242
401962
401961
664122
139826
664120
139824
401982
664113
926258
926256
139837
401990
139841
664131
139858
664159
139861
926294
402014
139864
926293
402009
402022
139873
926315
926309
402026
402024
664165
402039
402034
664191
926331
926320
139906
926350
664192
402058
402057
402068
139925
402065
139929
664214
926355
664212
926381
402080
926370
139954
926397
139963
664243
664240
139960
139961
926389
139967
926415
139969
664259
926405
139982
926403
664260
402121
926430
664286
402146
140006
926441
402156
402154
664292
664293
664313
664319
140020
664304
926452
402173
140025
664330
402182
926476
926474
140036
926473
402191
140040
402188
664321
664324
926465
402197
402193
664337
402205
140063
664362
664364
926504
140078
140080
402228
664380
926516
402234
140098
664394
140099
664393
926536
664387
664390
402251
402249
402263
664415
926552
140120
402266
926545
140130
664430
926571
664417
402285
664422
402283
664423
140141
664421
140145
402293
926584
664433
140157
664459
926607
926604
402307
140165
664451
664448
140176
402325
926612
140194
140193
664492
140200
140206
664487
926654
402359
402354
664511
140213
402365
926642
402360
926668
664520
926669
926666
664527
402369
926665
140238
140236
664517
926686
402388
664537
926682
664542
140251
664532
926672
402393
140253
664554
926703
140259
664552
402402
140262
664556
140260
926695
926716
664569
140278
926713
402430
926709
664567
926730
926729
402446
664579
926724
402444
402445
140305
402448
664598
926766
140323
402469
140324
140328
926757
140332
926752
140339
926781
926776
926774
926773
664625
402491
140353
664649
140362
664640
140367
140365
926815
140369
140379
402521
926830
664682
402534
140387
926826
664686
140389
664676
926835
140418
926861
926859
140420
664717
402575
664711
664709
402582
664734
140439
664735
402576
664732
140442
664722
664723
664720
926866
402594
402593
664749
140458
402600
402615
402613
664761
140470
402608
926903
402621
402630
664778
926926
664777
664780
140491
664775
402632
140493
402644
926941
140507
402662
140515
402658
664812
664802
926950
664805
140525
664826
140534
664831
140533
140536
402685
140542
926960
664821
140546
402694
926988
140544
926986
664846
402691
664856
140566
926999
926997
402714
140572
402712
402713
664853
927023
140586
402742
402736
402737
140597
140606
402744
927024
402745
402756
140609
402754
664896
140622
664901
927041
402768
140635
402780
140638
927057
402789
927082
140644
402784
402796
140648
402797
140652
664954
402807
927103
927100
927099
927092
140670
402820
402821
140682
927108
402825
664986
664987
140689
927130
664988
140697
927122
664980
665002
140704
140708
665004
665005
140714
402860
927139
664999
140717
665019
665020
927159
927157
140733
402884
665033
927178
665027
402889
665048
665054
140756
927190
140763
402907
402918
402926
402924
665081
665084
665075
402937
402948
402959
665095
665093
140818
140819
665118
140822
140820
402960
140827
402972
665104
665105
402973
402976
927271
402989
402986
402987
140844
927294
927292
402992
665138
140856
140860
665140
927280
665141
927309
665159
927297
665179
665177
927325
403027
927323
403025
403038
140889
403037
927315
665175
927343
140902
665190
140909
927356
403061
403059
140919
927355
927353
140917
140922
927349
665206
140927
140928
665230
403072
927367
927390
403095
403092
140945
403090
665244
140955
403103
927378
665263
665251
927394
665252
140972
140978
665278
403123
140983
140980
927417
665267
665270
665271
665291
403139
665292
403137
665283
403147
927454
403156
403157
927451
927470
927468
665324
141029
141035
665316
927457
927476
403197
403192
665353
665358
141063
665346
141065
927489
665374
927509
403224
403238
141090
403239
665384
927532
141094
403234
665390
665382
665383
665380
141101
927549
403250
665395
403263
141113
927539
141123
927564
665416
665410
665411
927555
141132
665438
403280
141150
665428
927569
665451
665452
927590
403311
927591
927586
927587
141165
927613
927610
665470
141175
665458
141193
927647
141203
665496
141206
927640
927641
927639
141208
403356
665489
665492
141212
141213
927633
141218
403364
665513
141222
665519
403361
141224
141232
927670
665522
141241
665526
927664
141245
927694
927688
141259
665543
665567
141268
403408
403421
665556
665579
665576
665577
403425
927718
403434
141295
141298
403446
927743
403444
403441
403448
927728
665589
141319
927752
403457
665600
403469
141326
403466
141327
403464
927773
141338
403484
141342
665623
927763
927760
141346
665647
403488
141349
141358
403498
927777
403505
665655
927793
141379
927821
927818
665679
403521
927814
403530
141388
665689
403537
665681
927829
927824
665684
141410
403559
927855
927850
927842
403562
665703
141423
141430
141429
665714
665715
927860
141438
665718
141436
927857
403590
141445
403599
665729
665754
403605
665759
403600
141461
927894
665744
141470
665748
403622
927919
403620
403618
141479
141476
403616
403630
403624
141489
927930
403635
141492
141493
141503
403640
927920
665781
665802
403655
403653
141511
665804
141515
403660
141513
927939
141517
927963
141524
403672
665835
141539
927983
927977
665837
141546
927973
141551
141548
665829
665849
927990
665843
403708
665841
665866
928006
403725
141577
665860
928030
141585
403728
928025
403729
665874
403740
665876
928017
928044
665903
403759
141615
928032
141618
403767
928061
928059
665917
403774
928055
141624
141628
403769
403782
665929
665922
665921
928095
665938
403807
141659
403804
403814
141664
928102
665952
141673
928101
403821
403816
928096
665957
928126
665978
665979
141680
665976
141686
665983
141687
665970
928116
928117
928140
403845
403842
141701
403854
928132
928130
665991
141711
141709
141714
403862
928159
928156
666008
666003
666000
141732
403886
666017
666047
141752
928178
666039
403910
666060
141765
928199
666048
141772
403921
403934
141786
928212
141785
403933
403931
141794
403941
141797
141800
141807
141810
403956
141809
928250
141812
403953
928246
928242
928240
928241
141826
928268
141825
928266
666113
403977
141837
403989
403986
141850
403998
666131
928303
404007
928300
404030
404028
404029
141886
928304
666165
666186
141888
928327
404044
141897
141900
141911
141908
666204
141909
404049
404059
928337
404071
666217
928357
404074
141935
666234
141938
928382
141941
928368
141954
666248
666249
928395
666253
404118
928410
666269
404121
928424
141995
928416
404150
666298
142000
404146
928436
142014
142017
928458
142023
928456
142024
928451
928475
142039
404191
666323
404186
928466
142047
666347
142049
142054
404195
666351
142055
928489
404206
666343
142074
666355
666352
928501
142076
928524
928525
928520
404225
404236
142088
142094
666374
666375
142092
404232
142101
142110
404251
666389
142109
928558
928559
666413
928551
142126
404279
928571
404273
928566
142138
928564
142137
142143
928584
142154
142157
928604
142161
666461
928596
142169
928592
666475
142180
666466
928610
928608
404343
404336
666492
142202
404350
404351
404354
666511
404352
404353
666509
404362
142226
928669
666527
404368
928663
404383
142232
404380
142239
928684
404397
404392
666553
928698
666559
666556
928716
666575
928715
142276
666563
928708
666561
142284
666564
142290
404438
142291
666584
928731
928728
666580
142304
928746
142308
928745
142315
928743
142318
928766
142323
142321
928760
666615
142332
928782
928777
928775
142347
928771
666649
404501
928794
142362
666643
142360
142366
142371
404516
928812
142375
666671
404524
142377
404522
928800
142387
404532
142391
928825
404540
142393
666699
404551
404549
142404
404558
142411
928834
928835
142415
928833
142418
928860
404565
142423
666706
142430
404570
666710
928851
666711
666708
404583
142432
142433
666734
142439
666722
142446
142447
666724
142450
928888
142453
666739
928884
928908
142464
404611
142475
928898
404619
928927
928925
666781
928918
142489
928915
666775
404632
666795
404642
666784
666785
666808
404670
666803
142523
666801
666804
404665
404674
404686
404687
142536
928962
404682
928960
142544
928989
142550
404690
404691
666838
404710
929002
666862
142566
666861
666851
142569
404727
142576
142585
929010
404731
666890
929033
929030
142602
666887
404759
666904
142609
142622
666900
404760
666922
929070
404772
142631
404782
666918
666943
929078
929076
929102
404804
404805
404802
142665
142669
142674
929119
929114
929115
666963
404827
929134
404834
142693
929126
404844
404853
929146
667004
142714
929142
666994
929140
666992
929141
667019
667010
667011
142734
404875
667015
404872
667034
929182
667035
142743
142741
142744
667025
142751
667048
142759
667053
142760
404908
667041
404905
667066
142769
404917
404914
667070
667068
667059
929207
929204
404923
929228
929226
667086
404928
667084
667075
667079
142800
404946
929240
929241
929262
142826
667107
404973
667108
667131
142835
667128
404978
142839
929275
667133
142841
404989
142846
404987
142851
404999
667144
142853
667162
667160
405012
667161
667164
929305
929302
667155
405019
929325
142884
667169
142892
405047
142899
142906
667186
667187
142912
405060
405061
667215
405059
667201
142926
142927
667207
667230
667228
929368
405084
667222
667241
142948
142955
142952
667233
405111
667256
405109
405106
667263
929403
142965
405115
405127
929419
142980
929413
142985
142990
142991
667288
405151
405147
143011
405156
929447
667322
143025
929464
405182
667312
929461
405179
405185
143049
929475
929473
143053
929502
667355
929497
143066
667350
929514
143079
405217
929508
929509
143091
929529
929526
405244
405242
667381
405254
929544
405261
405259
143116
929537
143126
143127
667421
405278
667411
667412
929582
405287
405280
143145
929570
143148
143157
929593
667442
143163
929585
667464
405315
667468
929609
929604
405322
405335
929626
405328
929622
929623
929620
143192
143193
929617
405351
405344
929640
667500
929638
405358
143209
667495
929632
143213
929662
405367
405364
929661
143222
405362
143223
929657
405373
929676
143232
667523
143243
667520
143244
405398
143254
929688
143252
143257
405403
667562
667563
143264
667560
143271
929705
929702
405423
405418
405419
143276
667578
929727
405431
143284
667570
929718
405439
405436
143294
405445
929737
143306
143305
929755
143316
929753
929746
667624
405474
143332
929769
667618
143339
405480
667621
929789
405488
405500
929781
143358
143361
929798
405519
143368
405512
143378
667672
929821
405522
667666
667664
143389
929809
143394
667688
929835
929829
929852
929850
143415
929849
405563
143425
143431
929865
143432
405577
405588
143440
405598
929874
929903
667758
143463
667759
929896
143467
667744
143464
667750
143468
667748
667749
405621
667769
405618
929913
929906
143486
143484
929934
405637
929933
929930
405634
405632
143496
929924
405645
405643
405652
929949
143510
405648
929940
667799
405656
143526
143530
929956
143528
143529
929955
405687
143537
667838
405682
143547
667830
667831
929971
405702
143555
143552
405699
667853
405697
143563
929988
405712
143572
143578
405731
143589
405742
930022
405743
667878
930017
405751
930047
930042
930043
930041
405757
405764
667913
405765
143621
930057
143631
667928
143638
930072
143637
143643
667920
667925
667947
405799
930093
143655
930088
930087
667936
405805
143661
405814
143664
930104
405808
143678
405818
143676
143682
930122
143686
405827
405838
143691
930117
405834
930113
930143
143699
667992
143700
405849
930159
668009
143716
143722
930151
930148
930144
930174
143734
143738
930166
143739
143736
930164
930161
668040
143745
668045
668032
930176
405897
668059
143766
930203
143770
405918
930195
930220
143781
143785
405928
930236
668089
405937
143806
930225
668106
930254
143811
930253
143815
668098
930269
143830
668125
668115
930260
930286
668139
930285
143846
405999
405996
405997
143862
406003
668157
406020
143873
668160
406028
406039
930332
143889
668190
668188
406047
143896
930351
143905
668207
930347
406049
406062
143912
668199
406059
406056
406057
143921
668217
668222
143927
143925
143929
406077
406072
930383
143939
930381
406082
406080
143940
143947
668227
930369
930399
930397
406096
930393
406104
143974
668268
143972
143978
143979
930407
406127
406124
668262
143984
930429
668286
930427
143998
406150
144003
406145
930436
144009
930434
930435
144019
144027
930450
930451
406169
668330
144039
930475
406176
668332
930473
668326
668324
668347
406199
930493
668349
144056
930485
406203
930480
406213
144071
930504
144073
144079
144082
930527
144087
406227
406224
144088
930512
144098
406254
668387
668385
406253
144114
930559
144112
668412
144117
668402
668403
930548
406267
930547
144127
930544
930575
406276
930570
668430
144134
406272
406292
144145
406289
668434
668433
406298
668436
930576
668462
668450
144170
406318
668448
668452
406313
930622
144176
930620
144184
668470
930611
406343
930639
668491
930637
930653
406357
930651
930648
930645
668502
668524
406381
406379
406391
406389
144246
930683
930678
668531
406396
406394
668534
930675
406393
406406
406405
406401
144270
406411
930713
144290
144289
406437
144299
668579
668576
144301
668600
406462
406460
930738
406479
406475
930778
930779
930774
930772
406493
144348
930769
144354
406498
930794
144356
668653
406497
930791
144370
144368
668662
406523
406520
406530
930827
144395
930820
930821
930846
406548
668701
144414
144413
668715
406560
668704
406573
406571
668711
144432
930874
668723
930868
930889
144462
668741
930908
668754
144472
668758
144476
144481
668781
144488
930914
668775
406647
406642
144504
406653
144505
144511
144509
406659
144516
668813
930950
144521
144526
406667
144530
930972
930970
930968
930969
668819
144536
668817
406685
406680
930960
930991
930986
930984
406688
668845
406700
406699
930977
931006
144563
668863
406707
144564
931001
668861
930998
406719
144568
930995
930993
668878
406720
406732
668890
931031
144600
931048
668898
406767
668902
406763
144623
144625
668924
668914
931058
144639
406776
668938
144643
406788
144645
406795
144652
406792
144662
144666
406822
144675
406821
144677
931105
668965
931135
406839
668984
931130
668991
668988
406833
931127
406842
931122
668980
931121
931150
406849
406862
144712
144713
406870
931164
144720
669016
406869
406866
669010
931154
144735
406875
931180
406885
669026
144747
669024
931173
144758
669055
144757
144762
406908
931187
669044
144775
406915
931208
669058
144782
669061
144787
144794
931222
406940
144793
931216
406949
144806
669091
406955
931232
144812
406967
931256
669116
669106
144827
144825
931279
669128
144836
406977
669122
931268
931264
144845
931294
144851
931290
144854
931287
144857
407003
931280
407001
931311
669163
407011
931303
144872
931296
931297
931326
144880
669183
931320
931314
931315
144892
669192
144896
144907
669211
931356
669214
931352
407069
144926
407065
407078
407075
144932
407072
669216
931362
669220
144946
144947
407095
669246
407091
144955
931380
931377
407108
144961
931401
407105
669250
669251
931394
669255
144975
669275
407124
407134
669264
407131
931439
407140
669288
931437
407136
931431
407148
669281
931426
931455
145023
669300
669322
669320
145025
931469
145031
407171
931462
669314
407178
669317
669337
145051
669335
407193
407204
145062
931498
931497
407213
669350
407210
407223
145072
669361
407229
145086
145087
145085
931532
145095
145093
145098
407246
669378
407244
407245
407255
931549
931543
669395
407258
407259
145116
931536
407269
931565
669420
669421
145125
669410
145131
931556
407276
145132
407273
669433
669439
669436
669437
931572
669428
407289
145159
931592
407297
669443
145161
407309
145164
145171
407316
407314
145175
669469
407325
931605
407328
145188
407329
407343
407337
145203
407347
669501
669490
145210
669494
669493
145216
931655
407372
145229
931679
669532
145242
669526
407385
407397
145253
407407
145256
145257
145262
931711
145267
407413
669561
931704
669552
145281
407424
407436
407437
669599
407441
669591
145314
931759
669609
931755
669613
145322
669601
931747
407478
669624
931765
145343
407480
669621
931761
407492
931787
407489
931781
407498
145357
931806
407508
931804
669662
931802
931800
669661
669649
407517
669655
145378
145387
145390
145388
145402
145403
407547
145404
145405
931825
669711
669708
669696
407575
931871
145436
407590
669742
931881
669734
669733
669758
407602
407601
407614
669747
931891
669751
407622
145474
669771
407618
145482
669761
931906
669765
669785
145492
145498
145496
669780
669801
407651
669794
931942
931939
407659
407671
669822
407673
669834
407683
931999
407700
669848
669849
407698
145557
407710
145567
931987
145564
407718
669870
145573
407713
669859
407724
145585
932022
145592
407741
407748
669897
145607
932040
407744
407745
932036
932034
407754
932035
932062
407766
669916
407772
932053
669911
145628
932075
145636
407776
932073
145642
407798
932088
932083
932080
669941
407815
145678
669976
669982
407837
669973
669994
932142
932143
669992
145696
145703
145704
932133
669985
407863
407858
670015
670001
145724
932145
932175
407877
670019
145737
670022
407883
932191
145744
407892
407893
407889
670034
145755
145758
407899
670058
932204
407909
932202
932201
670050
670055
145773
407926
407925
670078
407923
932217
145786
670064
932213
407930
932210
932211
932232
407936
932233
145802
932231
932229
670106
932250
670110
670097
145817
145826
407975
407973
932269
670127
407982
145835
670118
145837
932286
145843
145846
407992
145857
932299
670145
145870
670151
145871
408020
408030
670163
408028
670166
145887
932329
145898
932323
145900
670180
932348
932346
408050
670206
932347
932341
145918
408059
408056
145917
670219
145920
932365
932361
670210
408076
670208
408075
145933
670235
408085
408080
932377
932374
932369
670249
670255
145959
932385
670245
932407
932404
145977
408125
145980
670260
145991
932418
408137
670298
932444
670296
670303
932443
932440
146011
932437
670295
408153
670314
932462
932460
146017
670319
670307
932455
408181
932474
670332
670333
146037
670322
932470
670326
146044
670324
408184
932494
932495
932493
146054
408204
408205
932482
408200
146067
146064
408222
408220
408218
408216
146077
408230
408228
670382
670372
932542
408242
670396
408240
670385
670388
932558
146112
670413
932548
146128
932572
408272
670417
670423
408294
146144
670440
408291
670447
408303
932578
408311
670462
146164
408305
670448
670449
408326
146178
670472
146177
670473
146181
408341
670494
408351
932631
146207
408344
932625
670508
670498
932644
670497
932670
932671
408375
408372
932664
146229
146232
408380
932661
408377
146240
932684
670540
670532
146258
670552
670553
670556
146261
146264
670544
670549
932719
146278
146279
146276
932707
146287
670587
932733
408446
932727
932724
670577
932725
408442
670582
408443
146301
932721
146315
146312
670598
408459
146316
146324
146334
146336
670630
670631
146349
932769
408503
932796
670649
932786
408518
408516
146369
932813
408515
146378
408520
146380
670683
408533
408529
932820
670679
146403
408556
146409
932834
146415
932861
932858
670719
146426
670707
670709
146434
408587
408585
932895
408596
670736
146456
408603
146460
932881
670762
146474
670752
408617
408631
408626
146487
670781
670770
932914
932915
670773
408647
146496
146497
408642
932936
408655
146505
932931
932928
408649
146518
146526
408667
670824
146533
670818
408684
670816
670817
932963
146544
670840
146549
670834
408696
670837
408708
933005
932995
146578
670874
408727
146576
933021
933019
408720
408734
670864
146589
670891
670889
670892
146600
933027
146608
146614
146615
670909
933046
146619
408762
670901
408770
670913
670943
933080
933077
408795
933072
146652
670954
408807
408802
146664
670950
408811
933088
146683
408828
146690
933133
670991
933124
408843
408854
933151
408853
408850
671007
408862
146714
408871
146720
671011
408877
933154
408873
408884
671026
408893
671028
671050
671054
146759
671053
408910
146763
671043
671066
146774
671071
146776
933205
408922
671083
146784
933228
933226
408941
146802
408951
671102
933242
146818
671115
933260
408961
408974
408980
146832
933277
408979
671126
146851
146849
408997
933290
671151
409004
409010
933307
146871
933304
671154
933302
671155
146878
933299
146877
146880
671177
671172
146898
409043
671199
409040
409041
671187
146904
146914
671211
146913
146918
933354
146916
933351
146920
146921
409074
671228
933364
146942
409088
671239
409108
933405
671261
409115
671255
409112
671252
409113
671253
409122
146981
409121
409134
933415
671267
146990
933410
671268
671289
146998
146999
146996
409149
409146
933426
671284
671307
671305
933444
409160
147025
671321
933469
671326
147030
147031
933463
147037
409190
671336
409188
409187
671343
671340
933479
147048
933472
409206
409207
409204
671353
933492
147071
933488
671374
933515
409216
409217
671363
933508
671361
409224
147090
671384
933533
671385
147095
933522
147102
933520
147100
409249
409263
409260
147113
671398
933537
933567
409278
671435
933581
147140
409294
147148
409302
933592
671446
147168
933612
147178
671458
933607
671460
409330
933622
671478
409337
933617
147202
933644
147201
933645
671490
147214
933635
409353
933633
147218
147219
147216
147217
671519
409361
933653
147225
147235
933679
671534
409390
933670
671526
147246
671527
147244
671525
409392
933687
409405
147264
933709
147268
671554
933702
147275
671553
409417
671577
933725
409429
671581
409425
409438
933719
933716
147299
147303
147301
409457
671602
671603
671606
147326
933744
671626
409478
409476
671631
409472
671623
147343
671620
409480
147341
409481
933791
933788
147351
933787
147352
671633
409506
933801
147369
409513
933793
933820
409542
147399
933830
671682
671683
147400
671681
933826
933825
671706
671704
147420
933840
409560
933841
409574
671723
671720
933869
409582
147438
671716
933886
147443
671742
147444
409585
147451
409597
671733
933897
409601
409612
933893
147471
147469
671770
147475
147472
671768
147476
671763
147486
147488
409637
671788
933929
147498
409647
671783
933921
933945
933939
933936
409656
147522
147520
409667
409665
409679
671834
147539
409682
147540
147541
409695
671827
933971
147558
409696
147556
409710
409711
933989
671846
147574
147573
671860
147586
409733
934023
671872
409741
409738
671877
934046
409751
147607
934038
147608
671894
147612
147613
934033
671914
147618
671912
409764
147623
409770
671909
934079
409778
147636
409777
934073
671922
147647
671946
409797
934083
409801
671962
147664
671961
671966
934105
147675
147672
671958
671956
147677
147683
934124
147680
671982
409826
934140
147706
671988
934128
409849
934158
934157
147713
672013
409857
147727
409875
934168
934164
672016
934162
934163
409881
672042
934190
409893
934189
147750
672044
934182
409900
409908
934200
147771
409912
934218
672088
409938
409937
409950
147805
147808
147821
672122
672120
409972
934269
672127
409969
147832
672119
147843
147846
147847
934277
934275
409995
409992
934302
147856
672158
147861
410015
147864
934288
934319
147872
672172
672161
672165
672187
934328
672179
934325
410043
672180
410041
672200
934346
410048
147914
147913
410059
147919
147916
672219
410066
672223
934358
934359
934354
410083
410081
410094
672227
672231
147955
410098
147962
147960
934384
934385
672266
672267
672265
147969
147972
672269
147978
147980
934426
410130
410128
934421
672277
147997
934417
934447
410149
410147
672288
934437
410154
934462
672313
148017
410162
672319
148023
410160
672306
410175
672305
410170
148030
410169
672330
148033
148037
148043
410189
148050
934487
672337
148067
672363
934502
934503
934501
410230
934524
410228
410236
934515
934538
672397
672386
934531
148113
410261
672409
148119
934552
672413
934549
410275
934568
148133
934569
410286
410283
148146
410294
934588
672441
410290
410291
410302
148152
934607
934605
934602
672463
934592
148173
672477
148186
934608
672490
672495
672480
410349
672481
410347
672485
672506
148210
672510
148218
410366
410367
148226
410375
148230
672525
148229
934661
410379
410390
672534
672535
148255
148256
410404
672553
934698
148263
934690
410410
672549
148275
934715
934712
934713
148282
410428
934706
934707
410427
148290
148288
934733
672588
410442
934720
934746
672604
410448
148314
148313
410459
410457
934760
934761
410476
148329
410475
148338
148339
672638
410481
148346
672655
148364
410516
410517
148372
148382
672660
934828
148389
148395
934819
148397
410548
410547
934840
934834
410566
410565
410572
148430
410581
672734
148437
148442
672724
934865
934894
934886
148458
148463
410601
672762
410614
148467
672763
934911
672755
934926
410631
148480
148491
934919
410637
934914
934942
410646
410644
934941
410641
410650
672791
410648
672815
672813
410657
934951
148521
410669
148524
934969
672818
148536
410685
672823
934990
410695
410693
934987
934985
148553
410711
672859
148560
934996
672854
934994
410715
148578
410725
410722
672878
935019
148583
410723
935016
148581
672867
935015
935008
672890
672892
935031
935026
410745
672910
410755
410752
410762
935040
148620
410760
672920
935068
672926
935063
935060
148636
410784
148654
672954
672953
148667
410813
672949
672975
410819
935113
148677
672960
148686
935104
672965
410839
935128
672980
935120
148705
148708
410849
148714
935143
148713
672998
410871
673016
935164
673010
410878
935156
410876
673015
935155
935182
148736
673033
148741
410895
410890
673028
148755
935193
673046
673047
935215
410917
148775
673068
148772
148780
673060
935201
673072
410941
148797
410949
148814
410952
148813
148816
410965
148822
410962
935254
410974
410973
148825
148830
673128
410981
935273
935269
148844
410998
935291
148852
673142
148860
673162
411014
935308
673164
411020
673159
411016
935297
673179
411028
673183
411024
148885
148891
148888
935313
673173
935343
148899
148902
411040
935336
935332
673185
673191
935328
411063
148912
411061
148921
673204
935375
673230
148946
935389
673235
148955
411103
411100
673233
411101
148958
411099
673239
935404
411105
673261
148968
411114
673254
935392
411126
673275
411127
935412
148988
673291
673289
935434
149002
149001
149006
149008
411155
411166
149019
673297
935442
673300
935441
149027
149030
935467
149028
935463
149032
411180
411178
673339
149043
411187
673330
935475
935472
935473
149056
935498
149060
673357
149061
935494
149067
411210
673349
935519
935515
673372
149077
411229
149086
673364
935505
673387
411239
935528
149092
411244
411245
149104
149112
149120
935558
149129
149134
935574
935573
411291
673428
673450
411300
935592
411297
411310
673447
935612
149174
149175
673469
935605
673460
411334
149190
411328
935616
149197
673496
411349
673497
935643
149212
673492
935662
935652
411371
673508
411380
411381
149243
935667
673524
673546
149251
673550
149252
149256
411402
935680
411400
673541
935710
673563
673564
411422
411420
673553
411418
673558
673557
149277
673579
935717
149295
411433
673592
673598
935736
673597
935737
149301
411450
935758
149313
935755
935750
935751
935745
411486
935760
411495
149348
935782
149354
149355
149353
673639
411496
935806
149363
935804
411509
673657
935802
673650
935823
673675
149376
935816
673666
411533
411531
935833
149406
935852
149415
935847
673722
673713
411591
935885
935883
149445
673730
935877
411594
149453
673753
935899
935896
935895
149465
149476
149483
673766
411634
673782
935921
935945
673805
411662
673792
673798
149517
935966
149527
411678
149542
411682
935976
673853
411711
935989
936014
411718
936015
411717
149574
673871
936004
149582
936003
149580
673861
411731
673885
936021
411739
936045
149606
149604
149611
673894
936032
936033
936058
149627
936050
411768
673909
936049
936076
673934
936075
936071
411787
936065
936095
673947
149654
149653
936087
149656
673937
149661
936110
149671
411822
673955
149672
936098
673959
673956
936096
936125
673982
673981
411839
673968
149689
149692
936142
673996
673987
149707
149714
674011
936159
149712
149720
149726
936175
149734
149733
411885
674021
936191
411895
149758
936178
149759
411896
674036
149762
411908
411905
149770
149783
674067
674064
936212
411928
936236
411941
936235
674092
149797
149802
674082
411950
674081
411946
411945
674107
149809
674108
149812
674109
674099
936243
674101
674123
936268
411968
674114
149834
674112
149833
149836
936286
149845
936279
936277
411995
674132
674133
412003
674156
936296
412001
149861
936292
412028
936307
674164
412036
149897
412042
412043
674180
412054
936342
149915
412061
412056
936336
412069
412078
674208
674209
936357
149935
412073
936383
936380
674250
674248
412100
149958
412098
149956
674242
936391
412111
412109
674244
674245
674266
412116
936412
936410
936409
674258
674282
412135
149987
674283
149991
674284
674274
149992
149998
149999
412147
412158
412164
150022
412174
936452
674328
674324
674345
412194
150056
674342
936483
150063
412200
936508
674361
674364
150069
936496
412230
936527
674382
150086
150084
674380
936518
674370
936519
150088
150089
674374
412235
412242
674397
412254
150106
150107
936532
150104
674385
150110
674391
150108
674409
936552
150117
412265
674426
150137
412281
150146
674443
150147
674440
936587
674444
936583
674432
936578
674436
150166
412307
674463
674451
150168
412317
674455
674452
936618
936616
674476
412321
674469
412329
150192
936632
674486
412346
674507
412357
150209
936650
412352
412353
412366
936644
412364
674497
936642
412363
674522
150227
412370
150232
936660
150238
150237
936685
412385
674528
936703
150256
936700
936692
674570
936717
150282
674562
674585
936733
674590
674588
936729
936722
412455
150307
150310
936743
936740
412461
936738
412458
674599
936762
412466
674621
936757
150332
936752
936782
936783
674632
412493
674628
412489
150352
936797
674642
412508
674645
412518
150371
150368
150372
674668
674659
412525
150382
150381
150384
674687
150391
936824
150389
936821
936816
412537
412545
412558
936834
412555
674695
412566
674712
674719
150420
412560
936849
150432
150438
674735
936871
674720
412586
936864
412584
412596
674745
412594
936888
150459
674742
674762
674763
936909
674761
674765
936905
936901
412618
150477
412628
936925
150486
674770
674773
674795
150497
936941
412642
412641
150506
936933
674789
936956
674808
936953
150517
412671
150524
412676
412672
674818
936967
412685
412682
674821
150547
936991
936989
674844
412702
674835
674832
674839
150559
412710
674859
937000
412704
150568
150574
150578
937019
674867
150584
150590
674869
674890
674891
674888
412739
674893
937031
937029
674886
150607
412745
150609
412754
150615
674909
937045
412762
674903
412763
412774
937071
150627
150631
937064
937065
674925
150635
412779
150642
150644
412798
937074
412805
674956
674946
412822
412821
150676
150677
412831
150680
150688
150689
412845
937121
150706
150707
675000
937149
675007
412849
674998
937166
675023
412865
150732
412886
150739
937180
675032
937181
150737
675036
412880
412881
412895
675025
412902
150754
937192
150763
675041
412909
412906
150766
150767
412907
937187
150764
937185
675066
150771
150773
675058
150778
150776
675082
412932
150795
675078
937218
937247
412948
412946
150806
675103
937238
412958
150811
937232
150822
675116
412961
675117
412971
675111
937248
675134
937275
937273
675123
412991
675120
675121
675127
412984
675151
937289
937286
413012
675166
675167
150879
150877
413030
413031
675176
413026
675180
675168
937314
675174
150892
937343
675192
150903
675199
675185
937331
150908
937357
150920
413067
675204
937374
937372
413075
150932
413082
675223
937363
937360
150947
150944
675240
937387
675244
150949
937382
675234
413102
675232
150959
413096
937406
413110
413109
937405
150964
675255
413113
937423
413124
937421
937419
413120
150981
675266
413135
150987
675264
937412
937410
413131
937408
675286
937424
151010
937455
151011
937448
675296
413174
675323
413173
151028
413182
151037
151040
675337
151054
151059
675355
937503
937500
413205
937492
413212
937493
937518
937516
937515
151076
151082
937510
413231
151080
151086
675387
937533
151094
413245
151101
151108
151109
937542
151114
413262
937540
937536
937563
937560
675414
413286
151138
675439
413295
413292
937570
937571
151151
413289
675449
151162
151171
675467
413312
937609
413324
413322
937600
675482
937630
413330
413329
675474
413342
675472
413340
413351
413349
151201
675502
151211
675488
937633
151213
675493
937661
151221
675507
413370
937651
413380
151238
413379
937669
413389
937665
151254
937690
413395
413393
151257
151262
675540
151267
413412
151264
151268
413422
151272
675553
151278
675578
151282
675569
151293
413433
675595
937730
675590
151314
151313
937754
151318
675613
675602
151322
675603
151329
937769
413473
675618
413484
675622
675640
675647
151354
675632
675663
413518
937797
151374
675655
151372
413513
675674
151378
151376
937819
413523
937812
151385
937838
937832
151400
413546
413547
937853
675698
413560
151424
151430
675726
151434
937860
151432
151438
151436
937857
413591
413588
151446
937881
937879
937876
413597
937875
413595
675733
937900
413604
937901
151461
413614
151476
151477
151482
413631
151480
413624
413625
413638
937934
937935
675784
675785
937933
937927
151503
675803
937949
937946
413662
413658
151519
675819
151520
937965
151524
413686
675827
413690
675831
413691
413689
413697
151563
937991
937989
413704
675866
675870
938009
151576
413725
151580
675880
413733
675887
151594
413741
938021
938018
938016
675896
151600
675902
151606
675890
675888
413764
151617
413760
938078
938076
675928
151633
675935
413779
413790
675924
151649
413797
151664
675964
413809
413818
938098
938096
151676
675978
151683
151681
151686
938120
938121
675981
938118
675971
151693
151699
675992
413844
151702
413843
151706
151707
938135
151705
675990
151711
938159
676008
676009
413859
413857
151721
938147
151725
151731
676027
151733
938161
676043
938189
413893
413890
676044
413889
676039
938179
938177
413907
676050
413919
413916
938196
938194
413915
413912
151786
413934
938215
151790
676082
938226
938255
676104
676105
938250
938246
413960
938241
151826
151830
938265
151829
151835
938263
413981
151833
151839
151853
676153
151862
151860
938294
676147
151864
938293
938288
151873
938314
414016
151882
676160
676161
414026
676164
414024
938333
676191
676189
414033
938327
938325
151902
938323
414049
414062
414063
676199
414057
676219
938364
414068
151927
676221
676210
151931
938383
938380
151940
151947
938372
676225
414102
151952
151963
676244
938409
414113
414122
938403
151980
676261
938430
414135
676281
151994
676273
414138
938416
938445
938443
938440
152004
676288
938435
938433
414163
938452
152030
938448
152028
414183
676328
938472
676323
152048
676345
938488
414204
414205
414213
938506
676364
152072
414218
414219
414216
414236
152098
938541
152103
414241
152108
676389
152115
676411
938556
938557
676409
676414
938553
152120
938546
414278
676424
676425
676431
676428
938569
152137
938563
414295
152151
938583
938581
676439
676459
414311
414308
152160
676460
414305
676451
152168
938597
938594
676452
152173
938616
938617
676466
414335
676467
676488
152199
152204
938624
152214
414352
152213
938647
676503
676500
152221
938668
414371
152234
414383
676519
938656
676517
938684
676537
676541
676530
152254
414392
938673
414407
152262
676556
938694
676544
414411
152271
414409
938689
414420
676568
676563
676586
152289
676588
152293
414433
938724
676577
676600
676607
938747
676604
414449
414461
676593
676618
676619
938767
414468
938762
414478
676611
676609
414477
414474
152334
152332
676612
152333
938780
414480
414481
152351
938768
414488
152349
938797
152366
414504
676645
414519
414517
676670
414524
938805
414522
414520
676660
152386
676682
938831
938826
676686
152388
676684
938825
676674
152394
414551
676696
152407
676690
938839
938836
414574
414572
414571
676730
152433
152439
414577
152442
676723
414591
152446
414584
938865
938888
414593
676749
938884
938885
414614
938911
152467
676766
152471
414608
414623
152475
938900
152479
152483
414631
676776
152481
938922
938920
938921
414636
152494
152495
938912
676772
938913
938940
676787
414662
414658
152518
938955
152517
676813
152522
152520
414669
152529
938970
152532
676828
676817
676822
152543
938963
152550
152551
676844
938982
414702
938983
414703
676833
414698
414710
939006
676859
676850
938998
676851
938994
414713
414726
939018
152581
414734
676866
152587
676870
414729
939037
676895
676883
939026
152607
939024
414745
152608
939050
939044
152620
939070
152629
152635
414778
939084
152640
676940
414785
676928
939095
152665
939093
939088
939118
152675
939116
152672
676965
152690
676990
414833
152693
152698
676982
414855
677000
939146
677006
939144
677005
939142
676997
939164
677023
939163
414864
939156
152734
152738
414886
677035
152742
677038
677036
939177
414881
939175
939170
939169
939190
677043
677046
414906
152770
677067
939209
414925
677062
677060
152780
152786
939226
939220
152793
939218
939219
677098
939244
677096
677102
414946
939241
677089
939237
152814
677093
152818
414961
677107
677104
414983
677131
677135
939275
152837
414988
414997
677151
677136
677137
939283
939307
152869
415022
152873
415016
939327
677179
677176
939322
677169
415035
677173
939342
939341
415042
939339
415041
415052
415053
677189
677209
415061
939352
152927
939344
939374
152930
152928
939372
415072
415084
152941
415095
939387
152952
152965
415119
415116
677249
152973
152979
415123
939412
415130
152991
415131
939408
152988
152994
415142
939434
415144
677304
677310
939450
415152
677309
415164
153020
677301
415173
939466
153030
677326
939461
153037
677338
415186
415184
153045
153051
415199
939476
153049
939477
939474
415194
939502
415206
677358
677359
153063
939491
153068
153075
939516
939517
415221
415219
677366
939504
677386
153094
415246
939527
415247
153096
677376
153103
415241
677402
939550
153105
415249
153114
939542
153115
677395
153113
677399
939539
939537
939565
939562
153127
677421
415265
415276
677413
939583
415287
153140
677429
939569
153155
415303
415296
415310
677440
153167
153164
415304
153171
939615
153168
939613
153172
677458
677459
939605
939601
677475
677476
677491
939634
415355
677493
153219
415360
153220
677504
415372
153224
939652
415381
677533
153242
415388
153251
415397
415406
415407
677539
415404
677542
153263
677562
677560
939707
415408
939704
677565
939703
677556
153280
153287
153285
153291
677568
153296
939735
153304
153308
415449
153316
415468
939748
677601
153326
415466
939745
939774
415478
415479
415476
939773
415474
415486
677616
939764
939762
677620
415494
677643
677644
415489
939783
677632
939780
939781
939778
153356
415507
677663
677654
153375
153372
415512
677652
939822
153376
415524
415525
677678
939817
415534
677667
677670
939834
153399
939831
153401
677707
939852
677704
939853
677699
415567
153416
939842
153422
939840
415572
153435
415578
677716
939857
677739
415587
415585
939873
939902
153459
939896
153461
939894
677745
415613
939891
153469
153473
153490
677785
677791
677788
153492
415633
677778
939927
939925
677777
677782
677780
415652
677805
153515
677793
153518
677796
415656
415670
415666
415667
677811
153545
939970
939969
153558
677852
939993
153557
153562
939988
415704
677870
415715
677868
940008
415724
153577
677881
677874
153605
677890
153616
153622
153620
415761
677907
153630
415771
677911
415782
677933
153643
153640
415786
677927
677950
940091
153655
415792
677938
940084
940085
415803
153664
153665
677952
415821
940098
940096
940126
415829
677982
153684
940119
153688
153692
940142
677992
940141
415842
677997
940134
677984
153710
677990
940128
940129
153714
678010
940154
940155
678012
415856
153716
940153
153717
153722
153727
415865
678026
940175
153728
678025
940170
940162
153740
678042
153747
678033
415899
940177
678057
940205
415909
940202
415904
678055
415912
940193
415927
415925
940216
940215
415932
415930
678070
415931
940208
678069
678090
415940
153797
940254
153819
153823
940241
940271
678127
678112
940259
153839
415977
940285
153845
940278
678132
153853
940302
416006
153859
153862
940292
416009
153869
416030
416025
416038
153890
678191
940328
940325
940320
416040
153907
678200
153904
153910
153911
153909
416062
678194
678195
153912
416061
940339
940366
153920
416067
678220
678210
153929
940355
416075
153939
940377
940374
416095
678224
153955
678254
416099
940395
153956
940390
678242
416109
940389
940387
416107
153965
940415
678259
416123
678260
416133
678285
153989
153994
678275
416141
678296
154005
678292
940433
154019
940460
416174
154025
416170
154034
678330
416183
154035
154037
416188
416189
416186
416184
154048
678345
416197
154052
416202
940480
154061
154064
154068
940502
154077
416231
678376
678382
940520
154085
416239
416237
940514
416234
154092
416246
678392
416244
154103
416240
154100
154107
678384
416249
154113
154116
940551
678401
154121
416265
940574
940570
416274
416272
154138
940564
416282
154143
940590
678443
678440
678447
678434
678450
154174
678474
678479
678477
154186
940614
154193
154200
154206
416358
154209
154214
416355
940648
154212
940649
940646
154217
154222
940642
154226
154227
940668
940666
940667
154231
940665
416380
940661
416377
154241
678542
678540
678531
678535
154258
416404
940696
154260
940695
678544
416413
416410
678551
154269
678549
678570
940716
154273
940717
678574
416417
678563
154292
154299
154302
940720
416441
416453
154305
416450
678606
154311
678605
416449
154314
416463
154313
416459
940737
940756
154328
154332
154333
416485
416482
154343
416481
154344
678654
940792
940793
678645
154365
416505
416517
416525
154383
678685
940825
678672
678699
416546
940836
678694
154412
154413
940833
154418
940860
154417
416565
940858
416563
154426
940852
678704
154425
940877
678727
416584
940865
678746
678750
678749
416606
678738
416614
154467
940908
416611
154468
416622
678754
940900
154479
678778
940926
416630
678776
154481
940922
678780
154485
940918
940914
154495
154496
678798
678796
154506
678789
154515
416658
154519
678812
678801
154525
940974
154532
154538
678819
416683
940960
154547
678841
416690
678846
678847
154554
154555
154552
154558
416699
154560
416708
154561
154566
416707
154565
940998
154575
416727
941021
678866
154589
941036
416741
416751
941051
678908
678898
416765
154623
154620
678926
941066
154630
416770
416771
941065
678925
678914
154636
678938
416788
416786
678942
941081
416794
678954
941100
678946
941091
154674
941119
941117
678969
416818
941113
416831
416828
941105
416839
678991
941129
416840
941120
941145
678998
416858
941136
416857
154722
941167
941164
941155
941180
679038
941174
679025
154748
416889
679050
679052
679041
154766
416906
154771
416915
679058
416927
416924
416925
154782
154783
154781
679082
154787
154788
416929
941223
679072
416941
154793
941219
416936
679099
679096
154806
679103
679100
154810
941239
416962
679116
416975
154831
154828
679130
416983
941276
941274
154839
679132
154842
679124
679125
416994
679148
154853
679138
154856
941284
941280
679163
679161
417013
417010
941304
154878
154886
154884
679170
679174
154892
941313
679194
679195
941341
679196
941334
154907
941330
154910
679209
154917
679202
154922
417064
679226
154928
941372
941370
679219
941363
679242
154945
154948
417102
154954
679232
941381
941378
417096
154963
417108
679256
154961
154966
679260
154965
679255
941395
941418
941416
154986
154988
154994
155003
679283
417149
417146
417144
941454
941455
155009
417155
155015
417152
679309
417166
155017
679303
417160
417161
417172
679315
417183
417199
155048
155055
155053
417207
679355
941500
679356
417201
155064
679345
941493
679349
155074
155075
417223
679375
941510
679360
417226
417225
155090
417239
155088
417232
417247
941525
417245
155105
417250
941544
155108
941542
417261
679399
417257
155125
155134
679433
941576
155145
679430
679450
155155
417303
155152
417301
941595
679453
941590
679443
155160
941587
417316
679464
679465
155169
417317
679469
417326
679456
679463
679460
941629
679486
941625
679472
155198
417339
417346
417358
417359
941639
155214
155215
417352
941633
941654
679510
417369
941679
679528
155242
155240
679521
679527
155251
155255
679551
941687
941680
679562
155275
679583
941719
417432
155298
679594
941740
679599
941759
679603
679600
417469
679606
155324
679624
417477
679630
679629
155338
679619
155342
679640
941788
679646
417491
941782
417500
679632
679659
941807
417518
417519
155369
679674
155378
941823
941821
417522
679679
941819
679677
417535
417533
941813
155390
941808
155402
941831
417548
679687
941850
155412
155413
155419
417567
417560
679727
679712
941861
941856
417577
155447
679741
417598
679730
417595
155452
417592
417604
679752
679753
417614
941894
679745
417610
941888
417609
941916
417618
679762
417626
417624
941934
417635
679791
417644
941924
941922
417642
679780
679781
941921
417641
155501
679801
417650
941946
417660
679793
679798
155518
155531
941953
941978
417683
679836
941974
155559
155556
941993
417710
679841
155565
155568
942010
679859
155579
155582
942002
679861
155586
155584
417738
417736
942038
679893
155618
679918
942058
679911
417769
155635
417781
942071
417788
417786
155647
155648
417797
155654
679951
679942
679962
155671
679954
155679
679977
942121
417836
417837
942112
942113
155703
679999
417843
417840
155701
155711
680014
942148
417869
155726
417866
942146
680007
942144
155736
155743
680023
417881
155741
417891
680044
942185
942183
680032
417898
417896
942205
155761
942202
155764
417918
417914
417925
680079
417920
417934
155785
942236
942235
680093
417950
680083
417957
417954
942250
942251
155813
155822
680100
155829
942262
417978
942256
417977
155841
680137
417986
680140
155849
942274
155852
418006
155859
680152
155862
418003
155864
942290
942318
155874
418022
942319
680172
680173
155877
418025
155890
418038
942334
155891
942332
680184
942331
418033
942326
942325
155897
155901
418053
418048
680195
942340
942336
680196
155920
155921
155926
418064
155924
942361
942359
680208
680213
155936
418083
155940
418081
942368
418089
942397
418097
418110
418108
418109
942384
155965
418114
418112
155973
155976
680281
155992
418141
942416
156000
680301
156010
942436
418156
156012
942433
942460
156023
680316
680317
156031
680309
942479
156032
942470
942466
680346
942495
156048
680349
156058
942487
680337
942480
418201
680362
680363
418213
156075
418218
418217
156077
680378
680376
418227
418225
680374
680375
418235
418233
418244
680393
942536
418241
156111
156118
418256
942544
680426
418278
156134
156135
418272
156138
418285
418282
680420
418293
942578
680460
156164
418315
680452
418326
680475
680472
680473
418323
680476
156186
680467
156191
942608
942609
680490
156193
156202
418348
942629
418349
680486
942625
680507
418366
156219
680499
942644
418373
156230
156231
418391
156246
156247
680540
418399
942677
418392
942700
680544
418420
418419
942712
156282
418429
156287
680565
942705
680587
156291
156295
942729
418446
680580
418441
942746
680605
680592
680593
418457
942737
680618
156325
942761
680608
942752
418473
680613
680632
156337
156340
942776
418480
418495
418493
156353
680654
942793
418511
156360
156361
418509
680644
942784
942813
418524
942805
156382
942803
156381
942831
942828
942821
418539
680679
156403
942843
156407
942835
680716
680706
418574
156430
942851
418571
418583
156435
418578
156439
418589
156445
680746
680744
418597
942888
942889
680738
418607
680736
680742
942883
942881
418601
680754
418623
680758
680759
418630
418626
418638
942918
942941
942939
156500
680786
156506
942959
680808
942956
942951
942946
680806
680807
156525
680822
156541
942991
942989
680845
942983
680835
680833
680837
943006
156564
418718
156569
680852
418712
418726
156576
943018
943013
680868
943009
680890
680889
680882
680906
680907
418756
418757
943050
943049
156618
943047
156622
943063
680912
156633
680918
156639
680916
943086
156643
680936
418784
156645
943079
680931
156655
156652
943072
680933
156653
943073
418807
680953
680958
156661
680948
418822
943114
156678
156679
680962
418830
156683
156685
943135
943132
156692
418832
943129
156697
680983
681000
156705
943147
418848
418862
418858
156719
418856
418857
418870
156723
681022
156725
156728
943157
943153
418873
156738
418882
681026
681027
418892
943173
418888
943199
943196
418910
681040
418908
681047
156767
418905
943208
156776
681082
418934
943230
418935
943231
681080
156798
943218
156796
943246
681099
681096
418945
943238
681091
418957
943237
156812
418952
156813
681114
156819
943263
681112
156817
943257
156821
156826
681107
681108
418982
156834
681130
418976
418995
943289
156858
156862
943280
681163
681156
419028
943325
943318
943314
943315
681173
156898
419045
681198
681197
943337
419041
681187
681184
419050
681208
156918
681212
419056
681201
943374
419075
943369
156938
943362
943363
419081
943390
943391
681240
681244
681236
943377
419111
156965
681254
943392
419113
419126
681272
419125
943418
156982
156980
156984
156988
419128
943409
156998
681295
156999
157002
157000
681310
943451
681298
157019
681322
157026
419172
419180
681313
681319
943503
419203
419212
157069
943518
681368
157079
681375
157076
419217
681363
681365
681386
419239
943533
943531
419235
681389
419247
419244
943523
157106
943550
419252
419253
681395
157115
419259
157119
681396
681416
157126
681423
157131
681414
157135
157132
157133
419286
681434
419284
681425
419289
681454
681453
419311
157165
943615
419314
943610
943611
157176
157182
943602
681463
419321
943630
419334
157186
419330
681475
419340
943620
157198
681499
943647
681488
419354
943633
419364
157217
419360
943657
157221
681507
943652
419371
681511
943648
419369
943677
943673
157242
419390
943671
681523
681520
681521
157244
157245
419398
943694
419396
157252
157257
943685
681543
419401
157267
943709
157265
419411
419409
157272
943700
157278
681559
681556
419431
157280
419429
943722
157287
943721
681581
943718
157288
943717
157294
681575
157295
419447
681592
943740
419441
157309
681589
419460
943752
157316
681613
943753
681600
419469
157326
681607
419479
943775
681625
943769
681619
419484
943761
943789
419491
419501
681639
157356
681659
157360
681661
943801
681651
943796
681648
157369
157373
943814
943812
419532
157390
419531
157394
419543
681691
943839
681689
157402
419548
419544
419557
157409
681711
419555
943848
419552
943849
419564
681702
157420
681701
157430
419568
943865
157429
419580
419581
681718
943859
157439
157436
157442
419591
943885
157447
157453
157458
157457
419603
681756
681757
157467
157474
943910
157482
943906
157486
419627
681767
943905
419639
419636
157494
943926
157498
157500
681780
681781
681803
157508
681804
681794
157514
681799
419656
157530
157531
681815
419672
681834
943978
157542
419683
943977
681848
157553
943994
419697
419711
419706
944015
157569
419714
944010
157575
944011
944003
157580
419721
681880
157585
944026
681885
681872
944020
419740
419741
944019
419736
681876
157597
944017
157603
944045
157606
681903
944041
681893
157618
157619
157616
157620
157621
419774
419770
157629
944079
681928
681929
944072
681932
944070
419790
681926
419787
157650
944093
681942
157663
944081
681965
944105
157678
944098
157677
944127
944123
944114
681994
681995
681998
157707
157710
944128
419862
419858
944154
419871
157720
682006
419866
419865
682027
419874
157735
944171
157737
682023
682047
682044
682045
157753
419905
419918
157774
944193
944223
944218
944216
682070
682090
682095
682093
682082
157803
419951
157806
419947
944224
944251
419967
682103
419963
157820
944240
157821
419970
944264
419982
944260
944256
157846
682143
682140
944278
157854
157852
682154
157856
420000
420001
157866
157867
420012
944292
157869
420016
682172
420017
420038
157898
420044
944322
944320
420053
420050
944344
157914
420060
944337
420069
157924
420064
157931
944354
944353
420087
157942
944376
944373
944368
157948
682229
420102
157956
420111
944391
682243
157960
157964
944415
682264
682270
420125
944405
682257
682283
682280
682286
944427
157991
420128
420129
682275
420141
420138
420139
158002
420151
944447
682296
682303
682300
682291
682288
682289
158014
158019
158023
682304
682311
944451
944479
420180
682332
420176
158043
682321
944465
944494
420196
944490
158052
682348
944489
420207
682342
420208
944505
944496
944527
420226
944519
158095
420246
158097
420245
420252
158114
944555
682415
944553
944548
158125
420278
682431
158133
682419
158137
420285
158141
682442
944586
682445
682434
420299
944577
420311
420308
682460
944598
682449
944597
158182
944619
158181
158185
158191
420328
420342
682489
420338
682483
158200
944627
944625
158208
158209
420355
944645
158223
158221
944662
682514
420382
158233
158238
420378
944658
682538
420387
420384
420398
420396
420393
158258
158256
158262
682547
420422
944717
682575
944712
158277
682563
682560
420429
420427
158284
944704
682585
158295
158299
420442
944723
158301
944750
158305
682607
158308
682604
420449
944742
158314
682594
682592
420459
682613
420487
944783
420485
158337
420494
944774
682627
158347
158351
944768
420489
682629
944798
944796
420501
682654
944790
158362
682642
158363
420509
420519
158371
682670
682658
944806
944830
682686
682687
682684
682674
158402
682700
944841
682691
158411
682688
944834
420552
420567
158423
944853
420568
158435
420579
944872
682722
420588
944868
682746
944895
682744
420595
158455
944888
682748
158453
158456
420605
682737
158457
158470
682764
158469
420622
682754
420619
682756
944897
158480
944924
158485
420638
944914
420635
158499
944941
158502
158503
682786
682785
944930
682811
944956
682815
682813
682803
420668
944949
158524
420665
420679
944972
420676
158529
420674
158535
682829
158536
420683
420681
682840
420689
944982
682837
420708
945002
420706
682862
420707
158567
945001
420716
158569
944994
158578
420724
420723
945016
420721
420730
158590
420731
158588
158593
158598
420736
945032
945031
682880
682887
945024
420757
420766
420767
420765
158617
420773
945069
945067
420783
945057
158642
682938
158641
945079
945074
682955
945100
158656
945101
945099
158667
420813
420811
420808
682948
420831
682963
420828
158691
682984
158692
158699
945125
158697
682981
683002
683006
420850
420851
683007
683004
683005
682995
420863
158713
682998
945138
158716
158721
683017
420869
158727
420877
683014
683015
158736
158737
945176
158744
420890
158755
945196
683048
945197
420901
683055
420896
683040
420909
945214
945212
683068
158778
945205
420920
420932
158784
420930
158788
420942
683072
683076
683090
683091
158811
683092
420966
945262
420965
420962
945258
683119
420960
945257
158825
158835
683128
683129
420978
158847
158850
420999
683151
420995
683139
945282
158865
158875
945303
158878
158876
158877
421029
421025
945316
421034
683174
421032
158893
683173
158898
945341
421042
683198
421055
158910
945330
683190
945328
683188
421061
683209
158919
945350
945351
683200
158927
683227
421077
158936
158937
421082
945362
158941
683241
945387
421091
945382
421102
421099
421096
683236
945377
945406
683257
158966
421104
421114
158973
945423
945416
945417
683277
158986
421142
421143
945436
421141
945432
683282
421148
159005
683285
159011
945445
421174
421175
159024
945469
945466
421171
945467
421176
421190
421188
945476
945472
683332
683333
159056
159060
421200
945494
683346
159070
945488
945489
683370
683371
683374
945512
421217
159082
945508
945506
421226
683364
159084
421234
683390
421246
683379
159099
421245
945523
159103
683404
945545
945541
945564
159120
683416
683423
683420
159125
421265
421279
945557
683412
159138
159139
945580
421284
683436
421293
945570
421288
421289
421300
945594
683455
159156
421296
159163
945588
421307
421304
945614
421319
945612
159169
683470
945607
945605
683463
159180
421330
945627
421329
683485
683474
159192
683472
683473
159198
683477
159197
945617
945646
945647
421349
945645
683503
421347
945640
683501
421357
945634
683518
945659
421363
945652
945650
159231
421369
159229
683535
421379
421376
683525
421398
945692
683551
421403
945680
421401
945710
683561
159270
421411
683578
945727
945725
159290
421442
683597
159308
945728
421463
421458
159317
683613
421468
421466
421467
421476
421474
683630
683629
945762
945760
421495
945789
945786
159351
159352
421506
945793
683666
421533
159389
945836
683689
683694
159398
683692
683693
421551
159403
683687
945853
159415
945851
945847
683699
683696
683697
421563
945841
421568
683715
159438
159444
421598
159448
159453
159458
945903
421607
683752
683753
683758
421602
421600
945888
683749
683768
421621
945917
683775
159482
421630
683766
159485
421636
945930
683790
159494
945931
421647
683782
945922
159510
683805
945939
159522
421671
683822
421676
683835
683833
683838
159543
159540
945977
945973
159545
421691
159551
945968
159555
159563
421708
945989
945984
421718
683865
159573
683857
159581
946001
683883
683881
946024
683872
946019
683896
159606
946041
159605
946034
159614
683893
421767
946060
946056
683916
946054
683907
946048
946049
421769
683930
683931
159638
683935
159639
159647
421798
946095
421799
683944
159652
159653
946083
159672
159676
159677
683979
159680
421824
159685
946119
946142
159703
683997
946134
421851
421862
684009
684015
946153
946148
684006
421875
159732
159733
684016
159737
159743
684020
684040
684046
421902
421903
421900
421896
946204
159761
946205
946194
421912
684075
946221
421922
421920
421935
946215
946213
684070
159789
421940
421941
159796
946228
684086
684087
421947
159804
684085
946254
159811
421954
946250
946248
684103
946269
946267
684124
159838
684119
421976
946285
684137
159846
159850
421999
421997
684135
946275
422002
946299
159865
422010
684149
159869
159878
422019
159879
422030
159884
422025
422038
684186
946332
684190
422033
159903
684195
422058
422070
946358
422078
159932
684232
422095
684224
159949
159954
946397
422096
946390
159960
946414
684267
159971
684264
422116
422123
946401
946429
159995
684272
422141
946419
684277
684298
160010
946437
684295
946433
684313
422165
160020
946454
422175
160024
160030
684309
422169
160040
422189
422186
160050
160051
422196
946490
946488
160062
946510
422212
684353
684358
160079
946526
684383
422237
422232
422240
946537
160101
160106
684384
946556
422257
160121
684406
946546
946547
684418
422284
422285
946591
684443
684441
422302
684434
946578
946579
422296
422310
160163
684457
684461
160165
160168
946597
946595
160173
684453
684472
684477
946612
684470
422331
946638
422338
422336
946631
160201
946626
160206
684485
684507
946655
684504
684510
946648
422364
422360
684500
946667
160232
684518
684540
684528
422407
160263
160260
946697
684572
946713
422429
684567
946732
684591
422446
160299
684576
684577
160301
946748
684600
422453
160310
422450
160311
684593
160317
684618
946765
946762
684620
946756
946753
684638
422483
684627
946773
160349
946769
160354
160352
684649
684643
422509
160361
946787
422507
160365
422516
946810
684671
422515
160373
422524
684656
422523
160380
684682
422535
422532
160389
422542
946820
160399
422550
160402
684696
946835
684713
422565
946858
422563
946859
946857
160421
422574
946852
160431
422581
946874
160437
422590
684725
684749
422607
684736
422604
684742
946882
160463
684741
422612
684760
160470
422608
422609
422622
422618
946926
946920
422638
684770
684768
422634
946914
946912
422647
422643
946934
160504
684785
160510
684789
946929
946958
422660
160512
684809
684812
422657
684813
946950
422670
422671
160526
684807
946947
160530
684831
160536
684822
422694
684840
160544
946977
947006
947007
160560
160561
422707
160565
422705
160574
684855
684852
684853
947020
160580
160581
684866
160584
947010
947037
160596
947032
947027
684884
422758
684907
422755
422752
947044
947045
684902
947040
947071
947068
160625
160630
684925
160633
684918
947082
422784
684930
684928
422797
947100
160656
684959
684946
947095
160671
160668
947118
160674
947105
160690
422837
422833
684989
947126
160700
160701
685000
160711
422848
422859
422857
160720
947159
685008
947157
422872
422884
422882
685036
160741
422891
160754
422901
422899
685041
947186
160770
422917
160778
947206
422922
160782
422934
685083
685080
160794
160795
685072
685096
422949
160808
160818
422961
422970
947249
422983
685128
685132
685122
422991
160843
947271
422989
947266
947267
160847
685125
947290
160855
685149
685138
947284
685141
160861
685162
947308
160865
160874
160872
423021
685156
685179
160883
160881
423025
160902
685199
423050
947359
423060
160912
423058
160919
423057
685213
160917
423070
160929
423077
160935
685228
160932
685229
160938
423084
160937
160942
423083
160941
423081
685243
423091
947382
423102
160954
160955
423101
423109
160964
947396
947395
160979
685273
160977
685276
160981
423132
947413
423130
685270
423140
685283
947426
685284
685306
685307
947447
161019
161022
947441
423169
685314
423183
947459
423177
947484
161051
947477
423195
161053
685354
161056
161057
161062
947495
947492
685351
161071
685349
423209
685368
423217
423230
161087
161090
685387
947533
161094
685391
947525
161102
423251
947545
685392
423260
161112
685398
423266
947560
161125
161134
423272
161133
685435
685433
423282
685436
423281
423294
685424
947569
685450
685448
423301
423298
161156
423296
423305
423316
161174
685471
161175
161176
947603
685460
423333
161194
161192
161198
947619
161196
685477
947647
947643
685490
685491
161208
947662
685515
685513
423362
685519
423360
423374
161226
161225
947651
947648
161234
423382
423380
161239
685526
423387
423384
161249
947690
423393
423407
423402
685563
161270
161268
161273
423418
947699
161277
161282
685576
947724
423427
947721
423425
947743
161299
423441
161306
947735
423449
947729
685610
161315
685608
423460
685614
161319
685604
685627
947773
161334
161335
161338
423484
685623
161354
947806
423508
423506
685651
161372
947822
161376
947820
161391
685671
161389
685669
423542
161394
947835
685693
947830
947829
947826
161407
161411
161409
685710
423555
947848
947847
947844
423565
161424
423570
947867
161431
947864
685724
423569
423578
947858
685739
947887
423587
947879
423596
423595
161455
423606
423603
161463
423614
947895
685747
161468
685749
685775
161476
423626
947904
161484
947930
685791
161499
947925
161506
685806
685793
161513
685798
947936
423657
947966
423679
161529
685809
161534
947955
161535
161537
685836
685824
947973
685828
685842
685866
161570
423719
161571
685864
685871
423715
161578
423722
423728
685884
161589
423743
423740
423741
948021
685878
685879
948047
161601
423747
423744
423759
948036
423766
423763
685916
161627
685905
423769
161638
423779
161636
161640
685925
161645
948094
948090
685951
161657
423802
948111
685961
948106
423809
685952
685956
423830
948126
685976
685983
423827
948120
685981
423839
161694
685974
948114
948115
423832
685998
948136
948137
161707
423855
423852
423853
948131
948159
161713
686014
686012
686002
948148
686001
948146
686018
161743
161747
686041
948186
161748
948178
948176
161764
686049
948194
423915
161773
686075
948218
948216
423931
161788
686091
686089
161798
948235
686093
161797
686082
686083
161807
686085
161809
948240
161821
948241
423975
686120
423970
423969
686125
161839
423977
423988
423986
423987
686140
423999
948276
423995
948275
948272
161862
686156
686147
424012
161865
161870
424021
161878
161879
948313
424030
161883
424038
424037
424033
948327
161897
686203
686200
424051
424066
424067
948363
161924
948358
948359
161932
686235
161940
424081
686227
686224
161949
424097
424106
686246
948386
424118
161971
424115
686256
161977
424125
686263
161980
948400
686282
424134
686286
424131
948424
424129
161999
162002
162000
948440
162005
424156
686294
424153
162018
948457
424175
162027
686311
948451
424168
686334
686335
948475
948472
686332
948469
162041
686326
948467
424184
424197
686345
686348
948486
424206
948510
162066
686361
162070
948505
162074
162075
162073
686358
948499
686357
424230
686378
424231
162081
686377
162087
162089
686375
948515
162098
424247
948543
424245
686393
162101
686384
424253
424249
162115
162112
686412
162122
424271
424269
424267
948544
424265
686430
162134
686431
424272
948567
162139
162142
162145
424291
948584
162152
686432
162156
948607
424311
948602
948600
162171
686454
424323
948616
162180
424330
686471
424343
162199
424350
686483
948629
162206
424347
162212
424353
424366
162219
424367
948664
686525
948660
162238
162239
424376
424390
948687
162240
424388
162247
162251
686529
424393
686554
424407
424404
162257
162260
948696
686557
424415
162265
162271
162279
948712
948713
424417
686560
424427
686564
424437
162289
948733
686588
948727
948724
162302
686581
686603
162310
948744
424463
948739
948764
686616
424469
424464
424478
424474
424486
686634
948779
686624
162350
424491
686631
948798
948796
162352
686649
948794
686655
162356
948793
162357
424506
424518
162371
162368
686664
686665
162375
686671
686668
948807
162379
162376
424532
162391
162396
162397
686697
162406
162410
162408
686689
686692
424553
948863
948861
424563
686719
424573
424570
424571
162437
424577
948871
686725
162452
948888
686739
162459
424605
162463
686740
948881
686762
424612
948906
424622
686752
948900
162476
424628
424627
948920
424625
948919
686768
686769
162489
948914
424634
162494
948941
686791
948928
948929
424649
948959
948957
686814
948955
162527
686824
424674
686816
424683
162541
686838
162558
162557
686857
162566
424718
948997
424714
162574
162573
162579
686873
949021
949019
424732
162585
949010
162589
949033
162603
424751
424745
949052
424754
686908
949048
162620
686926
424771
424769
162629
162634
949061
686918
424778
949059
949056
424790
949086
162640
949085
424787
949081
949074
424806
949102
949101
949096
424814
949093
424811
949091
162671
424809
949118
949114
686963
162680
949106
686964
162684
686965
162698
686976
686977
949125
424849
687005
162718
949138
424859
162723
424868
162720
162725
424878
162729
949157
949154
687015
949153
162736
424885
424894
949175
687028
424888
162749
162759
949193
949184
424917
162769
687068
949205
687083
687080
949227
949224
424942
162793
424938
162798
949219
162796
949217
424937
424950
162800
949244
687096
687097
687101
949236
949235
424955
424952
949260
162816
949261
687119
949256
162821
687105
162825
949251
424968
424983
162835
424988
424987
162847
162845
424998
949293
687148
424992
425004
425005
162862
425003
687163
687161
425008
425023
949301
949298
425019
162876
949296
687156
425027
687181
687171
425037
949317
162889
687174
687173
949313
687193
162904
687188
425061
949357
687209
162913
687214
162917
949351
687200
162927
687205
687224
687230
687228
687219
162937
687217
949363
425094
162947
425093
162955
425101
162953
949376
949377
162957
425097
687256
949405
949403
687263
162965
425119
949399
425124
425121
949414
949411
162989
949409
425142
949438
425143
162992
425141
687294
162999
949435
687281
163006
949424
687308
687309
425166
425161
163024
687325
163039
949486
425191
163045
425196
425197
687333
687355
949501
949499
425215
949495
163067
425213
687350
687351
163079
425231
687361
163085
687387
425234
687388
949522
425254
163111
949542
687395
949536
425269
425267
687423
949556
687414
163137
687437
949571
687431
163152
425306
163166
949614
687466
425319
163171
425314
163173
425330
163194
425340
163198
949618
163202
163215
949661
425362
425361
163221
949651
163228
949678
949679
163232
163233
687534
687532
949672
949673
949671
687527
163245
949695
163248
425395
687548
687549
425404
425414
687563
163267
163264
425411
425408
163269
163272
949696
949697
687579
949718
163288
163289
687574
425446
949743
425450
425448
949758
425457
425470
687601
687607
163334
163333
949766
687619
949764
425480
425495
687640
425492
687639
949776
163362
425511
163360
425506
163367
163368
163369
425524
163381
687667
687670
425528
425541
949837
163398
687692
163400
163404
687706
687709
949849
949846
687698
163419
163416
687701
687724
163435
687712
163432
425579
687743
425587
687740
949878
425606
163458
163459
949901
425615
163465
687748
687749
425623
163472
687773
949934
163488
687789
425646
425647
163503
425654
949950
425652
163504
687798
163516
163517
163523
949962
687822
949959
949954
425675
163533
425686
949981
425693
425689
163552
949996
949995
949992
687840
163561
163566
949986
425716
687871
950004
687856
687860
950029
950018
163598
425748
950043
950038
425759
163608
950037
687889
687912
425763
163624
425773
425770
163631
425782
163632
687929
950075
950072
425790
425788
163641
950066
425787
163651
950092
687937
687942
163667
950106
163670
425811
163669
950100
950098
425819
687959
163679
425816
687980
425838
425836
163688
687974
950115
950142
163696
425840
425852
950130
950131
425851
950157
425870
163726
425864
163734
425884
163750
688047
163755
688039
688058
425906
163765
950196
950194
163778
163779
950218
950219
950217
163784
163790
688090
688094
425936
950228
950229
950255
425956
688104
163808
688105
163815
163818
425972
163831
688125
425983
163832
163839
688117
163842
163843
950282
425984
688130
950279
688131
950277
950272
688132
426006
426004
950295
950291
426023
950316
163877
950310
163882
163883
426029
688166
426026
163888
688190
688177
426042
426043
688183
426040
163906
163905
426053
950346
688206
163912
688198
163922
426068
426069
688221
950357
426077
163935
950383
950381
950376
426094
688226
688227
426092
688224
163949
688229
688250
163954
426103
950399
163959
426097
163962
950384
163974
950410
426126
163977
688263
426134
426135
688286
950426
688287
426140
688278
688279
163996
164001
164005
164010
164011
426159
688294
164014
688314
950460
688317
688306
950453
688310
950451
426183
950474
164042
950471
688350
950490
164052
426192
164056
950483
426200
164061
688360
688379
426224
426239
688368
164092
426233
426246
950543
164101
164107
950532
688385
688389
688408
688409
950548
688400
426279
688424
164135
688416
950564
950561
950590
950589
426300
950579
426297
688437
164157
688456
164160
164161
688462
950596
426315
950593
950622
164179
164182
164181
164184
426333
688465
426330
688470
164190
950608
164188
164195
164193
164196
426347
426357
688510
950648
688508
164213
950646
164216
688497
950642
950640
688527
950665
426376
950657
950686
426389
688537
164246
164247
950680
164248
426394
164258
688554
164257
426412
164265
426410
426423
688574
426431
164280
426426
164288
688584
950730
950726
426446
426447
164299
688577
164302
164303
164306
688601
426450
688605
950740
426471
688616
688617
950765
950759
426477
426475
688612
164339
950781
688627
164344
950799
164359
164356
688643
688646
688666
688667
426516
426512
426525
950830
950831
164394
164392
426541
164393
164400
426549
688697
688703
426545
950841
164410
426558
688688
164414
950835
688692
688693
688712
426564
426562
426561
164430
164431
688731
164432
688728
688733
164442
950870
426588
164445
164448
164449
426594
164452
164458
688739
164461
688741
688762
688763
688760
426613
164468
688765
950905
688755
426623
688769
688774
164493
950913
164498
688795
688792
688793
426642
950939
688790
426651
950928
950929
688789
688825
950970
688828
164532
688829
426673
950967
426685
950965
164542
688823
426680
426681
426694
164554
688835
164559
164563
426704
426718
164571
164568
688849
950997
688852
164572
951014
426740
951032
426756
951046
688898
426775
688920
426772
688921
688927
688925
426789
688943
688930
688931
426797
164649
951103
688959
164661
951093
164669
951115
688961
951107
426824
426834
951128
951126
951127
164701
164706
164704
689001
951149
164711
689004
164708
164714
164715
164718
164723
426866
951158
426878
951154
426875
951183
164743
951176
426894
689024
164744
164745
951169
689048
426900
164753
951194
689052
426897
426910
689040
426916
426917
689069
164776
951202
164782
689063
951228
689087
164794
951222
689075
164793
164799
426936
951246
164806
951234
951232
689092
689115
426964
164816
951261
164824
426969
951249
689131
164839
426976
689133
426989
426986
164847
164853
951283
427010
164871
689164
689152
689179
164880
427038
427036
951317
427032
164892
951340
164896
689196
951337
164904
427051
164908
951329
951356
689213
427070
164921
951346
164925
951345
427079
164929
689231
951368
164933
951367
427087
689216
427083
689221
427090
164948
427088
427089
689245
164954
689232
689239
164961
427118
164971
951399
689248
427116
951394
164978
427135
689271
427128
689291
164992
951435
689292
165002
689286
427147
427145
427159
951453
427154
427155
427164
689296
165017
951442
689322
951471
689327
427168
689324
689315
951458
165036
427190
427191
689337
689342
165045
951476
689329
427195
951475
165053
165063
427201
689351
951488
689349
427222
427223
951516
951514
165079
427219
427217
165082
427228
165094
689390
427233
427245
165106
689407
689395
951543
951541
165113
689398
427258
689418
427271
689419
427268
951561
427278
689414
427272
165138
427284
689437
951575
165145
165150
951598
165156
165163
951586
951585
165165
165171
165168
951612
427314
689470
427313
951607
165181
165187
427332
951629
689484
951624
951625
951622
165195
951620
951618
951619
951617
951644
427345
951638
427359
951637
427354
427352
689514
689518
427362
165222
951655
689508
165229
165234
427379
689535
951672
165242
427388
427387
689525
689546
951695
427399
427396
427392
427393
427403
165261
165266
165267
951711
165264
427410
951701
689553
689578
165283
165281
427429
165286
427425
165302
427443
689596
427454
951735
689587
689585
689590
165311
427460
951753
427471
165323
165326
165324
165325
165330
689625
951771
951785
689662
689663
951800
951801
689650
165370
689655
951793
951822
689675
951821
165390
951810
427540
951837
951834
427549
951824
165405
951825
951854
165411
689711
165425
689726
165430
689715
689712
951861
427581
427578
689717
427588
951885
689742
689743
951880
165451
951874
427604
427601
427615
427613
689749
165478
689775
427616
165482
689763
689760
427629
951906
951904
951933
951929
165498
689777
689780
689804
427663
165512
951941
689818
951965
689811
689809
951954
165532
951981
165537
427680
951973
165551
689828
689829
165554
165555
689851
165559
689853
689842
165564
689866
165571
689867
689864
427716
952004
165583
689861
427735
427731
952024
427743
165595
427739
689902
952043
689901
952036
427764
952058
427763
165626
952054
689906
689904
165630
427771
165632
427781
165637
689933
427786
689947
427806
165659
689939
165657
952111
165664
689966
952107
689967
952104
689952
427831
952124
165681
689980
689969
427841
165706
689986
165704
689989
952157
427861
165718
952155
690015
165716
952153
690002
427876
952173
690025
427873
952160
427881
427892
690047
690045
165754
427903
165752
165753
690036
427911
690051
690048
690049
690075
690072
427930
690068
690091
427945
690106
690110
952241
165821
690121
165830
427968
427990
952286
952287
165841
952283
952279
690128
952272
952300
690153
428003
165863
690147
165864
165870
428008
952318
428023
952317
165878
952308
952309
428029
165885
952334
428036
952332
165889
428032
952322
690205
690194
690195
165912
165913
165918
165919
690199
165917
165922
428070
428068
690222
952360
690221
428075
690235
690232
428094
690227
428095
952373
428088
952368
428089
952396
690254
428097
428111
428108
952385
428105
690267
165968
952406
690258
165982
428123
165981
428132
165988
690274
428139
165996
166003
428149
690300
952438
428156
690318
428161
166030
166031
166028
166029
690309
952479
166035
952477
690332
166043
428197
952489
428206
690339
690337
690342
690340
690360
428211
952507
428208
952504
952505
690374
166099
952541
166097
952538
690396
952537
690385
952530
428261
952554
166119
690412
428264
690426
428277
166135
952566
166143
690420
166147
166149
690435
952606
428311
428308
166166
952602
166164
428322
166183
690466
428334
428335
690464
428328
952638
690495
952630
428351
428347
428345
166208
952653
166209
428354
428353
952666
166230
952664
952660
166237
428386
166246
690542
166244
690531
428394
428395
690554
690556
166267
690547
166264
428413
952693
166271
690549
952719
690575
690572
166276
952713
952710
166289
166294
952728
690583
952720
166306
428455
690600
952749
166305
428450
166319
428456
952737
166322
166320
952765
428464
690621
428475
952753
690634
952781
166342
952779
166340
690636
428481
428494
428491
690628
952799
428499
166356
428509
428504
166370
166371
428522
952800
428520
428535
428529
166399
166396
690677
690700
428545
952835
428555
428567
166419
428563
428560
690717
166426
166425
690711
690708
690728
166433
428579
690733
428577
428590
690724
690725
166445
952895
690744
690751
428606
166459
166463
166460
166466
166474
428623
428621
166478
428617
690783
428624
952920
690771
428639
428636
690795
428647
952940
690793
166500
952934
428653
166515
428660
428659
690815
952952
952951
690800
690804
166532
428686
166539
952961
166546
952990
690843
166544
952988
952986
952987
166548
690845
166554
952976
690837
953006
166564
166571
952997
690854
166575
690855
166578
428722
166583
428723
690866
166584
428733
428731
953038
428750
428748
953026
953027
690906
690910
428755
166612
953045
953041
953071
953069
428770
690927
953063
953058
166639
428798
953079
428797
690929
166656
166657
166663
953094
953088
166674
428822
953116
690974
953114
166679
428831
166680
690960
428838
690990
690988
166693
166696
166697
690983
953149
166709
690994
166715
166713
690998
166716
953166
953158
166734
691015
428875
691013
691034
428884
166742
691038
691036
166741
691037
428890
691031
953168
166752
428901
953194
166759
166756
953184
691066
691071
953208
691056
428924
428923
953200
166781
953228
166790
953227
166802
428950
428946
953240
166805
166814
166812
166813
166819
691113
428965
953258
428960
691116
953255
953279
428980
428978
166840
428988
166847
691127
691124
428995
953288
428992
691138
429005
691142
166861
691141
691161
953306
953305
953300
691152
953296
166877
166882
166885
691169
166893
691198
429040
953337
953334
953333
691189
166909
166918
691213
166917
429071
166923
953348
429069
691226
691225
953371
953367
429084
429082
691223
953391
429093
691246
691245
429102
953376
691263
429107
166970
953395
953392
429124
166981
166991
953436
691294
953435
167003
953428
953444
429164
429174
953470
953471
167025
429170
167029
691315
953461
953457
691337
429184
167049
691334
429192
953496
167068
429209
953489
691370
691371
953519
691364
167088
691390
429235
691388
167093
429247
429244
691380
429254
691400
691405
953542
429262
429263
429261
691396
167117
953566
429270
691422
429278
429275
953552
691412
429295
167144
691425
167154
167153
691455
953593
167163
691447
429316
429317
953609
167176
691480
429333
691478
953619
691477
429350
953646
167202
429348
953640
953641
167210
167214
429353
953662
691515
953660
429365
953654
167225
429382
167234
953674
691534
429378
167236
953670
691520
953668
429387
691547
167248
691545
167255
953691
953686
953687
429402
953683
429400
953681
953711
429417
953726
953727
953722
953718
691574
167297
691599
953739
429440
429450
429451
953729
167312
429460
691614
953753
167322
953751
167320
429469
167324
429465
429479
429474
691630
429486
953764
167337
953761
429481
953790
429495
429490
167354
429502
429498
429510
167360
691656
691657
167366
691663
167364
953801
167371
167368
429517
429514
691652
953792
953813
953810
691681
953829
691686
953827
691710
167414
953848
691698
167418
167419
429567
691702
691700
429560
429575
953868
691721
167429
691718
167436
691717
953886
167442
429588
429596
167454
429592
429593
953903
429614
167471
167468
691748
953889
167469
429622
691771
429616
953910
429630
167482
167483
953908
429639
691785
429637
953929
429646
691779
429647
953924
429641
953921
429649
167515
691792
167516
429670
167522
691819
953964
429668
953965
167527
167525
691811
167531
167534
167535
167542
953975
953971
429688
691855
953993
429697
167566
429704
691845
167570
954005
691860
691883
954031
429733
691886
691884
167595
954020
167593
691877
429737
691899
167600
954045
691903
167605
167608
691894
429752
429766
167619
429764
167616
954058
167621
691906
429780
429781
691934
167640
167646
429787
691925
167654
167658
954087
691936
954085
691940
167661
429812
167664
691966
429818
691978
954127
429828
429824
167685
167690
691968
167688
429835
691994
167703
167710
167708
691988
167720
167734
429875
692019
167737
167742
954163
167741
692043
429892
692041
954185
167754
954181
954177
167760
167767
167765
692048
692075
692079
954219
692067
954211
954209
954239
429938
954235
692092
429937
429947
429957
167813
167816
167817
167822
167821
954241
167824
429973
429970
167830
167831
167829
429982
954262
692112
167839
692117
167843
167846
692142
692128
429997
167855
167852
692152
167856
692156
430000
692157
167868
954289
430020
954317
692175
430016
954313
954306
954307
430024
167885
954334
692184
692191
954328
167893
430046
954326
692179
692200
167908
167914
954343
167912
167918
692220
167924
167929
430077
692234
954383
692232
167937
167947
692231
430102
692248
430101
167958
692254
692242
167962
167960
692241
692246
954387
430119
954411
954405
167980
167981
692280
167991
692287
167992
692273
430138
430137
692298
430151
430148
168007
168004
168005
430157
692289
430154
954434
168017
692306
430175
168027
692330
430183
430184
692325
954465
430199
692344
168048
430195
692338
692339
954482
168062
954510
954511
430210
168068
168069
168075
954498
954499
692378
168080
168086
692375
168096
168097
168102
954539
692410
954557
430259
430256
692412
692400
692406
430264
168125
430265
168131
954571
430272
692417
954561
168147
954588
430289
954581
168158
954607
692457
692463
692460
168170
954597
692449
168172
430324
692477
168188
954608
954609
692488
168197
692481
430346
692485
692507
430367
954645
430362
168222
954640
692523
954668
168224
954669
168230
168228
168233
954661
954682
954683
692540
692534
692532
430402
168266
954690
954719
692568
168273
954714
430418
692574
692562
168280
692564
954730
430445
430454
168306
692602
954748
430451
954745
954742
954740
168312
168313
692618
168320
954765
168326
430464
954758
692638
954779
692639
954774
168354
168355
954796
168358
692653
692640
954786
954787
954784
692666
430516
692664
692665
692670
692656
692682
692683
954828
430531
954827
954824
954823
168392
954821
692678
168405
430557
168418
692715
954861
168417
954858
692717
168421
430572
168429
168434
430579
692735
168437
692722
168440
430587
692725
168450
430598
954892
168448
692751
692738
954884
430605
692742
692743
430600
692762
430614
692765
954901
430621
692759
430630
954926
430631
168480
954925
168486
168487
954921
168488
954916
692774
954915
954942
954939
954934
692787
430655
954935
692791
430648
954928
168508
430649
168512
954956
168513
430659
692806
954974
168529
168534
954966
168539
692817
168542
430682
692823
954960
692821
954986
168558
168559
692858
955004
692860
168575
692855
954992
692872
692866
955014
955013
692865
692871
430728
168597
168602
692882
430750
430751
692885
168614
430754
692910
955046
955047
168619
168622
168623
692900
168620
692901
692922
692920
692925
955065
168632
955056
692938
430799
692929
430797
168654
692932
955103
692953
955101
692956
168661
430813
955118
430818
955115
955112
168676
430824
168695
430832
430833
692976
955124
430845
692983
168700
955148
168711
430851
955140
430860
693016
168724
168729
168743
955176
693028
168754
168755
955199
168752
168759
430911
693040
430908
693067
693070
430913
430924
168781
955201
955227
168802
693096
430946
693103
168805
430945
955239
430957
430954
168815
955235
168813
693093
955263
955256
955255
955252
693110
955275
168839
955269
693125
168850
430994
431006
955287
955282
431003
431014
955308
955306
955305
168882
693176
955322
431027
431039
955317
955315
955312
693196
168907
168905
955331
431063
693209
693214
431058
693215
955355
955352
431068
693207
431064
693226
431078
431079
693224
431076
955366
693219
431087
693217
431082
955362
168943
693242
693246
955382
693233
431098
955378
168956
693258
431111
168960
431106
168965
168975
955393
693275
955423
168980
168981
693270
693291
693288
955434
693293
169005
169009
955450
693309
955444
431164
693302
693301
431175
693323
693325
169039
955456
955457
431177
169042
169044
955478
169051
169055
431206
955498
169066
169070
169071
955488
693369
955515
693372
169077
955509
169086
431226
955504
693387
693384
431236
169096
169104
431253
431248
955543
169112
431257
169122
955565
693409
955553
431286
169139
693432
169141
693425
693431
431296
169156
955592
169162
955584
955614
169174
169172
169173
169179
955604
431322
955629
431328
693484
431329
693474
431344
693500
169205
955638
955636
169222
431362
955657
693508
955679
693534
693532
169242
955668
955669
955667
693527
955691
955688
693539
693537
693562
169267
431412
169271
431428
955722
955714
431434
169298
693592
693593
955733
693590
955731
955756
169323
431467
431465
431476
169328
431474
431475
431473
169337
431482
431480
169341
431492
955788
431490
955787
693633
693637
693658
169363
431508
693660
693661
431516
693654
169375
431520
169386
955810
955838
955837
431539
955826
693687
693684
169405
693707
955852
955846
169416
431561
431575
693720
955869
955866
955867
693714
169435
955883
169447
955879
955873
169458
693755
955901
431614
431615
169464
693744
431613
955891
693748
955912
693760
169486
955935
955930
169492
431642
431643
431641
955950
431655
431661
169517
693818
955967
693816
169521
955963
169524
693820
169534
955952
169538
169537
693837
693826
169550
955971
431698
169558
693855
693853
169563
955988
693847
693845
956014
431713
956007
956025
169598
693877
169601
169608
693892
169618
956062
431762
169627
431783
693929
431779
169646
431797
693945
169652
169657
431805
693962
169675
431820
169677
169682
431831
693976
693970
431843
693997
956137
431852
693984
169705
169710
169708
431862
956154
431859
956147
169725
431875
956163
694023
169741
956191
694047
169753
956178
956176
694060
694061
169775
956192
694053
956214
169787
431935
431932
956213
431933
694071
169795
169792
956237
956234
956235
431939
169803
956255
956250
431952
956244
431962
431963
169826
431975
169831
694112
431978
956287
694143
169848
694129
169854
694132
431993
956300
694156
956295
956293
694150
432010
432023
432016
956305
694185
694191
432032
432047
694176
694182
432042
169900
169901
169907
694200
956340
956338
432056
956366
432070
694219
432065
694210
169931
169935
169938
169936
432085
169942
432080
169940
694237
432081
169947
694227
432093
432091
956398
169953
432101
956395
432111
432105
169972
694257
169977
956401
694261
169985
432128
169988
169989
432142
170010
694290
432158
432157
956462
170018
432164
694306
432175
694310
432171
170035
432181
956477
694322
694346
956495
694344
170055
956484
170057
694337
170062
432200
170067
694366
694365
432220
956498
170076
956496
170077
432217
694378
432229
432226
170086
170087
694368
170098
694395
694393
170097
694384
432253
432250
170109
170112
432258
432271
432266
694406
170124
694405
694427
956575
956573
432277
956570
694418
956564
170152
694436
694458
956607
170170
694451
694448
170169
694455
694453
432326
956623
956618
956619
956613
694465
956637
694495
432337
956633
694482
432348
956629
170201
694487
432364
432365
694502
694521
956669
432370
432383
694513
694518
170239
432387
432397
956675
432393
432403
694546
170270
694566
694586
694584
432434
956724
432444
432442
170303
694606
432450
694595
432460
694592
170318
694596
694619
956767
432467
432476
170328
694609
432486
956782
432485
694633
694636
170341
956774
694631
956796
956795
694653
956791
170360
956789
170361
694646
956785
432516
956813
170372
432513
170378
432522
432520
170387
432535
432533
432542
432543
170395
694672
432538
956847
170401
956843
170404
694690
432554
432566
170419
432567
170416
956861
432563
956856
956855
432575
694704
170428
694709
694729
956875
170436
956866
432586
432598
170450
432597
432594
432595
956891
956889
170460
694740
694741
956911
432613
170465
694766
956904
432622
170474
956900
432628
694777
956925
170486
432624
170491
694774
170495
432633
956943
432640
432652
170505
956929
694810
432661
432656
694813
956948
170524
432664
956972
956973
170534
956968
432672
694829
432673
694817
170537
170544
170550
432691
956985
170554
170552
694858
694863
170564
694850
956997
432714
694855
432724
170576
957018
694876
694890
432741
170593
957032
432737
432749
170606
957054
694911
432752
957044
432762
694901
694922
694923
957069
957060
957059
957087
432788
170647
957079
694931
432807
432804
694952
694953
170657
957097
694971
957119
957116
432816
694973
957113
694960
170686
432824
694964
432825
170688
170698
694976
170702
957121
170708
170709
694994
432863
957143
957140
170722
432871
695016
695022
170724
695010
170728
432874
432880
432881
695037
432894
170747
432888
432889
170754
170752
695053
432897
695040
695066
432918
432917
957210
957211
170773
170778
432923
957203
695060
957229
170790
957221
170799
695100
432959
170811
170815
695092
957262
432974
170827
695104
695110
432971
170835
695128
957275
695135
170839
957272
695120
432989
957266
957267
432984
957265
957290
695149
432993
695138
695137
433000
695160
170865
957309
433011
170872
695153
695159
433025
695170
170891
433036
433034
957342
957341
433042
957338
170906
170907
695189
433070
957351
433078
957375
957372
433072
433073
957366
695219
433085
957365
433083
170950
170949
957385
170954
957381
170959
170957
170960
957404
957399
170968
695255
170976
957420
695273
170983
433121
695267
695265
695271
433129
170992
170993
957432
170997
957430
433166
957442
433160
957470
433174
695324
695325
433182
433180
695313
433178
695339
695337
171041
433187
171045
171049
957473
957501
957496
957497
433210
957488
695370
695368
695374
957515
433228
171080
171081
957506
957507
433227
695387
433243
171106
957549
957543
695392
171112
433261
171123
433268
433264
171128
695408
695409
433277
957555
957553
433286
171138
695436
171140
433281
695430
433289
433299
433310
171162
957590
433306
171167
695467
695457
171182
695463
957603
433335
957631
171184
433333
171190
695496
171206
433356
957656
957654
957650
957651
171229
171233
433376
433377
171237
957668
171241
171249
957689
957686
171259
433407
957685
695542
695560
433421
433416
433417
171286
695581
171285
171291
695594
695595
695592
433443
957737
433454
171306
957732
695585
171305
695588
957756
957755
433457
433470
171322
695602
695600
433466
695604
171331
695630
695628
957769
695623
433480
695642
695643
695640
171348
433501
433496
171362
171363
695659
957805
171364
433505
171371
957792
171373
957793
433513
957809
695692
957827
171407
957825
957855
957853
433555
957848
957842
433570
171430
957860
171433
695718
957856
171443
695736
433588
957900
171461
957888
695748
171469
433622
171472
433618
695761
433636
433634
695791
171496
171500
695781
695801
171510
695804
957942
171513
171518
695799
695796
433657
695823
171524
695820
433664
171531
957959
433675
433672
695812
695813
433681
957973
171551
695828
957998
957997
957992
695853
433697
171562
695843
433709
957987
171565
433718
695867
695864
171568
171574
433712
171572
695868
171573
433725
171580
171586
958030
958031
695880
958029
695887
433731
433729
695874
958023
433741
433751
433748
695896
695897
958035
433767
695915
695919
171623
171620
171626
171627
433771
171632
695928
695922
958071
171643
171645
171649
695942
695940
171664
171670
171668
958125
171681
695983
171684
171685
433836
171689
695974
433834
958114
171695
433835
958139
695986
695987
433850
958128
958129
433849
696010
171721
696006
433867
171725
696026
171731
958173
958171
958168
696019
433884
433885
958162
696022
433881
696021
958191
696043
433895
696040
433890
171751
696045
958182
171753
696039
696058
696059
171761
696057
958202
433904
171770
433919
696048
433917
696054
958221
433922
433923
433920
696066
171787
696067
433935
433942
696090
696091
433943
433941
171798
171799
696080
171801
696087
433955
433953
171813
958242
171820
433974
958270
433972
171831
171828
696114
958257
696138
171847
958280
696141
171854
958272
696154
171857
958297
696147
958318
696175
696172
434030
696163
696161
434026
171884
434038
171891
958335
434037
958333
958330
958328
434032
958329
434047
958325
958347
434058
696199
434059
958336
696218
696219
171927
958361
958356
171929
696225
958370
696249
696254
434098
958394
958395
434107
696247
171967
958410
958407
434122
958403
958400
171990
958426
434131
958420
434138
434137
172003
696291
696294
172020
696306
958455
172030
434188
958493
958490
958488
434193
434206
434204
696337
958483
434215
696363
172068
696364
958505
696352
696353
434221
958498
172080
434226
958518
434236
958517
172092
434245
172102
958537
172101
696391
172114
958554
434259
958552
696413
958575
958572
434286
172138
958567
434283
434280
172146
172145
434291
172148
958580
172153
434301
172157
172162
958605
958600
172164
696455
434312
696472
434322
696468
172189
434329
958639
172195
434340
172193
696495
434336
958628
172210
434359
958650
958648
696497
696500
434374
958671
434375
434372
958669
434380
696512
172233
434381
696517
172240
172241
172246
172247
172252
958701
434402
696558
696546
696547
958688
696549
172275
172278
958713
172281
958706
696566
958705
172291
696585
172295
696578
696579
172296
434441
434453
172311
958747
958736
696623
172327
958760
696620
434478
434477
958757
696634
958781
172347
958772
958773
172345
958771
434502
172353
958793
434511
696647
958785
434519
434515
958808
172378
434524
434523
696681
958825
434541
696679
958846
434550
958841
696691
434559
434557
696694
958834
958835
434574
696710
958851
696708
696730
434583
958873
172443
958865
958894
696747
434595
958888
434606
172458
172459
958883
434614
696763
434620
172476
696778
434631
434628
434629
172481
172487
172490
958917
958915
172492
958912
434647
172499
696793
434640
172500
958937
696786
434652
172504
434650
958928
172515
696815
696803
958948
172526
958947
434667
172524
696805
172531
172534
172535
696816
172551
696844
696832
434699
958976
172562
172561
696857
172567
172568
696854
172573
172577
959016
696876
434728
434742
696888
434739
172599
696883
959029
172606
434746
696904
696898
172622
434760
434775
172630
172628
172635
959060
696917
959084
434784
434785
959078
172648
172658
172659
172657
696946
959092
696951
434811
172669
959119
959116
959115
434816
172681
172699
959125
434840
959149
434849
172714
696992
434861
696998
959160
959161
434879
434876
697009
959157
697034
172738
434887
959180
959181
959176
434894
697030
959169
434900
434910
959191
172761
434907
434905
434919
434914
172774
172779
172777
172782
697062
697080
434931
172791
959221
172807
434945
172809
434957
959235
172815
959262
172818
434967
959258
172822
434963
172827
959248
959249
434982
434979
959273
959270
959268
697121
434985
434997
697151
959291
697138
959286
172859
697139
435000
959280
959308
959306
435009
959305
959302
959300
172879
435016
697157
435028
172880
435029
172889
172892
697173
697192
435044
959338
172902
697199
172906
697186
697184
172904
435052
959332
959333
435063
697208
172913
697213
172922
959374
172931
435076
435075
172933
959366
697217
172942
959360
172940
697242
959390
697246
435089
435100
172966
435107
172964
172968
697248
435115
959393
959422
697274
697278
697277
959410
435131
435128
959438
435140
172999
172997
435151
959426
435156
173015
173013
435160
435173
173028
173033
959484
173041
173047
173045
435185
435199
697332
435193
435206
697345
959490
435209
697349
173069
173079
435216
959506
959507
959531
959520
173106
435249
959540
435259
435266
435264
173125
959557
173139
435282
959577
435293
697451
959589
173164
697467
697465
959609
959607
173179
959600
173185
173190
959624
697485
697472
697503
959637
173213
697514
435367
697507
959652
697511
173228
173239
435388
697525
173258
173257
959682
697543
435403
173265
959707
959703
959700
959697
959724
697575
697573
959739
697588
959757
173319
959755
435468
697607
173325
435475
435487
435483
697623
173345
435491
435489
173359
697658
435509
959805
173367
435507
435505
959799
435517
697649
959822
173383
959814
435535
697667
173390
435531
959808
173396
435550
173400
697686
435558
173410
173411
173409
697705
959851
173415
697698
959846
697696
435564
173417
435574
697723
435573
173430
435583
959858
435576
959885
959876
959872
435602
697759
697746
959894
173468
173469
959889
173475
697768
435619
173479
959910
697764
173493
697779
697781
697802
173504
959949
173515
697792
435660
435658
173516
435678
173531
435677
959952
959983
697835
697832
435682
173541
435692
435693
435690
435702
697851
959994
959993
173567
697844
435719
697870
173572
697869
173573
960005
435725
960000
173586
435735
173591
697885
960046
960047
960043
697890
173611
173608
960037
697893
173622
960059
435763
173623
960055
697907
173624
960051
173631
435769
173629
697931
435780
173641
435786
173645
960095
960093
697950
960089
697949
697936
173657
960085
697943
173667
435811
960104
960105
697954
697955
435820
960100
960099
173686
435825
435839
173692
960143
173696
960138
435852
173710
435862
698011
698008
435858
698015
435856
435857
960150
960148
698000
960145
173734
960170
698028
698016
960165
698017
173741
173747
960188
435890
435888
173759
435899
173757
435911
698073
698079
698076
698071
173788
173794
960236
173792
960237
435937
173802
960231
960226
435944
960255
173816
960243
698101
698122
435970
435969
960263
698115
173837
173840
435986
173844
435985
435998
698128
435994
698155
436005
173857
960301
698158
173867
436015
436012
436009
173872
698175
698160
173887
960335
436036
960328
698178
698181
960350
960347
698204
698196
698197
173926
960360
436077
436084
698239
960372
173950
436102
173954
698251
960389
960414
173974
436134
698282
698280
436139
960416
174003
698301
174011
436156
436162
174023
698316
436172
960452
698305
960450
698308
436169
960478
960471
436187
436185
174048
698351
960486
960487
174059
960482
174060
698362
436215
960511
436210
174068
698354
436220
174082
174081
174085
174095
436235
436232
698399
960534
436255
174104
436251
960559
698409
960557
174119
174116
960552
960550
698425
698431
436273
174139
436283
698420
960589
698447
960584
960585
436302
436303
698437
960605
174169
960597
960592
174179
960620
698477
960614
436329
960638
960636
436341
698494
960635
698482
436350
698481
436346
960627
698507
698504
174209
698499
174217
698502
436360
174221
960667
698527
174228
960662
174234
436382
174237
698538
960684
174241
436384
698528
698535
960675
960702
960701
436412
436413
436410
436411
174268
436408
698574
698575
960707
698584
174289
174295
174293
698602
436454
960750
698606
174308
436449
436463
436461
960737
436470
698618
960764
960765
174326
960757
174329
436475
698613
698632
698633
174342
436494
436495
436491
960768
174349
960799
436500
174353
436499
698642
436511
960786
436506
698665
960809
960801
436521
960828
174388
960818
174397
436548
960845
960837
174415
960832
174413
174416
436565
174422
174423
960856
174420
436575
174427
960855
698704
960852
436570
960876
698734
960873
436590
436591
960869
174447
174444
698725
174450
698751
698742
436601
436614
174467
960907
436611
960900
698752
174476
436627
698781
960917
174492
960912
436645
960934
698786
174504
436651
698813
436666
436679
174539
174541
960986
698833
698839
174562
698857
174565
698850
960997
436717
698854
436714
436715
436726
436725
698867
436728
961009
174594
436736
174597
961054
436756
436757
698908
174612
174613
961042
961041
436775
174627
961068
698927
698924
436769
698913
174639
698919
698939
961082
436787
698940
698930
436793
961100
436803
698959
698957
698947
961088
436823
436817
436831
174684
698964
961128
174698
174699
961151
699004
174714
961142
698997
174722
961165
436866
961162
436877
699014
961155
961153
174738
961178
174743
699029
436896
961193
699053
174761
174766
699047
174771
961206
699057
961205
436922
174783
436923
961228
174791
699078
436936
961217
699103
699101
174813
699112
699118
699116
699106
174824
436968
436978
961272
436990
699126
699144
436995
961288
961285
699143
174863
437003
174860
699167
174868
174872
961298
961299
961297
699157
961327
699176
961322
437027
437039
961316
174894
174895
437043
437040
961336
699196
961337
961334
961332
699191
961359
699211
174913
699212
437056
174917
437057
174921
174926
174939
961367
437084
437085
699217
437095
437092
699241
699247
699245
961383
437103
961380
437101
961378
174958
699238
437099
699239
961406
699258
437108
174968
961394
437127
699272
961416
174984
961413
437130
961436
174998
174997
961429
437144
175004
961425
961454
437153
961444
175020
961440
175026
437170
699325
437183
961458
699319
961487
961480
699328
175054
699353
961492
699349
175074
961519
699375
699360
699385
437234
961526
437247
961524
175096
175103
699383
175105
699407
175109
175112
961541
437258
961539
175120
961560
175125
961559
961554
437274
437285
699438
699436
175147
699431
175148
961598
961595
699453
699444
961585
961615
175174
699458
961603
961631
699483
699487
961627
961625
961647
437346
961643
175204
699494
699492
175217
699519
437363
175221
699506
437372
699504
961650
175234
699531
961670
699522
961669
437387
699524
175244
699563
699564
699552
961697
961726
437429
437424
699581
961718
699571
437437
437433
961741
699593
437440
175301
961734
437449
437460
961752
961753
175324
961744
699604
437464
699631
437473
175342
699643
961789
961784
961782
699632
175353
175359
175363
961803
175370
175371
175368
961793
699653
961823
699666
175384
437528
175394
699695
175397
175403
961828
961829
961825
175409
961850
699708
175413
437566
175419
699696
437565
699697
437563
699723
699720
437571
961865
437583
437579
699717
437577
961857
699737
175446
961883
699740
961879
961877
437607
699755
699752
699758
175460
437613
437610
961916
437621
961917
175486
699787
175488
175495
175492
175497
437642
175506
699803
175510
699797
175523
961960
961958
961957
699814
699815
437686
699838
175542
699839
699837
437694
175544
437690
437703
961997
699855
961995
699853
175562
961990
699843
175560
175561
175566
699844
175564
437718
699866
699871
699868
175572
175576
699856
437725
962002
437721
175586
962029
962024
437729
699873
175599
962047
437749
175601
437746
962041
437759
699889
437754
962033
175613
175635
699929
962074
175638
962072
437776
699922
175642
699923
962068
175640
175641
437786
962095
699947
437797
175655
437807
175656
437805
699942
962082
437800
962081
175667
437812
962109
175665
699966
175673
699957
699978
175684
699980
175690
437834
962112
437847
962139
962136
962135
437855
700008
175713
700015
175717
962148
700025
175734
175732
962168
437887
175737
437892
437891
962184
700045
962180
700038
700058
962207
962202
700063
962201
175772
700052
700066
437928
437929
700091
962236
175802
175800
437948
437949
962227
700084
700107
962253
175809
700110
437964
700096
175816
962245
437960
175820
700114
700112
175839
175837
175842
700136
962284
437988
700142
700143
962276
700135
437993
962302
175858
700152
175863
962292
438013
962316
175879
962315
962312
700173
175886
700166
962307
962304
175890
438036
700190
962320
438041
962350
962347
962340
962339
962366
175921
175926
962361
700210
175930
700215
438085
962378
438094
962399
700248
438110
438111
175963
962387
438105
175971
962413
700270
175975
175973
175978
962400
438133
962422
175993
438136
700277
962444
700289
176014
700314
176016
700319
176027
438172
700304
962450
962449
700330
438181
700332
962464
438192
962487
176059
176056
962484
176057
962485
700340
438215
176067
962505
176072
962498
438226
962523
176088
176096
438245
700398
438242
176102
962539
176101
438254
962534
962532
176109
438256
176123
700426
700424
438276
438277
962571
700418
962565
962563
700423
438294
962584
438289
176155
700432
700438
962576
962605
176170
176171
438316
438315
438326
438327
962623
962620
700478
962618
700476
438334
176187
438331
700490
962654
700511
962648
176218
962642
176223
438363
700520
962665
700514
438383
962661
700516
962686
700537
438398
962674
438393
700533
438406
962700
962701
700559
700546
176267
962718
176279
700572
438424
438438
438437
700588
962724
700576
438453
700607
700605
700593
438458
176316
438471
176320
700614
962777
438490
962769
700650
438503
438510
962790
176362
962791
962788
176366
962787
176371
438516
700669
176379
438524
438533
700674
176393
176398
700676
438537
962817
700698
438549
700697
962843
962840
438567
962860
176420
700717
176427
438570
176431
438568
176434
176438
962875
700735
962873
438590
962867
438596
176452
962889
700749
176457
700765
176474
438620
438616
438629
700782
700783
962916
438637
176496
962940
700798
438653
700790
962928
438649
438663
962959
700808
962955
700815
438656
438664
438672
700818
176547
962988
962989
700834
962983
438707
438715
176577
176582
700879
176581
438734
176586
700867
700871
963039
176598
700894
438739
176603
963028
438746
176604
963054
176618
176619
700897
176620
700901
176626
963071
176625
700927
963067
438780
963057
963086
176642
438786
700943
176648
438797
963075
963072
700933
963103
176657
700958
438800
176661
700946
963095
438808
963088
700949
438820
963117
963115
963110
700962
963105
176706
701000
438852
963145
438862
438863
963140
438858
438856
438871
176720
701017
963162
701010
438877
176739
963181
176741
701025
963173
176751
176748
963196
438898
963195
176760
701046
963185
963210
438913
438926
963202
176780
176784
438932
963228
176791
701072
963219
176797
963241
701092
176816
438965
963259
701116
701107
176830
701135
963272
701132
438990
701125
963295
701150
701151
438992
438993
701141
963311
963307
701167
176871
176868
439008
176869
439018
176878
439017
176883
701175
701192
439045
701198
176900
963336
439041
963335
176904
701184
701188
176908
963329
439059
963351
701200
439077
176934
701228
963362
176942
176943
176954
176955
176952
176959
701256
176961
439116
176975
963392
439112
439127
176984
963410
963411
439129
963432
701293
177001
439158
177014
963451
439163
177023
701300
439161
701322
439175
701321
701327
701318
439176
177036
701343
963481
439198
177050
177054
963473
963500
439201
439208
701348
177072
963516
177076
963512
439230
963510
439228
439224
701364
701365
439239
177088
701384
963524
701380
701402
177106
963546
177111
177108
439249
701405
439263
963539
439270
177122
963566
963562
177130
963552
439282
701429
177157
177167
439318
177170
177174
701470
439326
701457
963602
963603
963600
177181
963619
439356
177209
439354
963634
701494
701515
701512
963661
439363
963656
701517
177227
963653
177225
701505
177234
177232
963672
177242
439388
963667
701524
701525
439394
963688
439404
963681
177266
439413
701566
439411
439416
701557
177277
963697
177287
701568
701575
439433
963743
177297
701598
963734
177304
701590
701591
963759
439463
701613
177323
701600
439469
177327
439478
963775
701620
701621
963761
701640
439493
963786
177348
963784
963807
177361
963805
439504
701660
963801
439505
439516
701648
177375
963793
177379
701673
177383
963814
963838
963832
701693
439550
963831
701680
701686
177406
439547
963825
701706
439559
439557
701709
701696
177423
963840
177428
439569
963862
963860
177433
439581
701713
177442
701739
439591
177441
963875
177455
701754
701755
177456
701752
963898
177461
701751
701748
177469
439609
701770
177475
963916
701768
177483
177484
701764
701784
963928
439645
439643
963920
963950
177507
439652
963942
963943
177515
701818
439670
439666
963961
701810
963959
439687
439684
963978
963970
701852
439696
439706
177567
177569
964013
439727
964007
177579
177577
964002
964003
177583
177585
964026
439743
439740
964044
177600
177601
177610
177609
701892
439766
701915
701913
701917
964052
177624
439769
964075
177646
964093
701945
439794
177654
701949
177653
439806
177662
701943
701962
964111
439815
439808
177674
439817
177682
964127
439829
177690
439838
177688
439837
439835
964112
177692
701973
701995
439847
701997
964134
964135
177704
177705
439849
177714
964157
702009
439858
439870
964151
439866
964147
439867
964144
964172
702025
964173
964171
964165
439881
702042
964190
439901
177762
702061
702054
177781
439932
702070
702071
964209
964234
439937
964225
177810
177808
177814
964250
439954
177812
439966
439974
177826
964269
702125
177839
439989
964279
702128
702132
964302
964301
177862
702158
964298
964299
964295
177865
702145
702148
177873
702161
440025
177891
440036
177888
177895
440035
177892
964328
964326
964320
440055
964349
177905
964344
440049
177914
964343
702192
440060
440058
440059
177920
702216
440082
702238
702224
702225
440091
964371
440102
440103
702248
964397
440101
702242
177960
702240
440116
702269
177977
964403
702286
964426
964423
440141
964418
440136
440150
702296
440147
702300
964441
178005
702290
964439
440152
702293
440153
440167
178022
702306
702307
178034
178033
702335
964471
964495
440206
702336
964485
440200
964503
440220
440221
702357
178077
178081
702382
178091
178089
178097
702397
702387
178104
178105
964531
440262
702411
178112
178116
440257
964551
178120
178134
702430
440272
178132
702416
440285
964565
702422
702420
178147
702440
440290
178151
964580
964581
440299
440310
964604
440308
702463
440305
702450
440318
178170
440319
178168
964594
702455
178175
440312
440326
702473
178183
178180
964614
702469
178194
440343
178195
702488
964630
440349
964655
440354
964648
964646
702496
702522
178226
178227
702518
178242
964683
178247
702531
702528
440395
964672
964703
702559
178263
178261
964694
440410
702548
178269
178272
178279
964712
702586
178290
440434
178298
964724
440441
964746
178312
178318
178317
178322
964766
964762
178327
702620
440478
178330
178331
440477
440474
964752
440487
702632
440480
964777
702629
178354
702650
702648
178358
178362
702641
702647
440504
440505
178371
178372
702668
702669
964807
440533
178388
702684
964824
702678
964816
440537
178397
964817
964845
178407
440544
702701
702690
964836
702692
964863
440564
702712
178416
964858
440560
702717
440574
440573
702709
178435
440581
964874
178439
964871
178440
440589
702746
178451
702747
178455
440607
964887
702739
440612
178465
964907
964905
702753
440616
702778
178486
440626
702783
440638
702768
178502
178500
178504
964932
964929
178514
964955
964952
964950
702800
178521
702807
702804
964944
964945
964975
440686
702817
178541
702846
964984
702844
440696
702858
965003
965000
178564
702851
702852
440726
965020
178587
702865
965010
178588
178594
965038
702888
440750
702883
965027
178604
178611
702904
178609
178614
702908
965048
440763
440775
440772
178635
702913
965058
440777
178643
440786
440796
178653
178658
178657
965096
702949
178672
702974
178679
178676
440828
440825
965135
178694
178699
178696
440842
178703
965150
440854
703004
440861
965138
440856
965136
178716
965137
965165
965162
440875
703013
965181
965174
703027
703031
703048
965192
703043
703040
178761
965189
703069
703058
178778
965203
440934
178788
440940
178798
440938
440937
965243
703103
178805
178810
965238
440955
965232
178813
440953
178819
440962
440960
965276
440978
965270
703122
965271
703126
178845
703136
965285
965309
441019
965296
703156
965326
965327
965320
441037
178894
965342
965339
441048
178909
965358
441062
965352
965348
178921
965347
965344
178925
178931
703227
178935
703217
703222
965362
965363
178940
178944
441090
965385
178955
441110
441107
178971
441112
441123
703276
441121
178981
703277
178984
441131
178994
965436
965434
179003
703283
965429
965425
703285
965455
179011
965450
965451
441166
965444
179020
441160
179021
965470
441173
703324
179037
965484
703340
965479
965474
703332
441204
441215
441212
703348
965488
441208
441221
179079
441230
703363
179080
441227
965505
179091
703385
703388
965529
179098
441246
441247
703377
965520
703381
441253
965540
441258
965536
703417
965561
703434
441287
179137
179142
965578
179143
703426
965575
965599
441300
965594
703446
441306
179170
965615
441319
965613
965611
179175
965607
965604
965605
703482
965629
965626
703486
179191
703484
441329
965625
965621
965645
441345
179208
441356
441352
179219
179216
179220
703516
703507
703504
703505
179231
441371
703508
703530
179232
441377
965671
703523
441397
179254
703538
965684
441403
965680
703540
441401
703562
179267
965709
179268
965704
965705
441422
441420
965698
179286
703582
179287
179284
703574
965712
703594
965742
179298
703599
441440
179307
441455
441452
179305
703589
965758
703611
965759
441458
179319
703612
965750
965746
965775
965772
703625
703618
441481
965786
965776
703637
965777
965806
179368
179369
703649
441522
441535
179384
965812
441533
441528
441543
965839
703689
441541
441537
179400
965829
179406
703687
441547
441545
179405
441558
179418
703696
441564
441568
179433
179438
179436
179442
179446
965883
179456
441604
703759
965894
179465
703770
965919
703768
703774
703772
965912
703773
703762
179482
179484
179491
703784
703790
441633
703779
441644
179506
441653
179505
179510
179509
965940
703792
179519
965962
965959
179529
703809
441674
965954
703815
179538
441685
965972
703824
441690
965971
441696
965985
179570
179571
703865
966013
966011
703857
179584
179591
966027
441741
966021
966018
703899
179600
703896
179606
966043
179604
179610
703888
179614
703895
441752
179616
441765
966057
179630
179628
179635
179636
966073
441791
179640
179644
703946
441799
179651
441797
966090
179655
703936
966083
179667
703965
441823
703955
966103
179678
703978
966124
703982
441824
966114
441846
179700
441855
441852
441849
441862
179714
179718
441870
441871
179720
704006
704007
441876
441877
704031
441884
441882
179743
441894
179746
441895
704047
966182
704038
441898
966206
441906
179767
441904
966199
441916
179774
704055
966222
441926
966217
704066
179787
704065
441929
704069
704088
441951
966227
441945
966255
441954
441955
179812
441953
966249
966245
179820
179821
966270
704123
441972
441973
966269
966262
441990
179842
179847
704143
704128
966276
704129
179855
442006
704152
704153
179863
704151
179868
179877
442028
966307
179884
704186
442039
704185
179889
966323
966320
442051
966347
966345
966341
966336
704197
179923
704216
442066
179926
179927
966363
704223
966353
179938
966383
442085
966379
704226
442092
704225
442088
966369
966399
704248
179953
966395
442096
704253
179962
442106
966384
704245
179970
179971
966413
704268
966408
179973
179977
442123
179980
704286
704287
966425
442140
704272
442141
966440
704301
180010
442159
442156
704292
704314
704317
180027
442175
180030
180028
966477
704332
180037
966473
966471
180043
442191
704320
180051
704344
704345
442195
442206
966486
442207
966480
704360
966506
180074
442221
966518
966517
180095
442232
704373
442233
704394
704397
966537
180111
180108
180109
180115
180112
704405
704426
442284
442292
966584
442302
180155
704433
966604
704461
442318
966594
704474
180176
966616
442321
704467
180187
442332
704465
704471
180195
704495
966632
442351
966628
180218
966644
442364
704503
966640
704500
442375
966671
180227
442372
180230
442379
442376
704542
966680
442397
442393
180259
704552
442404
966698
704558
180263
180261
704544
966690
180274
704568
442421
704563
966706
442425
966734
442437
704589
966721
704581
180307
704600
180305
704606
180308
180309
180315
966740
966741
442456
180323
442468
704617
966765
180326
704622
966761
704610
442474
966752
704626
180346
704627
966775
966770
704631
180351
966771
966768
704653
966788
442509
180367
180371
704670
180376
442525
180382
442520
966830
704683
442535
966828
180385
180390
180395
704672
180399
442551
704696
442548
704697
442546
966842
442547
180408
180415
704693
180416
966861
704716
704730
966876
704735
442576
180436
442590
180443
966867
442599
180449
704745
966889
442606
704737
180460
442601
442614
704753
966896
180480
966924
180487
966920
180485
180491
180489
966942
442640
180501
966932
966930
442651
180514
966956
180516
704812
966952
966953
966951
966945
442675
966969
180536
704817
180542
704820
966961
966991
966988
180554
704834
180555
966981
180559
442699
180556
967007
442719
966997
442714
704853
967015
967010
180589
180594
180593
442736
442737
180597
967055
704908
180627
967067
967061
704913
704917
442790
180643
967081
967077
967075
704952
180657
967098
967099
442801
704957
704970
180674
967119
180673
967112
442828
442838
704979
704982
180701
967150
705003
705001
967146
967142
704994
704992
967136
704996
442866
705011
967157
180733
705034
442886
442893
180748
442902
180752
180758
967193
180763
180761
967187
967185
180765
705065
442912
967209
180776
705057
967205
180794
442936
180803
180814
705095
442955
967235
705117
442974
967255
442972
180834
180832
967276
967277
180833
180839
967275
180836
967272
967269
705121
442987
442992
967287
180856
705137
967282
443003
967280
967310
705167
967300
180873
443018
705157
967297
443017
967327
967322
967318
967315
180893
443042
967339
180903
180907
443050
180911
443048
705210
443063
705208
443057
967348
443066
443064
180924
705227
443076
967372
705228
443084
443083
705223
180940
967360
180948
705233
705239
443111
180971
967395
967393
180976
443125
967416
443120
967414
180986
443128
443129
705269
180995
180992
180993
705292
181009
705310
181012
443152
443153
705299
967443
967470
181031
967464
705325
967460
967456
967457
967486
443191
705342
443185
443196
967502
705352
443205
181057
967494
181068
181074
181078
181079
443228
443227
705365
705386
705387
443239
967533
181089
443235
967531
967522
967551
967549
181111
705393
181113
443261
181117
443267
705435
967583
967580
705436
181145
181148
443289
967592
967590
443311
443305
443319
967607
443324
443335
181185
443331
443329
443340
705476
443337
967617
181202
181200
967637
967661
967657
443374
705506
705504
443370
181228
705530
705528
443379
181237
967671
705521
967665
705544
443394
443403
181260
967681
443422
181276
705580
705568
705569
443435
181298
443444
705592
443450
705610
967755
443456
967744
705625
443477
443472
967767
181336
967765
705617
967788
443488
181349
181358
443499
705639
181362
705658
967804
967802
181366
443507
705650
967797
443524
705672
705673
967819
967816
967817
443535
181387
181384
967813
443540
443538
181396
967826
967854
705705
705710
443566
705696
181423
443575
705723
181424
705726
181429
967863
181432
705713
967859
705716
443587
705743
181444
181459
705757
181466
967894
967891
705749
443620
181479
967915
967911
705766
443626
967906
181487
443624
181485
443625
181490
181489
181495
967927
705776
443644
443645
967921
181506
705803
443655
181516
181517
443669
705810
967977
967975
967968
443688
181555
705842
967989
181564
443717
181575
968007
705859
181577
181580
443721
968027
443728
181601
181605
443764
443762
181620
705908
181633
705932
705920
443786
443787
443785
443798
181649
968088
705949
705938
181659
443801
705962
443810
443819
968096
181676
443828
443827
968120
443824
443825
181690
968118
968116
968117
443847
705995
181700
705997
968132
705990
443850
706010
443863
443856
443857
443868
181726
181725
706027
181729
706025
706016
706023
968160
706042
968189
443891
968185
181755
968180
181752
443901
443904
181764
968198
181771
181772
968223
706073
443925
443922
181783
443923
443931
443928
968231
181805
706085
443959
443957
181809
968250
181815
443952
181813
181817
968242
181823
443974
968270
706124
443983
968263
181832
968286
181842
181843
706136
181847
968283
443984
968281
706135
968275
706132
181862
181863
444013
181870
706150
444010
444011
706148
444009
968318
444023
706174
181878
968315
181877
181882
968333
181893
968327
444040
444041
444053
181909
706205
968341
444058
181918
968367
968362
968363
968360
706220
181925
181930
706211
181938
181939
181943
968372
968370
706250
706248
181953
444099
968391
706246
181964
444116
181974
181978
181979
444128
181988
444142
706275
968416
444137
182000
968440
706301
968436
444152
968433
182016
182023
968459
968456
706305
444183
182040
182041
182048
706344
444194
182055
444195
706348
182053
444206
968482
444212
968504
182069
182072
968498
968525
444229
968522
444225
968517
706369
706374
968512
706373
968540
182097
706399
444240
968534
444255
444251
706391
706411
968557
706415
968552
706403
444266
968547
182124
444279
968570
968569
444286
706419
706416
706417
706420
968561
444292
968586
968583
968576
968606
968602
182165
968599
706455
182175
706452
182178
182179
968620
968619
444334
182186
706465
968608
444342
444341
182193
444338
968635
444339
968632
968629
968627
182207
968625
182211
968652
968653
444354
706498
182222
444361
444374
968670
444368
706525
182235
968661
182239
968656
182241
968683
706543
968681
968675
968698
968696
444414
182271
182268
706549
968714
182279
706560
182284
968732
182294
444435
444433
182293
706579
444454
182307
182310
444448
706604
444449
706594
706596
968764
182321
706617
706622
968763
182330
444474
706614
968752
182338
444482
182343
444493
182345
968768
182352
182360
706646
444507
444516
182374
182394
182400
444546
182404
182405
444557
706692
444552
706715
968861
706718
968859
706719
444574
182427
182438
182443
444588
444589
182448
706749
706760
182468
444621
706757
444631
706780
706781
706774
444644
706793
968937
444650
706790
706791
968931
444649
968956
706813
444671
444665
706827
968973
706825
706830
444675
706818
444687
968964
182544
968989
706841
444691
968985
968981
969007
444709
444706
706863
969022
444727
182577
706879
182583
706877
969039
706888
444738
182599
706893
706883
706880
969029
969026
182604
444758
706910
969050
969051
182619
969068
182630
706926
444769
706914
706912
444778
444779
969056
969057
182643
706936
182645
444799
182652
444792
182658
182657
444800
969097
706948
182674
706972
182681
969107
444837
182692
182693
969124
444843
182706
182704
707000
444848
182708
969143
182713
707023
444864
182725
969156
969155
182739
969177
444881
182745
182752
182758
182760
444908
969215
444914
969211
969208
707068
444927
182779
969231
444935
969226
444931
707087
969225
969220
182792
969221
444951
969244
444946
182811
444959
182819
969263
444964
444965
444963
707116
969255
707104
182824
707105
182828
707128
707135
182837
707133
707123
707120
182846
969266
182847
444998
969295
182854
969284
445002
707140
445014
707161
445013
445008
445016
445031
707176
182887
969313
182893
182903
969336
445041
707184
182913
969354
969353
707202
707203
182927
707204
707224
969370
182935
707229
969366
969364
969365
707217
445083
445080
182948
445098
445099
182959
707239
969377
445119
182969
445112
707253
445113
182973
707272
969417
445135
445130
182991
445131
182988
707269
445142
707290
969436
445138
707295
182999
969432
182997
969454
445158
445156
707310
445166
183019
707300
183025
445170
969464
183035
445180
183036
969457
183041
969481
707331
707328
445197
969475
183058
445207
969500
445202
969493
969518
183078
445231
969506
707364
183084
445224
707384
445234
183092
445246
707382
707383
183107
445251
969547
183108
707405
183112
707392
183113
707399
183116
707422
445267
969560
183124
183130
707411
969553
969583
707432
445285
183147
183144
707425
707448
969597
183158
707455
445311
445309
707446
183166
707445
183165
707465
183180
707482
183187
707486
445329
183210
183211
183214
969663
183234
183243
183251
707549
969686
707536
707537
707562
183264
969704
183268
445422
445418
445416
707578
183283
969727
445427
183285
707570
969717
183292
969712
969742
445442
969734
969735
969732
707588
969752
445471
183320
445469
969775
969770
707631
969771
969764
183342
969760
445495
707646
183355
445503
183353
445499
969776
445497
969804
707662
969802
707663
445504
707654
183375
969822
445527
445520
969809
183394
445543
969839
969830
183402
707683
707706
707707
707708
707698
183423
445563
445561
707714
183438
969859
445579
445584
183450
707734
183459
707755
183463
445600
969893
707769
969915
969910
707761
183487
969907
707764
969933
183494
969930
969928
707778
445642
183501
445649
707795
445658
707798
969939
707797
969964
183521
707813
969953
707832
707836
445689
183549
969998
969996
707854
445696
445710
707843
969991
445708
183566
445707
707844
707845
183565
970011
445713
970007
445734
970028
183584
707880
445730
183588
445729
183595
183592
707878
445738
183599
707877
970039
970035
707912
707913
183622
445760
445761
183626
970050
707910
707909
707929
970074
445777
970073
445791
183646
445786
707926
183647
183645
445796
183659
970082
970107
970104
707965
445823
970101
445819
707959
707957
445828
445826
445839
445832
445842
183703
707987
183704
445853
183708
970159
183713
970154
445859
183719
970152
708013
970153
970147
183725
183730
183731
970173
445882
970190
708040
708041
183751
445889
183753
445899
445908
970202
183770
445926
970223
445922
970211
445931
708068
445943
708091
708088
183792
708089
708094
708093
708080
708081
183801
183806
445944
708106
445958
445954
708110
970248
183817
970243
970240
183820
183821
970241
708122
183827
970269
445973
445970
183828
445981
708119
708137
183846
445987
445984
183844
970281
708141
183850
183851
970274
183852
446005
183862
970294
708147
183865
708169
183883
970309
708180
970350
183904
183905
970349
446051
446049
970343
970340
446058
183919
970336
708223
183924
970361
970358
183930
970359
970355
708224
446093
708230
446091
970368
183949
183959
708247
970413
708270
970411
183972
708268
970405
970429
970422
446138
708279
970416
708296
446147
184007
708291
184012
184018
184026
708306
184024
184030
446171
708330
446181
708329
708335
970468
708324
446199
708350
184052
184053
446206
184059
708337
970481
708363
184064
970506
446210
446218
184079
708359
184076
708357
970524
184084
970520
970521
184088
184092
446232
970513
184098
184102
708398
446241
970529
184113
446256
184117
184122
708400
446267
446264
446279
970573
446274
970570
970564
970565
184137
184140
708421
708442
446294
970589
184145
708432
970602
446307
970598
184168
708455
970592
184173
970593
184188
446329
446343
970637
446336
184201
708486
446346
970625
184209
970644
708503
184220
970640
446361
184231
970660
708516
970657
970686
184245
184248
970674
446403
446415
184264
184265
184272
970717
184279
970712
970713
184282
708561
970707
184285
970732
184288
970728
184297
970723
970746
708607
970742
446462
446461
184318
708599
446457
970766
446468
970764
970765
708617
970763
708620
184330
970759
184329
970783
184337
708637
184346
446494
970796
446498
708655
708652
446497
708647
184367
446504
184365
184371
970815
970813
970810
708686
708687
708685
970821
184393
970819
708698
970845
446546
184407
446567
970863
708712
970861
708716
184426
446572
446568
708730
446580
708728
446579
970875
446588
446586
708726
970866
184446
708745
446594
708748
446592
446593
184459
708739
970884
708737
708740
708741
708763
184467
184465
970902
184479
446630
708777
708782
446635
184498
970943
184496
446655
708787
446653
184511
446648
708789
184514
970957
708809
708814
446659
184517
708802
184521
446666
970944
184529
446674
184534
970967
708816
970964
708820
446680
970990
970988
708840
708847
446691
184554
184552
970981
184553
184559
971004
971002
184564
446714
708855
184579
184576
708873
184582
708878
446721
971014
184585
446743
971036
708883
708880
446748
708886
446745
708906
971054
708907
708904
708899
971041
184625
708921
184634
184638
971056
446777
446788
971080
446784
446785
184650
708931
184648
446792
971101
971097
708945
708950
971091
708974
971115
708975
708972
446817
708962
446826
971135
708984
971132
184693
184698
708979
446852
184710
708995
446866
709020
709010
971159
971156
184735
446872
709032
184736
709038
184750
709028
709048
971212
184774
709071
446912
709068
971206
709056
446925
971202
971203
709060
709061
184786
446933
971224
446928
709072
184793
709079
971246
709103
446959
446956
446957
971233
709093
184818
709106
446973
184834
709129
184838
184843
971266
709124
446996
971293
446997
446995
184853
184859
447004
447005
709141
971311
184865
971305
709165
447020
184876
447016
447038
184898
709198
709186
971334
709187
971333
971331
447051
184908
447048
184914
184913
447079
971373
709225
184937
971363
184940
184946
447092
971387
709234
709232
709233
447110
971407
709259
184960
709248
184974
447115
447113
709272
971417
184984
709290
447138
184997
971433
185002
709286
185006
971427
709287
709308
709299
447165
709303
971468
709327
185031
971462
971463
709318
709319
709316
447176
185040
185044
971480
971479
185049
971477
971474
709332
447192
709359
971496
447212
185064
185074
709369
185073
185078
709360
185084
971532
185095
971527
971525
447243
971548
447253
971549
709404
709405
185109
185114
971543
185112
709393
447258
185118
447259
971539
971536
709397
709417
185121
971562
185127
971563
971558
709412
185132
185136
185137
709438
971579
185146
709428
709453
971612
447312
971609
971631
185184
185190
709486
185192
971621
971646
447348
185206
709501
447353
709514
185216
185217
709510
971648
447377
447391
447386
971693
709550
709548
709536
185262
447400
709566
971699
185276
709576
447439
971716
709593
185302
447443
185303
971734
709589
709611
447461
709614
971754
971755
971753
185323
971747
185338
185336
185343
709620
447489
709645
185355
447508
709656
709663
185364
709661
971799
447515
971792
709677
447535
709665
185385
447543
971839
185393
185399
185402
447550
709683
447549
709706
185411
447555
447565
447563
447573
447582
709715
185432
709718
709719
185439
709717
709737
185445
709730
447599
971875
185457
709758
185463
971897
709770
185483
971911
709763
185480
185481
709767
971905
185488
971932
185489
971930
709791
447633
971926
447647
185496
971924
971921
185507
709807
971944
447661
185528
447677
971954
709815
447684
971978
447682
447680
971975
185545
447693
971968
709850
447703
971997
447697
709841
709847
971985
709866
447719
185574
447714
709869
185576
447725
972002
709883
709881
447731
709884
447741
447739
709898
709899
972045
972042
709891
185609
972061
447773
972053
709910
185628
185633
447791
185646
447787
185650
185651
709949
185653
185659
972084
709942
185663
185666
185665
185670
447811
709964
972105
185678
447819
447816
185684
185689
709974
972114
447834
972115
185692
185693
185699
972139
185700
185706
972134
185711
185708
972156
447860
972157
185713
972154
972152
447870
710003
185721
710007
710005
185734
185733
185741
447893
447889
972180
185756
710058
710059
972204
447909
185761
710060
447916
185775
185778
447925
447920
710077
710091
710092
710082
447950
710080
447947
710084
972254
185808
185809
710098
972244
447965
447963
447961
185826
710114
972257
710139
710137
972278
972302
972300
972301
185862
972297
185867
185875
710172
448017
448029
448027
448036
448032
710181
710202
185906
448052
448048
448049
710197
185917
972364
710217
710220
710221
448079
972356
185932
448087
185936
448085
710236
448080
185941
972368
710229
448098
972392
448104
710264
972412
448117
972404
710256
185977
448121
972401
185986
972428
448142
710272
972421
448138
972419
710277
448151
972444
186000
710297
972435
448166
448162
186024
186025
972448
448169
186029
710334
448179
186039
972473
186042
186043
186046
186044
710324
710344
448195
448207
186059
972481
448214
186065
972504
710365
972526
448228
448229
972523
448224
186094
186095
448232
448244
186103
710396
186107
972532
186110
710389
448261
710409
972552
710413
186127
972575
186134
186132
186136
972565
972563
186146
710441
448290
186155
448300
186158
448310
972606
448304
972601
710461
186175
710452
186173
448327
710473
186180
972617
186184
448333
972609
186195
972636
186199
972630
448351
710480
972626
710487
972625
710506
448357
972650
710497
972670
710523
710520
972667
710524
710515
972658
710519
448377
186241
710529
972675
186262
448412
186265
972690
186271
186279
448416
710561
186293
186296
186302
710606
972747
448451
710604
710595
448456
972764
186326
448466
710621
972753
448473
972778
972775
710624
448490
972795
710641
972812
710665
710658
186382
186381
710682
972827
972825
710678
186399
710679
972846
710699
972845
972842
186407
448547
972843
972834
710695
972858
710716
186421
710706
448572
710704
710705
972850
710711
710731
972874
972875
448576
710726
710724
972865
448598
448599
710744
186449
448592
448607
448602
186462
972910
710767
710764
710765
710755
972900
972927
186487
710780
448625
448636
448637
448647
186499
186497
710793
186502
448640
186500
448641
448654
448650
972929
448662
448658
710800
710801
448669
972972
972970
448672
710823
972960
448694
448695
710841
972987
448689
186555
186553
448698
973005
973003
710850
448719
710849
448715
186578
186576
973021
973019
973016
448733
710871
710868
186594
710889
186593
710894
973030
186602
973031
973025
710885
186608
186609
710905
710899
186617
710922
448774
710920
973066
448768
973062
186633
448779
710938
186642
710939
973085
710941
710930
448799
973079
186651
186655
186659
710957
973094
710969
186679
186682
186681
186687
973133
448832
973127
448847
186696
448845
186700
973147
186712
710993
710999
186723
711022
448865
448878
186728
711014
186735
448883
186741
186745
448900
186758
711052
973192
973190
711046
711045
973215
973212
711059
711062
973201
186786
186790
448930
711074
711073
186798
186796
711077
973217
711099
186809
711092
973232
448953
711114
186819
711118
973249
448978
186839
448977
973273
448989
186841
186847
973265
973288
449003
449000
186871
449008
186869
711154
449020
973301
711153
186877
186880
186881
186886
449024
186888
186889
186894
973312
449033
449046
449043
711186
973332
449052
186904
711214
186918
711204
449078
973372
973370
973364
186936
186943
186940
449095
186945
711245
449101
711233
186967
449105
711248
973396
186974
449115
973395
711252
186972
711275
973421
449123
186984
186990
186993
973437
449141
186996
711283
973431
187014
449164
449162
187021
187026
711323
187025
449173
449170
711326
449171
187028
973458
187038
187039
449179
711317
187042
449189
973483
711340
973478
187048
187049
449194
711355
973500
973496
973492
449212
187070
711350
973490
187072
449216
973510
187083
973511
187080
973509
187085
973534
449238
187095
973525
711382
449252
711401
711406
187115
449261
187123
711419
711417
449264
711420
187133
449280
449294
711427
449292
711425
187145
973570
973568
711451
711449
187158
187159
973584
711464
973613
449312
973631
973628
187191
973624
973623
973621
711479
187199
187196
973642
711503
449347
187204
187211
973634
187215
449355
973662
449364
973661
973657
187226
973654
449372
187228
449376
973671
973668
973666
711527
187245
187251
973692
187255
187252
711549
711536
973685
973711
187267
973708
449413
711561
187268
187269
711555
973700
449420
711559
449416
187283
449429
711571
449439
973714
449435
973715
711572
711598
187301
187311
711591
973756
187312
711627
187329
711619
449484
187337
449482
973762
449493
187355
187358
711639
187356
187357
973777
187363
187366
973803
711651
711652
711653
187373
973822
449524
973820
973821
449522
711679
973814
187391
449529
973838
973836
711694
187397
449550
187407
187408
187414
973849
711698
187422
973841
711723
187427
187424
711721
973869
973867
711712
187438
187439
187437
187440
711736
711740
449592
449593
973902
711755
711752
187463
973893
187465
973890
973888
973918
449623
973915
187482
187486
973907
973935
187494
711803
187510
711806
187511
711807
973942
187514
187515
973936
711796
973964
449669
187527
973959
449673
711832
711827
449690
711830
711831
711850
449700
187553
711849
187559
449709
974012
974009
974004
974005
974003
187586
711884
187588
187595
449740
449739
449751
187600
449748
187615
711895
711892
974032
974063
711912
974061
711918
187622
187621
711917
711907
449772
974048
449768
449782
974070
187643
449787
974094
974093
974088
974087
711937
187663
449814
711963
187664
974108
974105
449822
711954
187678
711958
187677
187681
974120
449838
974117
974134
449855
449852
711990
974130
974131
187715
974154
712000
449864
712005
712027
974170
712030
712028
712019
187736
712021
449890
712032
187757
187762
712059
449908
449907
974199
712052
712074
974222
712073
712079
449920
974217
449928
187788
712090
187795
712089
974234
974230
449944
712106
187810
187809
974251
712108
449966
187816
974245
974242
187823
187821
712126
449982
187834
712119
712117
449987
449984
712131
187848
712134
450004
974301
712158
450002
450015
974295
974293
187865
974288
187874
450030
187882
974309
450036
974330
450035
450044
712177
187902
187903
712194
974342
974343
712198
187919
712217
187926
712222
187924
450064
450077
187933
187945
712229
450100
712255
187957
974390
450108
450107
712247
712267
712271
712263
712287
450128
450139
450151
188000
450149
712297
712302
188007
712294
450166
974448
712309
188032
712332
974472
450198
450197
712350
974510
974506
974504
188075
450223
974498
974496
450216
188082
450231
974527
188086
974520
450238
712371
188088
450235
974539
712399
450240
188101
712387
974532
712391
712411
188112
450261
974550
974544
974545
712430
188135
450285
188140
712441
974586
188149
188154
712432
974576
712458
974607
974604
974603
712450
974596
188168
188174
450327
188182
188181
450333
188190
450329
712490
974638
188198
974634
974633
712493
974629
450346
450354
712508
188218
712502
974642
188223
712503
188221
712522
974669
188230
450370
450368
450369
188234
712514
188232
712519
450379
450377
974687
712540
450396
712534
188259
450404
188256
188263
188266
712544
974692
974693
712550
712575
188276
188287
712564
188288
974730
712588
974729
188298
974726
974724
450444
712581
974750
712601
712607
188314
188315
188318
450456
712597
450465
712621
450478
974758
450476
188334
712613
450486
450484
712636
450494
712625
450493
974770
712631
188351
974771
712650
188355
188352
712647
712645
712668
712660
974801
712683
188387
974825
712675
974818
712700
974841
974837
188409
450557
974862
712718
974852
450578
712721
188446
712725
450596
974888
450607
188456
712742
188463
712740
712741
450614
188464
974908
712760
450612
188465
712754
974896
450631
974924
188481
188486
974916
974914
450635
712775
974912
450632
188499
450645
188504
974930
974958
974956
712804
712824
188528
188539
712819
712816
712822
712821
974990
188550
188548
188554
450710
712859
450708
188567
975003
450718
974999
712848
974993
188573
450724
712872
975019
712876
450721
712867
975009
975039
712894
450746
975026
712885
712910
450755
188619
450763
712922
450774
188634
188633
975057
450791
188641
450789
975083
712940
450784
712935
188653
712954
712955
712953
450805
975097
188665
975091
975117
450831
450828
450827
712967
712990
712976
188703
975120
188704
188709
712994
975138
188719
450870
713019
975167
975164
975165
450866
188729
188734
450886
450884
713038
975176
975174
713048
450908
188761
188766
975187
188783
975203
713060
975201
713061
188786
975228
713081
975227
450942
975222
188792
450941
188808
450955
713095
713092
713118
713117
188821
450961
450968
975272
450991
713146
975290
188855
451001
713160
188870
975304
188869
451022
713154
188872
451018
188876
451017
451028
713177
975322
713170
188889
713175
975315
188892
975340
188896
188903
451043
451041
713186
451063
713214
713212
188923
713203
975348
451067
713224
188929
188934
975369
188937
451094
188944
975387
188955
975379
188956
451110
975407
975397
188975
713252
975393
975423
188982
975419
451123
188981
188988
713269
451140
975436
713289
713293
451158
975448
713298
713299
451167
189020
189021
189025
975456
975457
975486
451188
975484
451189
713331
451192
713333
975473
451200
975494
189069
975519
451221
189079
713360
713366
189084
975534
713386
975535
451239
713385
189092
451242
189102
975522
451243
713381
975549
451253
975545
189119
975536
189117
451271
189124
975555
189140
975577
451295
975575
975572
451293
451303
451301
975594
713443
189166
713444
451314
713470
451312
189178
189179
713456
451320
713481
451331
713484
451329
713473
451336
713497
451347
189212
451353
189218
975659
975657
713506
189227
451370
975651
189228
189234
451381
189238
451379
713522
189247
451384
189244
451398
713538
975687
713542
713562
975710
713560
975709
189269
975703
975700
451420
975698
451419
713556
451429
713577
451424
451438
713571
713574
189295
451432
451443
189305
713588
975729
713610
713601
451466
975746
975745
189325
451478
189330
713627
713624
451476
975773
189333
451483
713620
975760
713641
189348
713632
189357
713658
451508
975805
975802
451507
975803
713660
451516
975796
451514
975795
975820
713672
189382
451528
451541
189399
975832
975831
189400
451546
189404
189408
975850
451555
451552
189412
189418
189419
189422
189420
975841
451574
975866
713726
975867
713727
975864
975865
451580
975860
189433
713719
451577
713738
713737
451587
451584
713734
451607
451614
975890
975889
451609
975917
451616
975911
451626
975907
189484
189495
713778
189498
975926
189497
713777
451650
975946
189515
975940
975938
713798
713819
975967
189523
451667
975958
713808
713814
451672
451686
975969
189555
713848
975997
451697
189557
713842
451715
451712
976004
713860
976001
713882
713881
451731
976022
189595
189603
976044
976043
713903
189610
713891
976032
713914
976062
451767
713919
976054
189625
976050
189628
713909
976079
189633
713929
976074
451778
451789
189641
976064
189645
976094
451798
713948
189653
976089
451805
189662
976081
976111
189665
713966
976106
976107
451822
189678
451819
976126
976124
976125
189687
451824
976120
451837
451834
189692
713972
189696
976137
189706
451853
189710
976131
976158
976159
714014
189716
451870
714003
189721
189726
451867
451878
451879
976169
451873
714019
714020
451895
714035
451898
714039
714036
451897
976202
976203
189767
451904
189769
189775
714072
451923
189784
976212
451932
714071
714069
451940
451950
189803
714083
976231
189811
714110
714111
714108
976249
714109
714098
714099
189817
714122
976259
714143
976280
976278
451994
976274
451993
452006
714158
976298
714157
189864
714150
452010
189868
714170
189883
452028
452026
714187
189897
452042
452041
714202
714201
452053
189905
976347
452049
976337
976365
714222
976356
976357
714212
452084
976381
714233
714236
189946
976370
189951
452102
189958
714254
452099
976395
714245
189971
452114
189975
714269
189978
714259
714257
714263
976401
189981
452132
189991
452131
452140
452139
452136
452150
976447
452147
714301
190011
190013
976463
714313
190023
452174
452175
190025
714310
976476
714328
976473
714333
976471
190041
714347
190052
452206
452207
190059
714336
190062
190060
190061
452214
714363
976506
714364
190069
452220
714356
976496
190082
452224
714381
190088
452233
714373
190099
190097
190103
452240
976536
976534
714387
976535
976533
190111
714389
190115
976557
714412
714413
714401
976545
976574
976570
714430
190138
452287
452281
714440
452293
976585
452289
190149
452302
190154
452299
452311
976601
714449
714454
976595
452312
714478
452320
714477
190181
452321
190186
976614
452332
714471
190194
190206
714487
976655
714505
452354
976646
976644
452362
976669
452370
976661
452378
976684
714536
452389
190250
976678
452399
452396
714529
452393
190262
452403
976697
976694
190274
452422
714574
452419
452424
452439
190289
190296
976725
452455
714600
190310
190309
714594
976743
714592
976737
714616
714617
190321
452467
452464
190328
452472
976778
714639
714637
714627
976770
714629
190354
452503
976797
714654
452496
190360
714640
976785
190374
714669
190376
190383
976801
452528
190395
976819
190399
452536
976846
714696
190400
452549
976840
452558
714691
714694
190415
976862
190418
190419
190428
976848
190429
976879
452583
190439
976872
452591
714726
190451
452595
452605
976882
452602
190460
976881
714741
714761
452611
714753
452618
190478
976899
190477
976926
190482
714777
190481
190486
452636
976914
976943
190503
714786
190507
714785
714815
976952
976953
190522
714802
714806
976974
452679
452675
976971
452672
452673
976964
976965
452682
452680
452692
714840
976989
190551
452702
190555
976983
977006
452706
190564
190568
452717
714852
977018
452732
190589
190599
714884
190608
977053
452754
190612
452752
714909
977047
452761
190621
452772
714921
977066
190635
714913
977058
190640
977082
977077
452795
190653
977102
452803
452800
714946
714947
190665
714951
190673
190682
190686
190691
714987
977130
714988
714978
190699
452844
190697
714983
977120
190700
715002
715003
190704
715001
715006
452850
190711
714999
977137
190722
190726
452867
977163
190730
452879
190729
190735
715013
715035
452880
715036
715037
190746
452893
452891
190751
977168
977169
452900
190753
715055
190756
715052
452897
715042
715041
452906
452904
452905
190770
452914
452912
977207
715062
190783
190781
715083
977231
452931
715075
977220
977244
977242
190810
190808
190809
190815
190813
452966
190818
715115
715112
190822
452973
977276
190838
977275
715133
190843
452991
452988
977268
715124
452985
452996
190859
715137
453003
453014
715167
190871
715165
977302
190876
977297
715182
715181
715170
977316
190889
453042
190902
715196
977335
977332
715185
453062
715215
715212
453070
453069
715206
977372
190928
453087
453080
453089
453103
977376
977406
453106
977398
190975
190973
190977
977418
190981
715266
715264
453128
715269
715290
190996
191002
191004
977424
977455
191011
977447
453167
453164
191022
715303
715301
191026
715321
453170
977467
977460
715318
453179
715319
977456
191051
715328
453196
453197
715353
977501
715356
191065
191070
715349
191074
977512
977513
453239
977532
715384
191089
715385
977529
977526
453243
191103
191111
453262
715395
715393
977538
453258
191117
715418
453271
453268
191121
191126
715422
191127
977563
715423
453277
191129
715414
977555
977552
453273
977582
191139
977580
453284
191137
715436
977577
191146
191147
977575
977569
715450
453297
977588
715467
977612
191168
453315
191173
715456
191183
715461
715499
977644
715503
715488
977636
191214
453352
715492
977662
977663
191216
453372
191225
715508
191234
191232
191243
191244
977664
977694
453398
715537
715540
191267
191264
715560
715564
977705
453423
715552
977699
977696
453427
453424
191290
715568
191288
977714
715574
191293
453433
977743
715593
977736
715586
453453
977752
453457
715602
977745
191330
453475
453487
453485
715621
977761
977784
191348
977782
453503
453496
715658
191366
977803
715650
453519
191374
453514
453525
453534
191389
453536
453550
191401
977824
191410
191414
191412
453566
453565
715722
977871
977868
977869
191428
453583
715713
977858
453578
191436
977885
453585
191445
453599
191453
453593
453607
715753
977899
453601
977891
191468
191476
977910
453631
715760
977908
191484
453636
453633
191502
977923
191500
191505
977949
453650
977940
191518
977938
715799
977937
191517
715797
191526
191524
191525
191530
977959
191529
715814
977952
977953
453673
977983
191537
715833
453681
977972
715828
453689
453703
977992
715840
191570
715858
453726
715859
978004
453723
978028
715887
191594
978023
715876
715898
715899
453751
978045
453759
191616
978060
453765
715916
715907
453770
191634
191639
978075
715922
453788
978065
715947
191659
978082
715962
453815
715960
978109
453811
978100
453821
453819
715957
453817
978097
453830
191683
715982
978120
453824
191691
453836
191694
978113
978143
453842
978134
715989
978154
716015
191716
978149
191725
716019
453885
453883
453895
716043
716047
191758
716039
453896
453911
191763
453909
191766
716062
978201
453927
716079
191790
978211
716088
716083
978252
191809
453954
716110
978251
453952
453953
978247
978244
191822
716103
716101
978270
716126
453981
453990
716139
978284
978276
716129
716134
978275
453992
978273
191858
716152
454002
978299
191863
454000
191860
978295
191867
716144
978292
191865
978291
454008
454020
191873
454018
978308
978309
716167
454027
454024
716187
191891
716189
191893
716176
191896
454045
978325
978323
191900
716181
716202
716203
191911
978343
191919
978362
454067
454065
454078
716214
978382
191942
454092
191950
191951
716250
716248
978396
716254
454111
191967
191965
716271
191979
978430
716282
191990
454128
454129
716275
978418
454139
716277
192002
716298
978443
716300
978439
192009
192012
978462
192016
978461
192023
716306
978450
192031
192035
716334
192037
454190
454188
978469
716321
192046
716326
978464
192058
716339
716342
978482
716363
454212
454213
192071
978505
716352
454220
192078
454219
716357
716377
978522
192087
192088
978515
454235
716372
978513
716395
978540
454244
192096
454245
454243
716397
192110
978530
716390
978531
454248
978556
192118
978554
192127
716404
716405
192130
192129
978573
978568
192139
978565
978561
454292
192145
454303
192158
454298
716438
192163
978604
192160
716460
192171
454317
192174
978592
978622
192176
192183
716479
716466
192185
192189
716491
978637
454337
192207
454347
454359
716511
454352
716509
454366
192218
978644
454362
192224
716527
978665
716512
716517
454377
978686
716529
716535
192253
716554
716555
192262
454402
978699
454400
192261
192265
978693
192268
454408
716570
454422
192272
192273
454416
716573
454428
454427
192293
716589
978727
192303
454440
192301
454450
716606
978747
978742
716592
192318
192322
454468
978765
454467
454479
454476
192334
978754
192332
716639
454481
192341
454495
716624
454503
454500
192358
454498
454496
192362
454508
192366
454505
454517
192379
716660
978800
192386
978826
454543
454541
716676
454537
454550
454547
192404
454558
454556
192414
978834
978835
978862
192425
978853
192428
978848
716708
978878
192438
716735
192441
454587
192450
454599
192449
716748
192453
978886
454607
454602
978882
192460
192467
716766
192470
454608
978904
978905
454616
716778
978920
192485
716771
716768
454637
192492
454646
192499
454644
716798
192502
978937
192510
716790
978930
716788
978959
716808
978952
716802
192523
978975
716827
454676
716830
192541
978990
454694
716843
192550
454689
454702
192552
192553
454699
978977
454697
979006
192564
716848
454716
978997
192569
716849
454714
978995
454715
716852
192572
192578
979022
192576
716873
716879
979015
454732
454730
716868
192594
979037
192593
192602
979029
716885
192614
979051
192618
716899
979044
454775
716920
979068
192630
454769
192638
979058
716916
192643
192640
454786
192647
454794
192655
716954
716952
716953
979098
716959
192660
192664
716945
716951
192679
192680
454839
192689
454832
454844
454840
716980
192707
454848
979144
192712
716993
716999
192716
192723
979167
192721
717021
979155
979152
979182
717034
717032
979181
192737
717033
192742
454881
979172
717048
717054
717053
454909
979187
454905
717065
454917
717070
454912
454927
192777
979202
979230
454931
717074
454942
192796
717098
192806
979243
717094
979235
454955
979256
454970
192843
192841
979269
454984
717150
454992
717160
717167
455023
192875
717158
717176
192886
717170
979318
979319
192898
717192
717198
192902
455049
717209
979357
192913
455059
192916
192917
192920
455067
717204
717205
979369
455085
455082
717223
979363
192945
455100
717258
192974
979394
192973
979419
979416
192986
192985
192989
455129
192995
979437
455136
717293
455150
455147
717285
979454
717299
717296
455165
717297
455162
193022
455160
193027
979467
455181
193041
717342
979483
193051
193048
455195
455193
979503
979500
979501
717358
979497
717357
979490
455222
717370
717369
193082
717362
979507
193091
193088
979531
455233
717378
979526
979524
717377
193100
717402
455249
193119
193120
193127
455264
717411
717414
193132
455287
193140
717428
979596
717449
193157
455311
979586
455306
455307
193167
717466
193171
717468
979609
193178
717461
979628
193189
717475
979620
193199
193206
455344
979636
193208
193209
717493
979661
455371
193228
979649
979678
979679
455383
193232
193243
979669
717524
979691
455407
455404
717563
193264
979709
455411
193271
979702
193272
979700
979726
979727
979723
979719
717569
979740
717593
979736
979729
455463
455458
979753
979750
979749
979744
717605
455477
455486
717616
979762
455481
717643
455492
193351
455498
717639
717657
193370
193369
979795
193379
979821
455525
455523
717664
979813
455531
979811
455529
979838
717688
979837
979835
455536
193397
717680
455549
193406
979824
455545
193411
455555
717708
717697
979843
193423
979840
717723
455573
979865
979860
455578
455576
455577
979887
455585
717730
455598
455596
979877
193454
193452
717733
717752
193462
455601
193471
979888
455618
455619
717773
455631
193481
979909
193486
979907
193489
193494
455646
193499
717783
979923
455640
193500
193505
455651
979945
455661
455658
717799
455676
979982
979977
979974
193547
193545
717830
193551
193548
717828
193549
193554
193555
455700
979992
717847
455707
193569
717865
980011
980004
980030
193585
455743
717872
980021
193596
455736
193597
193607
717900
455745
717889
717894
193614
455766
455762
717917
717909
455780
193640
193646
455787
717924
980094
193650
193648
717948
980111
717967
717965
455822
980100
193677
980119
980117
193695
193693
980141
717998
717987
717984
193708
718011
980155
193721
455878
980170
718031
980166
718018
455884
718016
718023
718042
718043
980188
193748
193749
193755
193752
193758
455910
193763
980205
193767
980203
980200
718061
455916
455927
455923
718079
980216
193780
980215
455931
718068
193789
455941
980234
718092
980232
980233
718083
718080
193807
193810
455959
980251
455962
980242
718124
718114
718113
718116
455990
980287
718136
718140
193844
455996
980276
193853
718153
193862
980296
193860
980297
980292
456013
718148
980317
718174
456019
718163
718160
980304
193894
456035
980331
980325
718177
456042
456043
193906
718194
718195
980343
718193
718222
718223
193925
980361
718210
193928
980357
718214
456087
456083
718225
456093
980371
193957
980391
718243
980389
718247
456105
980385
193971
456127
456135
980431
980418
718276
980417
193997
194002
456148
456147
456144
456145
980438
456159
980437
456162
718318
456174
718306
980455
456171
194029
718328
194036
718333
194042
194043
980468
194040
980469
456189
980466
980464
718346
194048
980493
718338
456207
194056
718337
194064
456212
980509
194065
194071
456211
718365
718354
456223
194072
718358
194077
194082
718379
194083
718376
456229
718382
194095
194099
194101
456255
718390
718388
456262
456258
718415
980550
194120
718401
980549
718406
456264
194131
194129
980563
194141
456292
456293
980578
718436
194162
194163
456308
456306
718451
718449
194174
456312
980623
194177
980618
194185
718465
194190
456331
718468
456342
456338
456339
456349
194207
456358
456354
194213
194219
456364
456362
194221
456361
194227
980671
456370
718527
456368
718514
718512
456380
718513
980658
194242
194245
456398
194251
718529
718534
194258
718554
194257
980698
194263
194260
980697
718546
980695
456411
718548
980715
456431
718567
194285
718591
718576
456442
980720
456454
980751
194307
456453
194308
456449
980738
718599
194317
980766
980767
980764
456464
194325
194328
456486
456483
456494
718626
456495
980772
194350
194348
456489
194356
980788
718644
718667
456516
194368
456514
718658
456527
456524
194377
980801
456535
194389
456540
980821
718678
456538
194397
456550
980845
718703
718701
194408
718689
718694
980832
718692
194412
456553
980862
456567
980860
980861
456565
980859
456560
194427
456571
980878
456580
718728
980876
456581
456578
194443
718721
980867
456599
194454
194459
456605
980910
456610
456608
194475
718755
718776
456628
456629
718782
194487
456638
456632
980937
718787
194504
980930
456648
980929
194509
980955
718815
194522
456671
194520
456667
718826
980974
456679
194539
980965
456681
980961
718835
194563
718857
718862
194566
194571
718854
718874
194576
194577
194582
456723
194583
456721
194588
718869
456743
981036
456741
194597
194603
718880
456744
981025
456755
981051
194613
718896
718897
981042
981040
981041
194630
981067
718924
981059
194637
456777
456790
718943
718940
981081
456785
194649
718935
456792
718946
981088
194669
981118
456817
718973
981109
194684
456824
194694
194692
194698
718978
456845
981122
981148
981149
194712
718992
456861
981141
718997
194721
719020
981161
456865
981155
981152
194738
456886
981181
719027
194750
981171
456900
719048
456897
194763
456906
719047
456907
719066
456918
456916
981212
194777
456922
194783
719082
981224
456940
456941
719098
194801
719102
719103
194807
194809
194812
456964
981259
719107
456969
194834
456976
456977
981270
456988
456989
719121
981266
456987
981264
981265
719151
981288
194856
981284
457000
194870
719157
194882
457031
981320
981318
194889
981315
981339
457041
194907
719189
194914
457062
719211
194918
457058
719213
719202
719200
981374
719224
719225
457075
719228
457082
981360
457090
194951
981387
194952
194953
194958
457099
719258
981396
457115
194973
981422
719272
981420
457121
981415
981413
719265
457130
981408
194993
457139
194996
195002
981429
719281
981455
457157
457154
457152
981447
719299
981444
195016
457173
195033
981459
457176
457191
719336
981485
195050
719331
981479
719332
981473
719354
195059
457204
457212
457222
195074
457218
719374
457216
719365
457239
719384
457234
981525
719383
719380
719403
719401
457250
719406
195110
719395
195112
457257
981537
719397
719418
719420
195125
457274
195138
719434
981582
719433
719427
195145
719431
457303
457298
719455
719442
195161
195167
981613
457324
719463
457320
195180
719483
195185
457328
457343
195196
719499
719496
195201
719490
981632
719492
719493
981661
457363
981650
457368
981676
719528
457381
457376
195237
981673
719522
195243
719521
195246
457386
457398
195255
981689
195253
981682
457400
981681
719562
719566
719564
457420
457421
195276
981696
195287
195285
981718
981713
981742
457447
719593
195300
457450
981728
719611
981754
457459
981752
195326
195324
981774
719624
719625
719631
195332
981768
719619
457492
457493
195350
457491
719634
719633
981778
195356
457510
719662
457504
981800
457512
981818
719665
981838
719689
457536
195403
981831
457546
981848
719709
981842
195423
981841
457574
195427
981871
195424
981869
195434
195435
981859
195437
981886
719728
195449
457595
719755
195462
719756
719757
457601
719746
981893
195465
719751
981916
719774
457619
457616
195476
719773
195487
195490
457636
981929
195504
195508
981940
195519
457670
981966
457671
195523
457667
981956
719809
457674
719835
195539
981980
981978
195551
457689
195549
457703
457699
981990
195562
195566
981986
457716
195568
719862
195582
457734
719886
457730
457728
719884
195589
719879
195599
457737
457750
195603
195601
457746
982042
982036
982037
719894
982034
719895
457755
982032
457752
457753
719893
982062
719914
457766
457762
195626
195627
719905
457770
982050
982051
195634
457783
719931
457777
719922
982066
982093
457797
195654
457805
719942
195660
457801
195664
195668
195669
719978
195681
719983
457824
982116
457834
719972
719987
457852
982130
457851
720010
720011
720008
720015
457871
457868
720001
982146
457866
982144
195724
195725
720028
457894
720042
457895
457891
982180
195757
982206
720059
720057
457906
982196
720048
720049
457914
457915
982195
720055
982215
720064
720069
457943
195792
457941
195796
457937
982231
195803
720105
457957
457952
982248
195818
982245
720097
982241
720122
457971
720127
982262
195847
720128
195854
982274
195855
720154
982300
720156
720145
195865
982290
458010
982289
458020
982314
458018
720175
195883
982307
720186
195888
720184
720188
720189
458040
720203
982348
195905
720206
458051
195908
982341
720193
720217
195921
195927
720221
720210
720208
195943
720239
195941
720237
982374
720227
458090
458091
195951
720228
458088
720250
720255
195962
458111
458108
982389
195966
195965
982401
982431
982426
982418
720276
196003
458145
196010
458159
196011
458153
458164
196023
720319
196020
196026
458173
196028
982477
196036
196037
458177
982467
720324
458199
458193
720349
196059
458204
720340
458201
982481
196066
196067
982508
982506
720365
720359
458231
982525
196088
196094
720372
458233
196099
720392
196102
458254
982535
196107
982533
458248
196114
196119
458256
196121
982549
196126
720406
720405
982574
982573
720425
982570
196135
982571
458287
720422
196140
458295
196147
458289
458299
196159
458297
720457
982602
196167
982600
458319
458315
196175
196179
196177
720473
720476
982617
458332
720464
720491
458340
982637
196198
458339
196199
982633
982631
720480
720484
982625
982652
196209
720511
196216
982642
458362
982640
720501
720522
196226
982668
720527
720525
720514
982663
982661
982658
458376
720516
196237
720517
196243
982683
720555
458404
196256
720559
982696
720544
196269
196279
196276
458417
982709
720567
458427
982707
720584
720589
196303
720580
982721
458454
458450
720598
458458
982767
196324
196325
982759
196331
458476
982755
458473
982778
196341
720637
196344
982773
720631
720629
196357
720653
982793
982788
196361
196364
982785
982813
196374
458514
196375
982808
458513
196378
720656
720657
196382
720660
982801
720680
982824
982821
458536
196396
720699
458558
982838
982837
196412
982860
720716
982853
196430
458568
982849
458582
720728
982877
982864
720744
196449
196459
196462
982883
458601
720762
982911
720754
720758
982898
982899
196479
982896
720778
982922
458625
458638
458636
982914
196493
720773
196498
982942
982941
196503
982939
458640
196500
982933
982930
720791
458651
720814
982955
982952
458656
720804
982944
196530
720830
458675
196532
458686
720818
982967
720816
196545
458690
720835
982983
720832
458700
982978
196559
982976
458711
458708
458704
720860
720850
196568
196574
458726
458725
720888
196598
720893
196602
458749
983029
983054
458757
983051
458754
983049
983046
458764
196622
458772
196629
720924
720914
983060
720912
196639
458778
458777
720937
720936
196646
983078
196655
458807
720958
983095
720946
196664
196673
458820
983116
983114
983113
458817
196677
720963
720962
458829
458828
196686
196684
983135
196690
458846
983126
196697
196702
458855
983146
458863
983142
720997
196723
196720
983163
458866
983162
458879
983157
458875
983154
196732
721038
721036
458894
458893
458892
721031
196751
721028
983168
196759
721054
721042
196760
458906
983184
983215
721066
983213
196779
458925
721081
721086
983223
983220
721099
721103
458946
983242
458944
458958
983236
983234
983263
458971
721108
721130
983275
458990
983265
721144
458992
983287
721138
459013
196865
196864
983306
721165
721154
196873
721157
196877
196882
983322
983321
459024
196891
459033
721172
196898
721199
196903
459043
721198
196900
721190
196910
459063
721214
196916
196923
196922
721202
983350
459066
983344
459078
983368
983361
196941
983391
983390
721242
459090
459089
983384
983381
721237
721236
983399
196968
983395
196972
721275
721267
721265
459133
459129
983432
196996
459145
721285
459155
983450
983447
197017
459165
721302
197021
721323
721326
721325
459168
197033
721313
197032
459178
721318
459177
197042
197049
983477
721335
983502
983501
983498
983497
721346
983494
459209
197068
721364
983529
197099
983527
197096
197103
721403
459255
459254
983549
197105
721400
459249
983543
197113
721392
721418
721421
983556
983555
197134
983553
721433
721438
983576
197145
459292
459290
983569
721428
459300
983591
197162
197167
459307
459305
721444
721467
459315
721471
197174
459313
197177
983605
983603
459322
459321
197187
459335
197186
459331
983623
197192
983617
459336
983647
197207
459347
983641
197211
983638
197213
721492
197218
459365
983660
197223
983657
197221
197227
983654
197229
459378
721538
459405
983684
197263
983681
459400
459414
197264
197269
983700
197282
983725
459428
459438
721568
197294
459446
721599
983738
197300
721590
983730
721588
459461
721603
983751
197327
459465
983745
983775
459476
983771
197334
459473
983767
197338
983766
459484
983764
721643
721644
721634
197354
721633
197352
983779
721638
197356
197362
721658
197367
721661
459504
721660
721649
197372
983822
721677
197385
983811
983810
459529
197388
459543
983831
197400
721686
983825
197404
983851
983848
983847
459561
721723
721722
197430
459569
197429
721713
983856
721739
197441
197446
983881
983878
459597
197455
983875
459595
197452
197459
983901
983918
459622
983910
721766
197484
983935
721786
459637
459634
721789
197493
721788
197503
721783
459642
197501
721806
459650
721799
983967
197525
721810
197530
197529
983953
197539
459687
459681
459680
459694
983974
459692
197548
721851
459698
721841
197561
459719
984014
721864
721868
459726
459725
984003
459721
197587
721881
459731
197590
459730
984022
721874
197594
721872
721879
984018
197598
197596
459748
984040
984032
197619
984062
721918
984057
459775
197628
721930
721933
459777
197643
984071
459787
984065
459799
459796
197653
721948
197656
721943
984083
459800
984108
721966
197668
197674
984127
721977
984123
197691
984142
459844
459841
721991
197711
459850
984130
197708
984157
984156
722014
722003
722004
197730
722031
459873
722020
197747
459893
722040
197750
722034
197759
459908
197760
197764
459904
984199
459919
722050
984196
197795
197794
722088
722094
459951
722083
197801
722087
722086
459959
459954
459952
459967
197817
197823
459963
984243
197827
722122
722125
459968
722115
984259
197836
984256
722138
459987
984282
459998
722132
984272
197859
984303
984300
197863
460002
984293
460013
722151
460010
460009
722171
197878
460018
722173
197876
197881
460026
722187
984331
722188
197898
460045
722177
722183
197903
984348
984341
722192
722199
460056
984365
197927
197926
460078
722210
197929
460077
460087
460084
460083
722237
460080
197951
197950
722230
984369
197949
460102
197954
197952
460111
197962
984388
460106
722246
197964
460119
197970
460118
197969
722264
722270
197979
460126
460125
460123
722261
460135
722282
197985
460131
984445
984444
198007
722302
460144
984433
722315
460167
460166
722312
198022
722316
984455
460174
722306
984453
722305
198028
460182
460180
984474
198042
198047
198046
460185
984494
984488
460203
984480
722363
198066
984507
460209
722365
460223
984503
460221
984497
722376
984524
722370
460237
984517
722368
984516
460243
984539
984537
984535
198106
722384
198111
198113
198112
460256
198130
722431
460285
722423
460283
460281
984560
198140
460295
722433
460297
460308
198160
722462
460318
722449
984597
984595
198173
722453
984592
984621
984619
198182
460321
460335
722464
984635
198197
460351
460349
722481
460348
722507
198214
460364
984644
460375
984670
460373
984669
984668
198235
198232
722512
460380
460390
198247
984683
722542
722541
984680
984676
460395
722534
460393
198253
722532
198256
198266
460411
984717
984716
722561
984707
722566
198285
722587
460436
722579
460445
722576
722582
198301
460450
984745
984744
984742
984736
722623
984756
460487
722634
984781
722633
198336
984770
198355
722649
198352
984795
722666
984814
722664
722668
984808
460525
984805
984802
198387
984829
984827
984826
984825
460528
984823
198399
460537
722689
460556
460566
722713
460565
722719
984856
984853
198424
460582
722723
198441
460587
722725
984895
460598
984891
722751
722740
198470
198469
984904
722753
984900
984927
722773
460632
460655
198506
722785
460651
198509
198513
460660
198527
460665
198524
198531
722824
722831
198535
460673
722823
460680
460691
460688
984984
460703
198554
198562
985005
985004
460719
984995
984994
722854
198574
722872
198576
722877
985017
198580
985014
985013
198584
985035
198600
198607
722886
722884
198611
198609
985053
460756
985049
198613
722922
198625
460790
198641
198645
460784
985077
460795
198653
722955
198657
198662
985098
460801
722957
198660
985119
722971
985115
460817
722960
198686
198684
722985
722991
722983
198700
198710
722994
198714
198718
985137
985158
723035
985183
198743
723038
985173
985168
460888
198758
723054
985191
985189
198771
460918
198769
198768
985210
460912
985208
460924
460932
198790
723074
460936
198796
985240
723100
723089
723112
723119
985258
985257
985255
460974
985251
198834
723134
723120
198846
460985
723147
198850
723145
198854
460993
198852
198857
461003
985281
985280
198867
985308
461011
723167
985304
198878
723158
198877
723177
723180
198888
723175
985314
461034
985312
723199
985336
461062
985358
198912
461058
461057
198917
985352
985350
198927
461066
198925
461065
461078
985374
198929
723224
461076
985366
461086
723218
723217
461083
461095
985387
985386
198954
461102
985379
198958
198966
985400
198971
461118
723253
198987
985415
198990
461142
723289
198999
985432
723282
985430
985427
723286
199005
985424
723305
723309
985446
985444
723300
985469
723324
723313
461181
723312
985458
461178
985483
199047
461198
985474
723333
199058
461204
723359
985497
723356
461215
199067
461214
461213
723344
199064
985490
723349
723374
723372
461231
461227
199084
723391
985531
985530
985521
199100
985550
461262
199113
985538
723396
985536
985564
461267
461266
723420
985560
199124
199130
985558
199135
199143
461283
723437
199140
199147
723426
461293
985571
985569
199148
461302
985595
461297
199162
723442
723467
985614
199169
199175
199173
461327
723459
461326
199176
723461
199187
461332
199196
461350
723501
985634
985662
461366
723514
199218
723513
723519
461362
985656
461360
723511
199231
199229
985679
461381
985677
985676
461380
199239
461378
199237
985670
199246
461396
985692
723549
723539
461407
723537
461414
985706
461423
461422
985727
723579
723577
461438
461436
723575
461433
461432
199292
985737
461440
723587
461455
199305
461449
199318
723601
461469
723607
985773
461476
723631
461474
461472
723621
723644
985780
723639
985805
199366
723661
723650
199369
199374
723653
461527
723672
985820
723679
461535
985813
723664
461540
199401
723687
199405
723707
723706
199409
461555
985842
199420
985840
723700
461575
461574
461570
723726
461582
723717
985887
199442
461587
723730
723729
199454
199458
985900
723757
723756
723745
985889
461623
985917
199473
723768
723773
461616
723772
723764
985935
723787
199489
461632
723778
985951
985950
461653
199511
723804
199512
723798
985937
199517
461656
461670
723817
985964
723821
985961
199524
985958
199535
985953
985982
461685
461683
461682
985973
199551
723828
461688
461703
461701
723849
723848
985995
199558
461698
985988
723867
723864
723870
723859
199576
199582
199580
986028
723886
199590
199595
723873
986019
461738
723876
461736
723899
723897
461745
199604
199615
986034
199619
723914
461761
199626
986053
461772
986078
199634
986074
199640
723948
461806
461802
723960
461808
723952
986097
199676
986096
986122
723971
199689
986115
723993
461842
199700
461855
199707
986134
461848
986157
986153
461871
986150
724002
461868
986173
986171
724016
724021
199751
199750
199749
986183
724063
461919
986195
461912
724067
199784
461930
986239
986232
461936
724082
986226
986224
986255
724104
199818
461965
199816
724103
199822
986241
199820
986262
461980
199836
986285
199841
724143
199846
986282
724134
724159
462002
199862
462014
724150
724148
986319
462022
986316
724168
462017
986312
724160
986307
462026
462038
986332
986331
724190
724188
462032
986327
724182
199906
462053
724195
199918
462070
724216
199942
986376
724226
199945
724230
199949
462089
986398
724248
724255
199963
724247
199966
724244
724267
199971
199969
462113
199972
462127
986431
724282
462134
986427
724275
986416
986447
200000
986443
200004
200011
986438
462156
724293
986432
462163
724318
986457
200024
986452
462172
200031
724311
724310
200036
724323
462184
724350
462206
200058
986482
724363
986510
724367
200082
200081
724383
200085
200102
200100
724387
200111
986559
200115
200114
986556
200118
462271
724407
200127
462265
724425
724430
462294
986586
200148
986584
724439
462297
724436
986600
200164
462317
986597
986595
462315
724474
986622
724478
724476
724467
200186
986612
462332
986609
986608
724488
462340
200196
724486
986625
462345
200204
462358
200219
724497
462364
724503
986643
200220
200224
462370
986665
200228
200232
200239
462389
724536
462387
986681
462393
462392
200266
986689
724549
986719
986718
724569
724575
724574
200276
200283
200282
200281
462427
200288
462436
724590
724578
724577
724581
200301
724580
200305
724606
200308
986743
200314
986740
462457
986767
200323
724617
724623
986761
724611
200335
986753
724613
200337
462483
200343
724636
200351
462489
462488
200357
986792
724641
462509
462506
462505
200365
200375
986828
986826
986816
986846
462549
986845
200407
462546
200406
200405
462544
200410
986838
462556
986832
462562
724705
200430
724730
724735
986873
462577
462599
724747
986893
986891
724737
986884
724762
200468
724764
200474
462620
986898
462616
200476
986927
724779
462630
200482
462628
462625
462639
724769
200493
724795
724798
986936
200504
200511
986930
462662
724815
724806
986946
986975
724825
462676
986970
724817
724823
724822
724821
724820
724842
462703
462701
986979
200557
987006
987004
986999
986997
200569
200574
462714
462726
462725
987017
987013
987036
724895
724894
200602
724880
724907
987052
200614
462754
987048
987043
200622
724902
200627
987070
462773
462772
724926
200632
200637
462791
987087
987086
462786
200646
987080
462799
462797
462796
987074
200653
462806
987100
200663
724946
462822
200677
462831
724960
200684
200689
987124
200701
200706
462853
725006
987140
987139
462865
987159
725011
200729
462877
987157
200728
987153
462873
987152
200739
987182
725033
462885
462884
987179
725026
462894
462892
462891
200750
200749
462900
200752
987194
200763
200761
725040
462907
725046
725064
725070
725069
987208
462927
987205
200783
462923
200782
987231
725082
200785
462929
725075
200794
987219
200796
725099
725098
725101
462959
462956
462952
200823
462961
987256
725107
462975
200824
725111
462969
200829
200828
725131
200834
200833
987274
725133
987271
200842
462990
987294
725144
987288
725139
987286
725137
987306
463009
987304
725152
725159
463019
463017
463030
200880
463027
725182
463025
987320
987317
463044
725196
200906
725184
200910
725189
463049
200918
200917
987348
725200
200920
200927
463078
987374
725225
463077
987367
987366
463085
200936
463084
725216
463083
200947
987388
987385
987383
463110
463108
987404
200960
463107
200968
725272
200984
200990
987410
463128
463137
725292
725283
987431
725286
725285
987454
725309
463164
725296
201027
987467
987459
725318
463178
987486
201041
725337
725330
725328
987473
725332
201052
725352
201056
201063
201062
463201
201066
725345
725351
725349
987518
987512
987509
463229
987507
987505
463237
725390
201094
987529
725388
463243
463241
463240
725401
725406
463250
463249
201109
987542
201112
201119
725417
463269
725422
201126
463265
201131
463279
987558
987555
987583
987582
201137
201141
201140
201144
725424
987570
201155
201157
201163
725442
201161
725447
463307
463316
725464
725470
201177
725462
987602
987629
201191
463330
201189
201207
201206
463357
725488
201208
463365
463363
463360
725516
725506
463381
201233
463380
987673
201236
725523
463391
725522
201240
463387
463392
987687
725537
463403
725543
987682
725555
463423
725553
201272
725559
987698
987697
987726
201281
201280
463427
725583
201286
725570
463438
987718
201289
201288
987714
987712
725593
725592
201303
725599
463442
725597
201307
987732
987757
201312
201317
987745
987772
463485
987764
725623
987763
201340
725642
987783
201359
201362
463507
201371
987799
725649
987794
201372
201378
987821
201387
987813
987811
463529
463528
725691
201394
463538
463536
987827
987825
201412
987844
725702
725700
987870
201425
463570
201430
201435
725713
987859
463576
463590
725743
463585
463598
725730
463592
725752
463602
987897
987894
725746
201465
987889
463622
463619
201478
725762
725761
725766
987904
201484
987934
463638
725779
201500
725802
987950
463653
201509
987944
725792
725798
463657
201520
201526
463665
201525
463677
987954
201533
463672
201536
463683
201551
987970
463701
725848
987995
463696
463711
201560
201567
201564
463715
201573
463712
988008
201579
201581
725860
988031
725880
463741
988018
988016
988040
988038
725889
463757
725915
201618
988061
463764
988058
463760
201631
988049
463769
988075
725934
201642
463786
988064
725947
463798
463805
201661
201660
725965
988104
725964
988103
201679
201676
988122
725981
988115
988114
463843
463850
201710
725988
201708
463848
463862
463861
463859
463871
726002
463869
988145
988171
726031
726022
988162
201741
463880
988189
463892
988181
988180
463900
201752
463896
201760
726062
726050
201768
726054
201773
726053
988192
726074
463926
988222
988221
988220
463923
463922
463921
201780
726066
988210
726069
201789
988239
201795
726089
463937
988232
726092
201796
463951
726081
463959
463956
463955
201814
201817
201821
988271
463969
201828
201832
726118
988257
201836
726139
201842
463989
463986
988280
201844
988279
988273
464006
201856
464013
201870
726150
726149
988314
464018
988313
464030
201886
726165
201889
201894
464046
726176
464040
988351
201905
726192
201919
464059
988339
464058
201917
726197
464071
988363
464065
726220
201924
201931
988356
726208
201938
464091
726250
464097
726253
726252
726247
988384
726266
464118
988412
726271
988408
201978
201983
988403
201981
464132
726286
464143
988420
726278
988416
201996
988446
464149
726296
464147
464145
464144
202011
202009
988461
988457
202021
726306
202024
988452
202031
726329
726320
202047
988466
726347
726338
464206
988485
202057
726336
988482
202060
726363
726361
202065
464210
988506
202069
988500
726357
464228
988524
726370
464236
988536
202107
464254
988534
202111
464250
988530
202108
202115
202114
202113
464260
988555
726403
726407
988547
988546
464266
988574
726426
726417
988563
202143
988560
464292
726447
988587
202149
988580
988577
202156
464311
464308
988601
988599
988596
726454
988619
726467
202190
202189
202193
988637
726489
202196
726492
464350
202208
464356
202213
988643
464360
464372
988668
202224
464371
202230
988666
202228
202243
202240
726536
726541
988679
202250
464395
202253
202256
202261
726556
988694
464412
202264
988691
726551
988719
726574
988713
202282
726561
988707
988734
726585
202299
202298
464446
464443
464442
726581
726580
988720
988750
202306
988749
464453
202304
988741
464460
726619
202323
464466
202326
988762
464479
202331
202328
726615
988754
726612
988783
726635
464486
726633
464484
988778
464493
202344
988771
988799
202352
988793
988786
988813
726664
988810
726658
726662
726661
202380
726683
464535
726682
202384
726680
988826
464529
202395
988822
202394
464540
464551
464549
202400
726691
202410
988860
202422
202427
726704
202431
988850
202428
202433
202438
988874
464577
202436
726722
464588
726720
988868
726746
464594
988889
464605
988882
464602
726741
464609
726755
726752
202481
464629
726777
202484
726780
202499
464651
202514
988956
988955
726815
988952
988951
726800
202525
988944
726831
988970
464687
988965
464684
726846
464690
726834
202554
988981
464701
464700
989007
989004
464719
726851
202571
988998
988997
726848
988996
726855
726853
464725
726877
464720
726867
464734
202585
464732
726864
989011
464729
989008
726891
726883
989030
989029
989027
202605
464752
726897
726903
989043
202622
464773
202629
202634
726913
202633
726912
202639
726919
726918
464778
726916
989085
202644
989079
989078
464797
464793
726933
989072
202659
202657
202661
202666
726946
202670
464809
989118
464820
989116
202679
989114
464829
989105
989135
202689
464837
989129
726989
202692
989126
726977
726976
989120
989151
727002
202709
989144
727004
202708
989143
202714
726994
202719
989136
464870
464869
989164
989158
464878
202729
464875
202735
727035
202741
464880
464895
727031
202754
464899
989195
464898
202757
989192
727041
202767
989215
202770
464914
202772
989208
202781
727083
989227
989224
727084
727075
727099
727103
464959
202812
464962
727117
727111
727130
202833
989276
202847
464987
464984
989264
464999
202855
989291
202854
202859
989287
989286
202863
989283
465002
727141
202867
202873
465019
989326
202880
989323
465024
202891
465037
202893
989312
465046
989342
727193
465045
989340
727187
727186
465053
727191
202915
989359
202912
465071
202926
989345
202938
202936
202941
727220
202947
465095
465093
727240
465090
202950
989385
989381
727233
202959
202960
727256
202965
989401
727251
727254
465113
465127
465124
202976
727277
727276
727270
727269
465128
727290
989436
202998
727294
989432
727281
727307
465159
989452
989448
989447
989444
989442
465161
989468
203035
727312
989460
989458
989483
989482
203050
465198
203055
727354
465204
465202
989491
727348
727369
989516
203077
727373
465216
727363
465230
203082
465228
203085
727389
465245
989525
727377
465240
203107
203117
727416
989564
727435
203143
727426
727451
465300
203158
989594
465298
989593
989592
203169
989605
465325
727457
465332
989626
203195
203198
465351
727499
465348
203207
989638
989636
203221
727516
727507
989654
727510
203234
465380
465390
203247
465387
989664
465399
203248
465395
203254
989690
989689
465406
727536
989681
989680
465412
203269
727556
203276
203280
203284
465424
465439
727569
989715
989713
465433
989712
989742
465444
203296
203300
203308
989757
727615
727614
203325
989775
203330
203334
989769
989765
203336
727622
989789
727645
989785
989782
203357
727662
989801
989799
727652
465527
727679
989818
465534
203385
727664
989836
727695
203403
203401
989826
727684
727707
203411
465558
989852
465554
203414
727699
203416
203423
203420
727722
465573
989868
465572
465571
203430
989866
465569
989865
465568
203428
727713
989858
727741
465598
465596
727728
465595
465593
203459
203463
989899
727757
989897
727747
203466
203470
203479
989915
203478
727773
203486
465637
203493
203492
727778
727783
203503
203502
727781
465655
203506
989950
465654
465653
203510
727806
727805
203517
465670
465665
203524
465679
203531
203528
727815
465675
989977
727827
465694
203551
465691
203554
465696
989989
203566
990012
203568
203574
465725
990005
990004
203580
203587
990031
990030
727881
990028
203591
990025
727884
990023
727875
727874
727896
203600
203607
727895
465752
990063
203621
727916
465774
990053
203625
465782
727928
990073
203642
203647
203654
465793
203652
990085
727937
727943
465802
727942
465801
203670
203668
203674
727952
990100
727959
990127
727977
727981
465839
203689
465835
990140
203700
465851
727991
990130
203713
465856
728001
728004
203731
465878
465874
465887
990166
465883
203743
203741
728020
203751
728047
203755
990182
465901
728033
990180
728036
465911
203763
990201
728051
465918
465927
728073
728071
728070
465943
465942
990236
203799
728093
465937
465950
728080
728086
728085
465955
203814
203817
990243
465975
728126
990259
465987
203844
990280
728129
728135
203856
728146
728148
203873
203872
728161
728165
990304
466034
203894
466047
728181
466050
466049
990344
990342
466060
728199
990339
728198
203918
728219
728218
990363
203927
466077
203935
728213
990382
728232
203936
728224
990392
466107
466106
990385
990414
203970
728270
990410
990408
728256
466124
728260
466130
466142
990421
728272
466140
466138
728299
728298
466150
204002
204005
728288
990436
204013
728293
728292
204012
990432
466167
204019
990462
204016
728319
728316
466160
990452
990450
466183
990472
466189
990466
466193
466205
204063
728340
990511
466210
728366
990503
466222
466221
990500
728356
466228
204080
728376
728382
204085
466225
990521
466236
204088
204092
466245
990540
466242
728389
990529
990557
204112
990551
466266
204126
990545
728427
204128
466276
204137
990561
728420
728445
990585
990583
466301
990581
466300
466298
728456
990600
728449
728448
990620
990618
728466
990608
728491
990636
990634
204196
728492
466347
204204
728484
990649
204216
728503
466373
204224
466371
204231
204235
728513
990658
204237
204242
728543
466384
204251
204253
990703
990702
466400
728545
728551
204275
990715
466418
728573
728572
204283
990708
466427
204285
728565
204290
466437
204288
204294
204297
728583
466443
990750
204304
204308
204313
466460
990739
990737
466456
990736
466470
728618
728620
204331
728613
204341
990771
466488
990797
204353
466497
204356
728643
466509
728640
728647
204367
466518
204374
728669
466525
204382
728661
466520
204385
728686
728673
466536
990816
728699
204403
466550
728698
204406
990842
990841
466544
204412
990863
990861
728712
204422
204421
728705
990850
990874
466577
466588
466587
990866
466585
728725
990895
728744
204454
204456
466602
204467
466609
204474
204473
728753
990927
990926
204482
466629
990921
204485
204484
204491
204489
990917
466632
204498
466646
204497
204502
204507
204505
990931
204509
204508
466648
990955
204523
990949
990948
728807
990946
728826
728831
990969
204532
990964
466694
466701
204553
728838
466707
990998
466715
204575
990995
204574
728853
466727
991018
204587
991015
204591
466731
466729
991009
466743
991033
204596
991032
204602
728881
466745
991024
466759
991053
204613
728908
466767
204617
204622
991069
466772
204637
466776
466791
991084
204647
204644
728930
728928
466796
466804
728957
466801
728945
466821
204679
728975
991115
204676
204682
991109
466838
466835
728991
728989
204699
204707
729002
729000
466859
991167
466871
466869
204727
466866
729020
466864
991159
466875
466874
991153
466886
991177
991176
466894
204744
991168
729028
466900
466899
991193
729052
729042
466908
729046
466906
204770
466915
729070
204782
204781
991228
729087
729084
466939
204798
729103
204807
204804
466959
729091
204810
466957
466955
729094
729093
729092
991263
729113
466964
466963
729119
991257
729116
729104
466969
991248
204834
204832
991275
729120
466986
204844
991264
729147
204849
204855
466993
991288
991286
204858
991285
467003
204862
991310
467012
991307
467022
991296
991325
729176
204891
204894
467032
204903
204902
204905
204911
204915
204913
729209
467060
467059
729215
729212
204922
991348
991346
729205
204924
467079
204933
204932
729228
204938
204936
204943
467081
729243
467092
204949
467088
204954
991378
204960
729262
467104
204970
991398
729248
729255
467112
729273
204977
991419
204980
991414
991413
991409
729269
467129
729289
204993
729292
991432
467150
729280
991427
205005
729311
991448
467152
205020
205025
729327
991465
205028
467180
729312
729316
205043
467188
729342
991481
205055
205053
729333
467202
205060
991496
205066
467209
205073
991516
205072
991514
467216
205086
991504
467237
205095
467247
729378
205102
729401
467251
991544
729393
205112
991539
991538
205117
467267
991556
205135
991554
205132
205139
991580
991579
991578
729438
205147
991575
729427
729426
729425
991573
729431
729429
467303
467302
991594
467311
991615
991614
991607
205183
991601
729460
991628
205188
729472
205197
991644
205204
205215
467367
205218
467362
991658
729505
991652
467371
991650
729509
991675
729534
205240
467387
991667
467386
991665
467384
991685
991683
467402
467415
467408
729554
467416
205276
729556
205282
205291
467437
205293
467432
991743
729593
729592
467441
729587
729586
205311
205309
991759
467462
729603
467478
467486
729618
991763
991760
467493
467491
991783
205355
205359
729638
991776
991805
205371
467519
991798
205374
729674
205376
467524
467522
729666
729670
729689
205392
205403
729685
205404
991854
205409
729701
205421
467575
729720
991866
205429
467568
729715
991863
729718
991857
467590
729743
205445
729731
467596
991873
205457
729758
467602
205461
991896
205460
729745
205464
991890
991889
467622
729768
729763
991908
467627
205486
205495
729788
729783
467642
991922
991951
729802
205505
729801
991946
467662
729794
991940
991962
205524
205531
467677
729814
205533
729812
991982
205545
991971
729831
205550
991999
467698
467697
205566
729867
467719
205570
467715
205575
992010
205573
992006
205586
467733
729880
729885
992046
992044
205607
467744
729888
467754
205614
992034
205613
992059
729919
729917
729909
729931
205635
467778
729934
205637
467776
205647
205646
992065
467784
205653
205656
729942
205661
205674
992102
729952
467819
729958
729957
205681
467828
467827
992119
729970
467833
992141
992136
467848
992154
992153
730000
205727
730006
467865
467875
467872
730018
205743
992160
992191
730043
205753
467899
730038
205757
467911
205762
730061
205775
730052
467926
205778
992213
992211
730070
467929
730068
992238
205793
992235
992234
730092
467948
992227
205806
730107
467958
467956
730096
992262
730114
205832
205841
730137
730136
992282
730131
467997
468007
730154
468000
730146
992294
730145
205870
205873
730172
992305
468024
205891
468047
992323
730183
992322
730182
992320
468052
992348
468048
205919
730198
205920
205927
992359
730210
468077
730208
205928
992355
205934
992352
468085
992381
468083
468081
468080
468090
730228
468098
992394
992412
992411
992409
205978
730257
992401
730283
205986
205989
205988
730273
468141
468139
468151
468147
730303
206007
206005
992439
730291
730295
468167
730318
468161
206021
206020
206025
468171
992450
730329
468180
206032
730328
206039
992467
206047
992464
468203
206062
992481
730340
468214
730362
468209
730364
468208
206075
206074
206073
992522
730381
206090
206088
468232
206092
206099
992540
992534
730384
206115
730415
206119
992554
992551
730403
468267
206130
206129
992571
992565
730443
992591
468295
468289
730435
992582
992607
992602
992601
206164
992600
992599
206169
992596
730455
468314
206177
468323
468322
468335
730467
206186
992612
468332
992609
730468
206194
468338
992633
468336
468345
468344
206215
206213
206218
730498
992645
206227
730521
206230
730515
206235
206232
468377
206241
468387
992680
730535
468393
730555
206256
730559
206261
206270
992717
468417
992709
992708
992730
468433
992726
992721
206301
730602
206305
206308
992737
468470
468466
468473
206333
992752
468481
730636
206340
992768
730649
206358
206356
206361
206366
992786
730671
730668
206372
468526
206380
206387
206386
730685
992824
206395
992820
992817
468549
992839
730689
992835
730714
468572
992852
206435
992879
468576
206442
730726
730725
992893
206448
468595
206452
468605
206467
468610
992902
468622
730759
992898
992927
206482
730777
992925
992923
468639
730771
206489
730775
992938
730796
468640
992935
730784
468651
206510
206508
468663
206515
730814
468656
730812
206523
992949
206526
468679
468676
730830
992963
730821
730842
206544
468692
468689
468688
992984
992978
206563
730859
206562
993005
730862
730855
992994
206572
206578
206585
468731
993011
468742
468739
993034
730883
468751
993054
993051
730911
730910
206614
468767
993046
993066
730924
206635
468790
993075
993073
468793
468792
993099
468801
206667
206664
468809
206674
206673
993117
730975
730972
993106
206686
993133
993130
468833
468847
730979
993124
206706
731007
468849
731004
468858
206717
206722
468876
468874
993153
731039
993177
993174
206751
206749
468888
993168
206748
731050
206752
206759
731053
993191
993190
206762
993189
993188
731046
206764
993215
731065
731064
206775
993209
731057
468923
468935
993231
206790
468941
206798
731076
731096
993244
993243
206804
731095
993235
731094
731093
468962
993257
993256
206830
206834
206837
731123
468987
206847
731127
731124
206848
731148
993284
993281
993280
993309
731165
469008
731155
993301
469021
206879
469018
993297
469029
731177
469028
206887
731169
731168
206895
731172
469032
469045
206897
993340
993338
469041
206901
469055
731186
206906
993331
731209
206916
731201
993348
206931
469076
469075
206933
731229
993369
206941
469094
469088
469098
469097
206960
731256
206967
731263
731261
731260
206964
469118
731250
206969
993397
206968
731274
993422
206987
993415
731266
206991
206989
469129
731290
731293
206996
993431
993428
731280
207000
993427
993426
731306
993454
469156
207015
731311
207013
731302
207020
207027
469174
731327
993466
469182
207032
993458
469177
469188
207045
993480
207044
731331
469197
731333
207053
993473
731332
993497
993490
469222
207076
993511
993510
207084
731384
731390
207094
993529
993526
731377
469244
207102
469240
993546
731405
731404
469248
993543
731399
993537
469257
993564
469279
469277
993554
731412
993583
993581
993578
993570
993597
469300
207159
469299
469311
993589
207160
993587
207165
207168
993605
993604
731460
469333
993626
469328
469341
993620
207198
469337
993617
993647
731497
993639
731490
993638
207209
469355
993634
469354
993632
207218
207216
469364
469370
469383
731535
469378
469377
469388
993664
207254
469394
469393
207253
469407
207259
993686
731541
993707
207271
731566
469409
469423
731554
993697
207276
207282
993724
207287
469439
207295
207299
207298
731592
993738
993737
207304
731591
993728
993759
731608
469460
731615
469456
993744
993772
469485
993762
993761
469481
731643
469494
469493
207351
207348
207359
993779
731638
469496
207363
731656
731651
207370
993796
207372
993823
731672
993820
207383
469522
993815
731666
731665
207390
993809
207395
993835
207398
207396
469550
207401
993828
469546
731684
207418
993844
469564
207427
993866
731715
469583
207432
731719
207437
207443
469589
731742
993879
207449
207453
207452
993902
731753
207460
469610
207473
993916
993914
469616
469631
207483
731763
469630
207487
207489
993932
207488
731789
207503
993920
993948
993947
993944
731794
993941
731793
207512
993936
469671
993962
207524
207530
993955
207535
469686
207537
469684
993973
207544
469692
469690
207550
731829
207555
207554
993997
993993
993992
731845
207570
207569
207568
994006
731858
469723
469721
207584
994027
731884
207588
469740
731879
731876
994047
469750
731897
207604
469759
207611
207615
207614
731915
207621
994056
731906
207624
994051
994049
207633
994077
731934
731932
731927
731947
994094
469796
207654
207653
207661
994106
469808
207672
994099
469818
469816
731978
469830
994125
207687
994123
731980
994119
207691
207690
469837
469832
731993
731992
994136
731987
994135
994134
994132
207711
469851
207714
469856
469871
994147
994146
732004
994175
732026
732029
207743
994162
732021
994160
207749
207759
207757
732058
732062
732061
207768
207773
469924
994218
732067
207789
994208
994239
732091
732089
732093
994231
732087
994226
732085
207805
207804
732104
994248
732108
469966
732122
207842
994283
732143
469986
732140
732130
994278
470005
207863
207864
207870
994318
207883
732162
470030
207881
994305
470037
207894
994329
732183
994351
207905
207910
732205
470063
207918
470070
994366
732217
470066
470065
207925
207930
994355
470085
207937
994378
207942
470095
470094
732229
207955
470101
470100
470098
207957
207956
732244
994415
207971
732271
732270
470126
470124
470120
470131
207991
470129
470142
470136
732302
470144
994439
208010
732295
470155
470154
208019
732314
208016
732312
994459
732318
208027
470174
994453
208024
208031
732310
994448
208033
470180
994475
994474
732322
732321
994466
732326
470195
994490
470206
208056
208063
208070
994506
732365
994503
208074
994501
732353
994500
208079
208078
994496
994527
994517
208092
994541
994539
208101
470255
208107
208104
208110
732388
208115
994556
470258
208122
208127
470264
470279
994572
994571
994568
994564
732423
470283
470282
470290
732434
208159
732458
994604
208160
470306
470305
732450
994596
470314
994592
994622
208176
732478
470330
994639
470342
732489
470339
732495
208199
470338
994633
732482
208201
208206
470344
994655
208209
732509
994645
732522
470373
994668
470371
470368
208232
208239
732536
994680
470384
470398
470395
470392
994701
470413
994689
994688
470423
732570
208274
208272
732568
208283
470429
732560
208287
208284
208295
208293
470433
994727
470447
208298
994725
470443
732583
208301
208300
994748
470462
208322
470468
470474
470473
470472
732635
994782
994779
994773
208350
732628
994797
732648
208358
470498
470510
208368
994812
994811
208375
470515
208374
732659
208377
732662
732660
994830
208386
470533
470531
732679
994816
470536
732676
732696
208406
994841
208411
994838
994834
470564
732718
470575
994848
208435
732729
470580
208439
994874
208438
994873
732732
470590
208441
208440
732720
994890
732750
470605
208456
470602
732740
470615
470611
208470
732754
470622
732753
208472
470616
208481
732776
994923
732783
208486
208491
732770
994916
208497
208501
732785
732811
732810
994958
208514
208521
732801
208527
732806
994944
732804
994975
994973
470677
994970
994964
732822
994991
994989
470689
470688
208553
470698
208563
995002
208565
995000
470717
732848
208574
470712
208578
208583
208586
208584
470730
995009
732881
208606
208611
732905
732897
208616
208623
208626
995069
208625
995068
208631
995064
732924
470782
995058
995057
995079
732931
995075
995101
995098
732957
208661
470811
995088
208668
995118
208673
208677
732963
732960
995108
208691
995135
470837
208692
470847
470842
470851
208710
732995
995141
208729
995156
208734
733012
733035
208740
733027
733025
470889
995199
733055
995194
208756
208762
995190
733041
208760
995184
470904
733069
208785
995225
470942
733078
995217
208807
208809
470956
470955
470963
733117
995257
470969
995279
208837
208844
733124
470999
208849
208848
470993
733138
733137
733140
733163
995310
471014
471012
995307
471023
208874
995298
208876
995326
733178
733177
733182
471026
733171
733168
208894
471050
733210
471056
471069
208921
995345
471079
995375
471074
471073
995367
733218
471081
208945
995388
208949
995382
208957
471097
471110
471109
733256
471108
208967
995399
208969
208979
208977
471132
208988
471142
208993
733295
733294
471149
995428
471147
995427
995426
733285
209009
733311
209012
471161
471160
733323
733322
733320
209029
733314
471182
733319
209037
733317
209046
471194
209058
733359
471201
995497
733356
471215
733346
209064
733368
733372
995509
733360
733367
209091
995533
471237
995531
209093
733379
733403
471255
733407
995544
995543
995540
733399
471256
471264
995560
209130
209134
209133
471272
733435
995583
733434
209137
471281
209141
995576
733431
471288
995568
471303
209153
209159
209157
471311
995585
995614
733465
471317
471313
733459
209179
471324
209176
471333
733481
209191
733475
995623
471338
733477
471350
471356
471355
733495
733494
733519
733507
209229
995648
471383
733533
209236
733523
733527
471387
733525
209244
209250
471397
733544
471396
733550
209252
733548
995686
733537
995707
209270
209275
209274
471422
209277
209282
209287
209285
995719
995717
733575
995742
995741
995734
995751
995748
733607
733606
209331
733631
209333
471483
733642
995787
471490
209349
733634
471501
209353
733632
209352
733639
733637
209356
733663
209365
995800
471504
471519
733650
995798
209369
471516
733648
995823
733674
995822
209376
471524
209383
995818
471522
995815
209386
471532
209392
995834
733680
733685
995852
733699
209418
209416
995841
209425
733721
733726
471569
995864
471581
995860
995859
995858
471591
733729
209454
733733
733732
209457
733753
471604
995899
209463
733749
209468
733771
471620
995916
995914
209477
471627
209486
995905
471636
209494
733790
471632
733779
995924
733776
209503
471641
995921
995920
733807
471650
471649
995944
209515
471662
209513
209518
209517
995966
209522
209529
471676
995956
209537
733838
995977
471694
471692
471689
733849
209552
209559
995991
733841
209561
471708
209567
996013
209568
996012
209575
209573
733857
996004
996031
996028
471729
996024
209594
209593
996020
471739
471736
733898
733897
996043
209607
209605
996038
471757
209608
471753
733893
733919
733905
733910
471770
733908
996077
996076
471780
471791
471789
209650
996093
471795
209659
996087
733955
996102
209673
209679
209677
209676
996126
733983
209687
209690
209701
471853
471852
996131
996130
733988
209712
209717
996153
209716
996151
734001
471867
734007
471878
209728
734029
209732
471882
996191
996188
471892
734046
471901
209752
734039
996178
209758
734037
996206
209761
209765
996200
734050
996195
734052
209772
734072
471920
734066
471933
734065
996210
996209
209788
996239
996238
734095
996230
996228
996224
471959
734098
209817
996243
209823
209825
209824
996267
209835
996263
471982
996260
209836
209841
734136
209847
209846
996281
209845
471984
996276
734132
734155
209867
996294
996292
472010
209872
996315
209879
472019
996314
472031
209882
209881
209884
472039
996334
472034
734188
209892
209899
734177
472040
734203
996350
996349
472062
472061
734192
472058
209923
209922
996363
734220
996359
209934
734212
209939
734237
472094
209944
472100
734254
209967
996413
472116
734270
209973
209972
734259
209977
996402
209986
209988
996423
996420
209992
996419
209999
210000
734303
210004
996440
472159
210010
472154
210014
472152
210019
210023
472162
210021
210030
210035
472183
734330
472181
472179
472190
472188
472186
472197
210054
734339
210056
210063
472215
996510
734360
734365
210069
472208
210074
996499
210078
210080
734383
472224
210090
210103
734396
996533
996531
472250
472249
210109
996559
734411
210113
734408
210117
472257
210120
996546
210135
210132
996565
210143
996561
472280
472295
210147
734440
734444
996579
472299
734436
472311
734463
210165
210170
472316
210175
734454
996593
734453
472312
210172
996592
210179
472325
210182
472322
996617
996616
996615
472333
210191
734491
210194
472342
472340
472346
210204
210209
734505
734504
472354
472363
996642
996640
472373
734520
210231
996661
734519
210243
734537
210246
734542
734541
996681
210253
734555
210262
996695
996688
996716
734573
472416
734563
996705
210284
996735
472438
996726
472442
734582
210301
996720
996749
210318
210317
996764
210325
734620
210330
996755
210333
472472
210332
472486
996778
734638
210344
472490
996768
472488
734649
210353
472498
472511
210365
734666
734669
210379
210382
996800
734683
210387
734680
210391
996822
734674
472541
996820
210399
734698
996840
996838
210409
996835
996833
734693
472552
472567
210417
472563
996858
472561
210427
734711
472571
472568
472583
996876
996874
996873
472588
210449
734744
996892
472607
734736
996883
472600
210464
734759
996918
734769
210495
996914
996943
472644
996934
734786
472651
996929
734789
472649
734788
996959
472658
472656
996952
472670
472669
734800
996947
996944
472664
210524
996974
734825
210535
996971
734829
996968
210532
472685
734822
210546
210559
734849
996996
734855
210574
996993
997023
472723
210586
734864
210591
472742
997036
210600
472747
472746
472744
472758
210613
734898
997041
734923
997068
734925
472782
997059
997084
997083
734942
997080
997078
734929
472805
734952
997097
210661
210665
472810
210672
472817
734962
734966
997106
210694
472834
997130
472845
997125
997121
997150
472853
735000
210711
472849
997140
734997
472866
997182
997174
735025
997192
210762
472908
735045
735044
210768
210774
735068
997208
472926
472924
472922
997200
735083
735080
997243
210805
472958
210809
472957
210819
735113
210816
735118
210820
472973
997252
472981
997275
210839
472976
997265
210851
210849
210848
735136
997284
210863
735143
473014
735161
997309
210870
210868
210872
210885
735168
210898
473043
997339
735198
210910
735211
473063
997358
473058
735214
997351
997346
473066
997368
997365
473080
735243
735245
735259
210963
210965
997400
473118
735255
473113
997422
997421
210976
473124
997416
735265
473132
997439
735289
735294
473151
735281
997428
211007
735286
473157
211009
473155
997449
735298
997445
997443
473163
473160
211026
997470
735327
997466
997459
997456
997487
997485
997484
211047
735340
735332
997503
735352
735357
735356
997494
735344
473212
997488
735348
473208
997519
473218
473217
473231
211083
735362
211081
997507
473227
211090
211088
473234
211103
211100
211107
473253
997545
735404
211114
735392
473256
211116
473270
735417
473268
735423
211127
997562
211124
473291
735430
735428
473301
211158
211156
997584
473317
211173
211179
473324
735456
997602
473322
997601
735483
997631
211191
735487
735477
735497
997640
735490
211215
735495
735514
997662
997660
735519
473373
735508
473368
735534
735522
211247
735526
997666
997693
211248
473404
473400
473415
997703
473429
997725
473428
211285
997719
473436
473434
997743
735594
735592
735599
735598
997737
211301
735587
211305
211311
997728
735611
735608
211323
473471
997748
211320
735604
211331
211334
211333
997763
211340
211346
211345
997783
735634
997781
473501
473500
735632
473499
735637
735659
735663
735654
735653
997792
211377
473522
997812
997811
997810
735669
211394
211403
211410
997851
473555
735708
735699
473566
997842
997840
735700
211420
997868
473582
735739
211440
997881
211451
473595
997875
997874
473593
473592
997901
735745
997892
735751
735772
997911
735766
735786
211494
735778
211496
997924
735781
473641
473640
735806
211514
997937
997936
997964
211520
735822
473678
473675
211534
997979
473692
735831
473688
211554
211553
997993
735852
735840
735847
997986
211566
211565
473704
211570
473718
998012
735870
211573
473727
211584
211590
998023
473736
473749
998045
998035
473764
211616
735918
473774
211624
473771
998078
473782
473780
473779
998070
211641
473786
998095
998093
211648
998089
998084
735943
998083
473800
998109
211675
735959
998097
211682
735983
211684
735968
473835
473834
211693
998113
735994
473853
473852
211710
473861
736009
473858
736014
473871
211722
998149
211720
736000
473876
473875
211734
736030
736017
998164
736016
473882
211742
211745
473892
736035
211754
473901
211759
998178
211757
736059
211767
736055
473925
211776
473923
473922
736070
998209
736095
998228
998224
473959
211819
211817
211816
998243
473963
736102
473961
736123
736126
211835
998262
998261
736113
736112
998286
211842
736137
211846
736141
998280
998275
211854
736154
736153
211856
736159
211863
211864
998289
736171
211887
736165
211888
736176
474042
474041
736203
998351
736200
211908
998343
474061
211912
474059
736198
211916
736218
474068
211926
998355
211934
211932
736235
736234
998378
998375
211946
736226
211950
211949
736228
474101
736254
736242
474110
998388
474118
211970
474114
998407
211979
736256
474122
474120
211987
211984
211995
474137
736299
736302
736291
212010
998435
736292
212012
474165
736317
474174
736305
212025
212031
998477
998476
998473
212037
212036
736332
998467
736325
212044
736344
998491
736338
212063
474214
736361
212068
736364
474222
736352
212078
998527
474229
212089
998513
998543
474243
474242
212101
998537
474254
998530
474263
998556
736414
474257
736412
212116
212123
998545
998544
736427
212131
998574
474272
212143
212148
736459
212160
736456
474308
474307
212165
474317
474316
998623
212177
736476
474331
474328
998639
474340
998635
998632
474347
212206
736505
998652
998651
998648
474375
474374
736521
998666
474370
212228
212235
998661
736512
998658
212241
736536
998683
474387
474406
212257
474404
212267
474415
736544
212264
474410
736548
998717
212273
474421
212277
736573
474429
998705
212284
212291
998735
212289
736591
998729
474445
736607
998745
212308
212315
998742
736598
736596
998761
212331
998757
474475
998754
736635
736639
474480
474495
998772
474501
998796
998792
736640
998787
474506
212366
736667
474514
474513
736669
474512
998808
998804
736656
736663
736662
212382
998830
736680
212391
474543
474541
998819
212396
474548
474545
736695
736694
212412
212423
474563
212422
736717
212426
998853
736704
736711
474570
998879
998876
736734
212443
736722
998868
998894
736751
474593
998888
474592
474605
212457
212462
212461
212467
998910
212471
736765
474608
736752
474616
736776
998923
474626
474624
736780
212491
998915
212494
212493
474633
998941
736799
212500
212506
736791
474648
736788
474659
998953
212527
474666
474665
736804
998975
212530
474676
474675
998970
998967
736819
474686
736816
474683
998961
212546
736847
212551
474690
212555
736834
736832
736838
736837
212556
999006
736857
212567
474706
736862
999001
736860
998994
474713
212572
999023
736873
999019
999014
212595
999039
736895
212599
212611
474759
736905
999053
474753
736908
999040
212627
736921
474773
736926
212630
736918
999087
736939
736938
212641
736936
212647
736942
999081
474798
212649
212655
212654
212652
736955
736953
212657
999098
736956
999093
212674
999116
736973
474829
474837
999127
212698
474844
999122
212705
737000
474863
736993
212713
736992
212719
212718
736998
212716
474867
212725
737010
737015
999155
474873
999182
212742
212740
474892
474891
999170
212750
737055
737053
212762
999188
474919
737067
474916
212775
212781
999201
999231
212786
212791
474931
999226
212789
212794
737074
212793
212799
474938
999216
212803
212804
999237
212808
999235
999233
212813
737113
212822
212826
212830
474979
737135
999273
737121
737147
737146
474997
212853
737149
474992
737137
212856
475002
475001
737160
212869
475008
737164
212874
737152
737158
475017
737156
475030
737177
212886
475024
737168
475035
475032
212892
212899
475047
999338
475041
475040
475053
999332
999329
999328
475048
737211
212916
737212
737203
475070
475069
737205
999344
475074
737219
475086
999365
212936
999383
212967
737261
212965
999398
999397
999395
475112
999422
212976
737272
999419
737279
475122
999417
212990
212989
999408
737268
999438
737292
999430
475149
475148
213007
737285
999425
737307
213011
999454
999453
999448
999447
999446
999444
999443
999442
213034
737313
737312
213038
737317
999484
999483
475186
213045
737334
213060
999489
475208
475222
999514
737362
999509
475224
737387
999533
475236
999531
475245
475261
213119
999537
737397
999567
737418
737411
213130
213133
737435
213137
999581
475284
737438
999570
999569
213148
475288
737448
999585
999584
737467
737471
213178
213176
475335
737474
475338
999618
737498
475349
213201
475348
213207
999643
999641
475345
737488
213208
213219
999661
737513
213223
213221
737516
737504
213235
213237
999672
475386
737547
737551
475394
475393
737538
475403
999682
213261
737576
737582
475439
213291
737575
475446
999741
737598
475441
475455
999758
475459
737614
475471
213321
475469
475468
213326
475464
999775
737625
999771
213333
213332
475486
737617
475483
475480
737642
999788
475491
737632
213356
737661
213368
475515
737674
475525
475535
999814
737664
213399
213398
999833
737681
213405
737707
737704
213415
475554
737699
737697
999840
475560
213426
475569
213433
213443
999886
737738
213440
475586
213451
999877
213449
475596
475592
999902
737753
999899
475602
737746
213466
737744
475620
475618
737762
999910
999909
213486
213490
999933
475636
475634
737789
999927
475647
999926
737777
475655
213506
213505
737800
999945
213508
475663
999942
475661
213512
737799
475658
213518
737818
737816
999961
475678
737808
737833
475682
999978
213541
475681
475692
475691
213550
475689
213548
213554
999994
213567
737845
475704
737867
213573
213579
737860
737887
475728
213597
475736
213607
213605
475759
213610
213613
213617
213621
475772
475769
737909
475782
737935
213638
737934
213636
213648
213655
213653
737942
213661
737941
213660
737963
213671
737966
475820
475831
475829
213684
213689
475835
213703
475841
737985
737984
737991
737990
475848
738002
475870
475868
213739
213738
475885
738017
213743
213750
475888
738034
213758
213757
475910
213767
738060
738050
738054
475943
475940
213803
738083
738086
475946
475958
213815
213813
213817
738123
475974
213842
738137
213840
213847
738128
475996
738134
738133
738154
476003
738144
213872
476017
738173
476030
738160
476039
213893
476033
213899
476045
213902
476040
476054
476052
213911
738199
476059
213916
738196
476078
213929
213932
738235
738233
476095
213951
476088
213955
738241
213961
213960
213967
213964
738266
213969
738271
476130
476138
476136
738297
214000
738301
214011
476154
476165
214017
738330
214043
738324
738345
214048
214052
214057
476202
214061
738361
738360
476210
214069
738355
738352
476216
476239
214088
214103
738398
214101
738388
738409
738402
214120
476266
214124
214131
738425
738424
738430
214132
214139
214137
214146
476293
476292
476289
476303
738434
214159
214163
214160
738454
214174
214178
214183
214182
214187
476332
476331
738490
476341
214192
214198
738494
738483
476350
738482
214201
476349
738485
738506
738505
738504
214208
214217
738520
214230
738524
214234
738517
476387
214255
738533
214252
738554
738552
476404
738559
476403
476402
738544
738551
738568
738575
476419
738574
214276
476426
738578
738581
214310
738605
214314
738592
476470
738621
738611
738610
214341
738636
476493
214344
476490
738641
214360
214366
214365
214371
476519
738664
738671
214373
214377
738657
476525
476534
738678
214400
214407
214406
214423
476561
214431
476583
214434
214438
476590
738751
476595
476606
738736
738743
476602
476612
214471
476621
738759
214483
738783
738782
476626
738772
476644
476642
214504
214511
476661
738814
738813
214520
738824
738822
214540
476695
738841
738840
476692
214551
476690
214550
214559
214569
738855
738878
214580
738867
476734
476732
476742
214601
214604
476757
214614
738899
476766
214626
214625
214634
214633
476779
476778
214636
214640
738943
738931
214657
214667
214664
738949
476821
476818
476834
476847
214697
214706
739004
476859
476858
738996
476871
214720
214729
739014
739034
476883
214745
739049
214752
739055
476897
739043
214778
214777
214783
476938
476937
739076
476948
739102
214815
214827
739111
476990
214842
214841
739127
214846
476985
739124
739150
214858
477022
214882
477027
477039
739170
214892
214898
739193
214902
214911
739215
214922
477066
477077
739230
214934
214936
739216
477082
214941
214947
739241
214951
214955
739239
214959
214963
214966
214964
477119
739249
214975
739255
477113
739252
214976
214980
739276
477133
214990
739269
739268
214988
739282
477149
215000
477148
215015
477153
215013
477152
215018
215022
739301
477160
215034
739317
477190
477189
477188
739342
477184
215051
215050
739328
477192
739355
477207
215058
739347
215065
739351
215070
739348
739370
739367
477225
477235
739390
215094
215099
477246
739394
477261
215121
215126
215135
477272
739439
215140
215145
739451
477303
215166
477319
215175
477313
477327
477325
739457
739463
215183
739460
739483
739482
477332
477331
739473
477338
739478
477350
477347
739503
739489
215208
477354
215217
215223
739516
739507
739508
215241
477388
739525
215250
215252
739537
739543
477402
739541
477401
477412
739565
215273
477421
215279
477418
477416
477430
477426
215288
477444
739599
739598
739597
215306
215309
739589
739611
477463
215327
739606
477473
739616
477483
739622
215341
215346
477490
215350
739637
215360
477515
477513
215373
477512
739672
477530
477543
477536
739683
215403
739707
477566
477565
477564
739701
739720
739738
739729
215453
215463
739757
739756
477623
215472
477618
215477
215482
215484
739787
477639
739784
739778
739776
477660
215519
477659
215516
477656
215523
739818
477669
215520
215528
739814
215541
739836
739827
477691
215549
477688
739849
215556
739852
477710
477707
215570
215574
215577
739880
739884
477742
477741
739898
739901
739900
477753
215619
477766
739913
739912
215623
477762
477773
477771
739911
215628
739930
739929
739932
215643
739923
477789
215641
215651
477798
215648
477792
739941
215660
739960
477811
739955
477821
739952
477831
215683
739981
739980
477839
477837
739968
477835
215699
215706
477863
215715
740014
740024
215735
477895
215746
740033
740039
477899
740062
215764
215770
477926
477933
215794
215793
740093
740082
215800
477948
477945
740099
215818
740103
477960
477975
740122
215825
740127
215831
740116
215842
477987
215844
477997
740128
740154
478001
478000
478023
215887
740164
478032
740176
740181
215904
215910
740206
740194
215913
478061
215912
740199
478059
215917
740219
740223
478076
478086
478085
740232
215940
215946
478093
215958
740254
215964
478104
740265
740264
478115
478112
215978
215980
215985
478130
215989
740285
215988
478142
478136
740297
478148
216011
740291
216012
740312
478162
478160
740316
478175
216026
216035
478182
216034
478189
216040
740324
478198
478196
740350
478204
478201
740361
478212
216071
216069
740354
740374
478233
478247
216098
478245
478244
740387
740385
478252
216111
478249
216119
740414
216128
740424
740430
216134
216133
740428
216139
478282
216147
478295
740440
478290
740435
740450
478325
478335
740465
740470
478328
740491
740494
478347
478359
478354
216216
216223
478362
478361
216220
740522
216224
478381
740512
740519
478377
740536
216251
740529
740535
216254
478401
740545
216264
740548
216268
216278
740562
740561
478439
216294
740576
478443
740581
478460
740618
478476
740608
478475
216335
216337
740638
478494
216344
216349
216348
478488
478499
740652
216366
740665
740671
740668
216372
740658
216387
740672
740677
478536
216406
216404
740688
216415
478555
740692
478561
216435
216437
478591
740726
478599
740745
216452
478606
478605
478602
478600
216460
740763
478614
216470
478620
216477
216476
216483
740778
478627
740782
216485
740780
478633
216503
216501
478653
216509
478648
740811
216513
478660
740814
740803
216522
740825
478677
216533
740829
216544
740845
216548
216554
478699
740838
216558
740858
740860
478719
216574
740853
478732
740870
740895
740892
478751
478745
478744
740907
478757
216613
216622
740901
216631
740927
740925
216635
740913
478780
740939
740938
478790
478789
740943
740942
740941
216651
478795
216659
216656
478801
740947
478811
216671
478810
740971
478820
740972
478816
478828
740960
216685
216684
740986
216699
740977
740983
216715
216717
216723
216722
478864
216731
741009
216734
478884
741036
741030
216750
478901
478898
478897
741052
478911
216761
216771
741065
216775
741069
478912
216777
741062
478921
478920
741085
741072
216796
216801
741102
216811
216810
216815
741094
478954
478953
741115
478966
741119
478963
478975
216830
741120
478984
741147
216854
478994
479007
216859
216857
479003
216862
216867
216875
741156
216887
741187
741188
216914
216922
741201
216931
216929
741228
479095
479091
216950
479102
216959
741258
741257
741261
216965
479117
216973
216980
216986
741269
741290
479141
479140
216999
741295
741293
217003
217007
217006
479154
217014
217016
479172
741327
217029
217028
741315
217032
741318
217038
741316
741336
479186
741342
479197
217053
479193
479192
217059
741355
217057
741347
741351
479210
741348
479223
479221
741368
217076
741363
479225
217088
479236
741377
217102
217101
741402
479249
217108
217113
479258
217121
741411
217130
741414
479285
217143
217147
479294
741430
741429
741450
479301
741443
217163
741442
479304
217171
741459
217179
217178
741456
479321
479328
741477
741502
217205
741491
479367
741514
741516
479372
217224
741508
479383
741522
479389
479388
741550
479392
479407
741537
741543
741562
741560
217271
217269
479419
217283
479430
217294
217306
479454
217309
479463
479461
479471
217321
741631
217333
217336
217346
479492
217351
217350
741634
741632
741636
479510
217360
741648
479512
479526
479525
217377
479523
479520
741676
217387
741688
479540
217397
741692
217401
217405
479544
217415
741703
217429
479587
741743
217450
479593
217458
741752
217460
741747
479615
479614
217466
479613
741744
217471
741750
741763
217490
217495
217498
741777
217503
741806
479665
741810
479686
741830
217548
217553
479701
741848
479710
741841
479706
217565
479717
217575
741869
741863
741862
217587
741881
217595
741875
217594
217593
479740
479737
479747
741894
479752
217625
741911
217632
741935
217642
479784
479797
741948
741936
217660
479814
217666
741964
479808
217674
741952
217679
217677
741956
741979
741976
217690
479835
741974
217693
741973
479833
479847
217697
479844
741998
217702
479853
217705
217711
479861
217722
742000
479866
217726
742027
479879
217728
217737
742016
217742
742043
479893
742045
217752
479898
217757
479896
479911
217760
742063
217764
742074
217776
742079
742077
217780
479935
217784
742071
479943
479939
742094
742093
742086
742085
479945
217804
217811
479967
479966
742098
742102
217826
217830
742126
742115
217834
742114
217837
217840
217847
742143
479984
479995
217857
217861
742146
217870
742149
742168
480030
217886
217890
480038
742184
217895
217892
480043
480040
480055
217906
742202
480054
217904
480060
742198
217926
217925
480064
217931
217929
742208
217933
480086
217938
480095
480093
480111
742240
480106
217965
217964
480118
480113
217979
480120
480134
480140
218002
742298
742297
480148
218000
742303
218004
480158
480157
742317
218028
480181
742328
480178
742332
742322
480190
218041
480189
742325
742346
480195
480194
742341
742367
742354
218072
480229
480228
742383
218085
218097
218100
480263
218113
218120
480264
742427
218129
480284
480282
218141
742443
218146
742445
742432
480307
218170
480315
742453
480312
742478
480331
742468
480337
742485
480359
742510
742509
480375
480369
480383
480390
218246
742528
218255
480394
742533
742553
218270
218268
742568
218278
480418
218276
742561
218286
742565
218291
742586
218293
218299
742577
218303
480443
742582
218300
742580
742607
218314
218313
218318
742598
480456
218323
218322
742618
480469
218334
218332
218338
742632
218344
742631
218352
480498
742654
742647
742645
218370
480522
480520
480533
480532
480529
218392
218396
742691
218418
480563
218422
742705
742711
742710
742708
742730
218432
742735
742727
480586
480599
218455
742749
218453
742748
218459
480605
480603
480615
742762
480613
480622
218483
742778
480629
480625
742769
742775
480635
480634
218492
480632
218499
218497
742799
218507
480654
218509
218514
742815
480665
480678
480677
742824
218533
480672
742828
218537
218543
742822
218542
480694
480693
742840
218554
480698
742838
480696
218556
480711
480710
742857
480724
218586
218585
218584
742869
480740
742895
218599
742883
480749
218606
742905
742910
742898
218620
218627
480780
218639
742939
480788
218647
218652
218666
742945
218665
480808
218668
742948
742971
218682
218686
742964
480834
218694
742989
480847
742979
480855
218708
742995
480862
218716
480867
218724
480879
743009
218728
480875
480872
743038
218740
480893
480891
218756
218763
218760
743071
218778
480933
743086
218788
218796
480951
480948
218810
480956
743092
218817
480965
743118
480980
743135
480977
218843
480991
743127
218846
743124
480999
481005
481003
218866
218865
218870
218875
743158
218883
481027
481026
743171
481036
481046
743192
218901
218906
743185
218908
481063
743212
218925
481064
218931
743226
743231
743229
218932
481072
218947
743243
743242
481090
743232
743239
218958
481097
481117
743253
218978
743276
481120
743288
743292
219001
481147
219007
219005
743307
743305
481167
743297
743301
743322
743326
743317
219036
743341
481185
743340
219050
219048
743355
219062
219061
481222
481231
481227
219086
219085
743365
743364
481238
481236
219094
219099
481253
743406
481249
219108
481262
481261
743392
481258
743419
743417
219127
219125
743414
743413
481285
481295
219146
743430
219150
219154
743455
743454
481311
219162
219171
743466
743469
481326
219182
219188
743479
219196
481351
219207
743502
743501
481354
481365
743518
219227
219225
481370
219230
743509
743535
219239
219238
481391
481389
743525
481385
481399
743547
481395
481394
743550
481407
481403
743542
481400
481412
481409
743552
481419
743578
219281
219289
743574
743595
219307
219304
743590
743588
743611
743612
481468
219335
481480
219351
481502
481501
481500
743659
481509
743656
743654
219383
219382
743667
219386
743671
219389
219395
481537
481549
481559
481567
743697
743723
219431
219429
743718
481577
219455
743755
481603
481612
481610
219475
481623
743769
743774
481630
219481
481628
743786
481638
219489
219495
219493
219492
219498
743778
481645
743776
219496
743783
219501
481655
743803
219510
743804
219512
219519
219516
481656
743818
219526
481665
481677
219538
743837
481701
219559
219558
219563
219570
743870
743869
219573
481726
743856
743862
481721
481720
481735
743883
219586
219594
219593
481738
219597
219603
219602
743897
219600
743902
481744
743890
743889
743888
481755
219612
219619
481773
219629
743930
743935
743923
219642
481789
743949
481800
219664
219668
219674
743956
743978
219680
743980
481839
219691
481838
481835
219694
743973
219692
481842
219701
481862
219714
481861
481871
744003
744001
219725
219731
481879
219729
744024
481887
744022
481894
219745
744047
744034
744038
219758
481897
481896
219762
744049
219774
219773
219785
481931
481943
744093
219800
481947
744087
219805
219808
744109
744096
219820
481973
744121
219825
744124
481982
219840
481986
481998
744134
219859
219862
482001
482014
219865
744144
482011
219871
744150
219874
744170
482017
219885
744191
744189
219892
219899
219896
744203
219919
482071
744222
744220
482074
744214
744239
744231
219954
219958
482098
744253
744242
219975
219974
744268
482126
482123
219983
744262
744282
219984
219989
482137
220000
744296
220007
744290
220014
744293
482153
220012
482167
744315
220016
482162
482161
744306
482174
220033
482189
220046
220045
482185
220044
482197
220054
744342
482202
744341
744363
744360
744367
744366
482209
482223
744354
482219
744357
744372
482247
482244
482240
744385
482258
220117
482271
220121
220134
744420
220150
220154
482301
744475
482327
220187
482333
220184
220191
220190
220195
482342
482348
220210
482357
482354
220217
220222
482375
482370
744516
220236
220241
744541
220251
220255
220254
744534
220258
220257
744558
220260
744546
482408
744571
744575
220287
744564
744576
220302
482441
744594
744619
220323
220326
220330
220334
744613
744624
220351
482489
482502
220361
482504
744666
744669
220372
220376
744686
744675
744678
744699
220400
744703
482545
482559
744689
220412
482561
220421
220426
744704
220424
220434
482588
220447
220446
482594
482593
220452
482606
220458
482613
482617
482616
220476
744776
482625
744771
482635
220499
744797
482655
482652
744789
482649
744788
220508
482663
744813
744812
744801
220520
482668
744805
482664
220529
744825
482676
220534
744828
744819
482690
482688
744835
220564
744855
482715
744853
220572
220577
220582
744865
744869
220588
744893
220607
220606
482758
482755
744901
744920
744927
744926
482783
482777
220636
220643
482790
482789
744930
220649
220659
220656
744952
220663
220662
744957
744947
482809
220673
220672
482827
744965
220684
744990
220693
220696
482844
220704
220724
482883
745026
482893
482890
220749
220755
220754
745049
220752
220759
482898
482897
482912
482927
745083
220801
220806
220805
482944
482956
745114
220821
220827
745105
220825
745111
220830
482969
745133
482989
220851
482999
745147
745139
220863
220862
483014
483008
220872
483019
483018
220876
483030
483029
745176
483026
745171
220892
745194
745184
745210
745209
220916
483069
745206
220926
220925
745225
745224
745217
483084
745221
745241
745240
220949
483101
745237
220957
220963
483110
220960
745251
745255
483126
745273
745277
483134
483140
221002
221000
745286
745284
745298
745300
745323
483174
483169
483179
221049
483195
221052
745354
745353
221063
745346
745344
221064
745374
221076
221084
745364
745390
483243
483241
745404
745393
745392
745398
745423
221131
221130
483278
483276
483275
483274
745414
221133
745432
483281
745424
745431
745430
483301
745454
221157
221160
221170
483327
483333
483330
221203
483349
745496
483347
745503
221204
483354
483362
221221
745506
483372
745531
221239
483397
745544
483395
221253
221258
221262
483402
745541
221260
745562
483413
483410
745564
483422
745554
221272
745576
483439
483438
745593
221296
483444
745596
483453
745584
483451
221310
221315
483459
221318
745613
483457
221316
745600
221331
221328
483485
221342
745622
483494
221345
483503
221354
483500
745636
221356
221360
745651
745655
483512
221378
221376
483523
483522
483521
483535
745667
221384
483541
745688
221397
483536
221402
221407
483544
221408
745711
221414
221412
221418
745697
221429
483579
221439
483577
221436
483591
221443
221442
221441
745743
221446
221445
483585
483599
483597
745729
221453
483605
745744
221470
483609
745772
745765
483637
745776
745783
483641
221501
745801
483653
221509
483663
221512
483664
745811
483679
483678
483684
745839
745838
221557
221571
483718
221582
483722
745861
745880
483743
221594
221599
745898
745901
745888
745906
221628
483777
483795
745949
483807
221656
745936
483801
221666
745961
221669
745952
745979
221681
745980
221695
745990
221709
746009
483871
221722
221720
221724
483879
221743
483883
483880
483891
483890
746033
483911
221765
483905
483904
483914
221773
221779
221777
483923
746077
746066
483930
746070
746069
483928
221793
483940
746088
221796
221806
221805
483958
221815
221814
221813
746096
483961
221826
483968
221835
221832
483997
746154
484001
484015
746147
746145
221865
484016
746161
484024
746184
221892
484043
746183
221906
484052
746200
484050
484049
484063
746194
221913
746193
221912
484059
484057
221923
221928
484074
746238
746231
746249
221959
746254
221957
221965
746244
484118
221973
221979
746258
484122
746261
484135
746280
221991
484129
746275
221999
484137
221997
746277
222001
222005
746292
222019
222018
484165
484163
746307
484174
222030
746310
484179
484178
484177
222043
746345
222055
484195
222053
746348
484207
222057
222061
746363
222067
222066
222078
484218
746357
222076
746379
222090
484237
222093
746395
484242
222100
484254
484252
222109
746414
746412
484268
222128
222133
746428
222136
484283
222143
746422
222142
222141
746442
484292
746445
222148
222155
222153
222171
484316
746455
222179
746476
222187
222185
746464
484332
484331
484341
484340
746494
222198
746492
746482
746486
222206
222205
484344
746505
222219
746522
746515
484395
222257
222263
222261
746546
222266
746550
746548
746571
222278
222277
222281
222290
746584
484434
484445
484443
222301
484455
484449
746618
746633
746632
222342
746624
484489
222348
484503
746643
484509
484507
746657
222376
222387
746681
746680
222390
222393
484550
484549
222401
746702
484558
484555
746695
484554
222412
222419
746713
222416
746707
222424
484572
484580
484584
222448
484596
222452
746738
484600
484614
222465
222470
746766
222475
484623
484620
222478
746777
746771
484639
222494
222502
484641
222510
484661
484660
484659
222519
484658
746813
484671
746830
484674
746829
746819
484685
222542
222559
746836
484711
222563
746860
222569
746866
484733
222585
484743
222593
746889
222592
746895
746882
484749
746880
746887
746884
746907
746911
484754
746908
484763
746901
222625
746921
746920
484770
746925
484768
746919
484785
746928
222655
746932
222663
484801
222660
222668
222675
746974
746973
484829
222681
222680
746966
222690
746976
746983
222702
484855
222705
747005
484863
746993
746998
222718
222723
747016
222738
222743
747039
484881
484895
222746
222744
222749
747029
747051
747054
222757
747053
747067
484916
747064
747071
222781
484920
484934
222785
222805
747095
484953
747092
484967
747113
747119
747117
222835
222832
222838
484977
222837
484991
747147
484998
222848
484994
747137
485004
747140
222867
485014
222871
222868
485023
222879
222883
485030
222887
222893
747173
747172
747195
485045
222902
222900
222907
747184
747211
222913
747208
485059
747214
485056
222923
747201
485079
747225
222929
485072
485094
222951
747246
485103
747238
485097
747237
485108
222967
485104
222970
747275
222979
747279
222981
485135
485132
222994
223005
485165
223020
485174
747321
747317
485177
747342
485186
223046
747341
485196
223054
747334
747332
485192
485201
747351
223075
747370
485218
485231
747362
485229
223086
485225
485224
223084
223094
485247
223097
747376
485243
747381
485249
747404
223112
223129
223143
223146
485303
747449
223156
223163
747447
485304
747471
223172
485327
747458
485325
747475
485338
747496
747500
747491
747490
747495
223215
223212
223223
485362
747517
485373
747508
747529
485379
223239
223237
485389
223246
223253
223259
747539
485400
485419
223278
747579
485430
223281
747582
747569
485436
485434
223294
485442
223310
485450
747615
223316
747602
747626
223329
485474
223343
747620
747646
485497
223357
747659
223364
485504
485515
485527
747669
485541
747689
747694
485538
223398
747683
485547
485553
223412
485565
747696
223421
223430
747737
223440
223447
747742
485585
747741
747735
747750
223470
485609
485608
223476
747763
223482
485624
747790
223505
747800
485651
223510
485661
747798
223517
485666
747821
747813
485672
747834
747839
485683
485699
747852
485711
747844
223571
223569
485717
223568
747856
223582
747882
747881
747887
223590
747878
747891
747888
223612
223619
485767
747916
485774
485780
223638
485777
223642
747920
223640
747945
747938
223663
747943
223662
485801
223667
747962
485813
747961
485808
485823
223677
223683
747978
223686
223685
223693
485833
223697
485843
485841
485852
485871
748001
748000
485879
748025
223735
485887
748017
485883
223742
748043
748047
223754
223753
485899
223757
748058
223762
485908
223778
223777
223776
748072
748067
748107
223809
485957
223815
485953
748123
223824
485971
485968
748118
223842
485989
485987
223846
748141
223849
748129
748128
485993
223853
223856
486003
748156
486021
223878
223876
223894
748201
748193
223913
748217
223929
748208
223933
486086
748237
486108
223960
748246
486115
748263
223982
486133
486130
748284
486128
486143
486151
748298
486148
486146
748300
486157
224008
748292
748315
748313
486164
224022
224027
748306
486169
486168
748329
748328
486179
224038
224037
748320
486187
224047
486197
224055
486207
748343
486202
224066
486214
748366
486210
224068
748355
224079
748356
486230
748376
486228
224084
224093
486232
486245
486242
748386
748402
486264
486274
486273
224137
748422
224140
486294
224153
486298
748458
748461
748460
224164
486319
748450
748455
486327
748474
486325
748479
748471
486341
224196
486351
748482
748480
748484
224221
748523
224224
748524
486368
224234
486384
748552
486421
748568
748560
224286
748586
224295
486454
224313
486461
224318
748619
486469
486468
224325
486464
748608
486487
486484
486482
748628
748652
486508
748640
224364
486526
224378
748658
486533
224407
486558
748693
224413
748714
486565
486561
224420
748716
748704
224439
486578
486587
486595
748750
748738
224457
486603
224465
224471
748753
224473
224472
224477
224490
748770
748768
224494
486633
486644
748799
486640
224514
748809
486658
486656
486667
224541
748820
224549
224552
486709
224560
748851
748855
224574
748893
748883
486747
486744
748911
748898
486760
748921
748926
748915
486782
486776
224636
224642
486786
224645
224652
486806
224666
224671
486810
224682
224680
224684
224694
486855
486853
749000
224710
486861
748999
224717
486877
224740
224746
224744
224748
486903
486902
224753
749049
224761
486907
486904
224770
224779
224777
749062
486920
486934
749081
486942
486944
486955
224813
224819
749119
486963
224821
486960
224825
224832
224841
224851
749150
749149
749140
224860
224866
749164
749152
224879
224878
749158
224877
749177
224885
487024
749169
224888
224896
749198
224900
487055
224906
749184
749190
487049
749213
487070
749230
224939
749220
224950
749246
224948
224953
224963
224962
224967
749262
749253
487123
224981
749277
224987
224986
224995
224992
224999
224996
749286
225005
749284
225014
749323
749321
749325
749313
225033
225037
225036
487189
749330
225055
749333
225053
487192
749353
487201
487213
225075
749372
749367
749386
487243
487242
749380
749403
225105
487262
225117
487256
487268
749422
749411
225131
487277
749434
487299
225158
487308
749440
749447
487305
225164
225170
749458
225176
749456
225182
749460
749480
225189
225193
487340
749479
487351
749491
487354
225216
225230
487370
225229
749531
749532
225253
487393
749548
749538
225267
225265
487410
749557
487417
225277
749582
749574
749572
225297
749585
487452
487449
749588
225319
749602
487478
749625
487474
487482
225340
225345
225344
225355
749658
487509
749663
225373
487512
749693
749683
487550
487549
487548
487547
487558
225410
487565
749696
749700
225427
225425
487571
225434
749719
487578
487577
749743
225451
487596
225454
487592
225452
487607
225456
749752
749759
487611
225470
487631
225482
487629
749767
487626
487625
749789
487645
749800
749807
225514
225522
225527
487665
225531
487676
225535
225534
487673
487682
487681
225541
225547
749827
749825
487688
225555
749849
225552
487700
487698
749843
487711
487709
225561
749841
225567
749867
487719
487720
749880
487730
225599
225611
487757
487752
225618
749916
225624
487770
487782
225633
749933
225642
749920
487787
225647
225649
487797
749939
749962
225671
225670
749964
225675
225679
749958
749976
225685
749973
487847
225698
225703
749991
749988
225715
750008
487867
487866
225726
225731
750031
750029
750022
225750
487889
487902
750034
225772
750075
225777
487931
487928
750095
487937
750082
225804
487958
750105
750108
487967
750099
487962
225821
487974
750121
225831
750126
750115
487976
750139
750137
225845
750141
487992
750154
488003
750156
225864
488012
750151
750169
225877
225876
488031
488029
488025
488039
750191
225897
488054
750202
488050
225909
225923
225921
488067
488078
750208
750232
488083
750238
488093
225945
750230
750229
488101
225957
488096
225961
750246
488105
225964
488113
488127
225977
488123
225986
750281
750286
488130
488143
225998
488137
750296
750294
488152
750312
750317
226021
488160
226031
750310
226028
226035
488183
488182
750332
226040
488184
226059
488200
488223
750357
226081
488226
750382
226085
226099
750398
488242
750412
226116
750400
226125
226124
750427
226130
488274
488272
488293
750441
750440
488289
226148
226155
226166
750450
226177
226183
750466
750494
488337
750483
226201
226206
226213
488363
226220
750526
488369
226237
750538
750536
488387
488385
226244
488396
488394
226259
488407
488405
226267
226269
488421
226272
488417
750572
226281
488428
226287
226285
488425
488437
488454
226310
750604
488462
750597
226316
226322
226325
750620
488476
750615
488474
226333
226339
488488
750643
226363
488504
488517
226373
226378
488524
488523
226382
750661
226381
226385
226392
488539
750698
750690
750707
226425
750711
226429
226435
488582
750730
750734
488576
226443
226451
488597
488596
750744
226455
488595
750743
750741
488614
488612
226468
488623
488619
226476
488627
750771
750768
226495
750798
488655
750786
488660
488657
750803
226523
750802
226520
226524
488664
488675
750830
488672
226538
750816
488683
750821
750820
226545
226544
226551
488708
488707
226565
488704
750852
488730
226603
488749
488745
226604
488759
750906
488757
226614
488767
488765
750902
226621
488760
488775
488770
226629
226632
750936
750940
488796
226655
488793
226659
488800
750956
226671
226670
226677
226676
750963
488831
488837
226689
750984
226694
226692
488844
488843
488841
750996
226725
226731
226729
488882
488881
226740
226750
226749
488901
751048
488897
226756
488908
226764
226769
488913
751068
488924
226781
226780
226784
751087
751086
488942
226799
488938
226798
488951
226803
488958
488957
488956
226814
488965
226821
488975
226827
226840
751144
488996
226852
489006
226857
226862
489002
489001
226864
489010
751164
751155
489020
226879
489017
489016
489030
226880
489027
226888
489034
751192
226914
226917
751202
489066
226924
226929
751231
751243
489088
489100
489099
489108
751248
226968
489127
489125
751272
751267
751264
751271
226997
227007
489157
227009
489166
227020
489173
227024
489171
751315
751312
227043
489190
489184
227051
751328
227054
751334
751333
227052
227059
751352
751359
751358
751356
751347
227067
751344
751363
751361
227080
227099
751381
751406
227115
751394
489261
751418
227121
751416
489264
751411
751410
489277
751408
489276
227134
489273
751412
751424
751431
751428
227148
489298
227156
227167
227179
489331
489328
489340
227197
489355
751492
489363
751516
751507
751506
489371
227228
227242
751520
227244
227251
227252
227275
227273
227272
227279
227278
489435
489432
227305
751589
227308
751588
489463
751609
751603
227321
751600
489468
751605
489478
227328
751624
751630
227337
489480
489495
227348
751635
489496
489509
489508
751663
489505
489519
751651
227374
227379
751679
751668
227395
227394
227396
227403
227401
751681
489546
227404
489559
227415
489566
227416
751696
489563
227421
751722
489573
751725
489568
751715
489578
227437
751716
751737
489599
751734
227454
751732
227459
489605
227461
751749
227473
751768
489631
489636
227493
751776
227503
489653
489648
751795
751799
751823
227534
227539
751834
489684
227541
489681
751827
489692
489701
227564
227571
489716
227577
227576
489724
489735
751883
751882
489734
751881
751880
489731
227590
751885
227594
489740
751876
751894
751892
489775
489772
227624
751910
227629
489782
751934
489777
489776
489787
227651
227650
227655
751948
751936
489800
751960
489812
227678
227682
489830
751976
227692
751990
227715
227713
752009
227716
489869
227734
752016
489883
752020
752033
489900
752059
752056
489907
489919
227769
227772
227784
489928
489950
227800
752086
752085
752084
227811
227810
227813
227816
752122
489972
227824
489968
752115
752119
489978
489977
227840
752143
752141
227848
752155
490015
227867
752147
752146
227865
490010
752150
490022
490019
752173
227880
227887
490024
490039
752187
490036
490041
752181
490055
227904
227910
752205
227915
490062
490060
227917
227921
490064
752211
227928
752215
227935
490072
490086
227937
490083
490103
227953
752242
752267
227975
227976
490123
752263
227980
490133
490132
752276
490146
228004
228010
228008
490153
228012
228020
490175
228024
490170
490179
228040
490188
752345
228053
228052
228057
490205
228056
752336
752343
228067
490215
228074
490221
228072
752377
490224
752371
228090
752392
490243
228107
752385
752384
752391
490248
490263
228115
490260
490259
228123
228120
490268
228129
752422
752421
228140
228146
752447
228152
490319
490318
228169
752454
490313
490321
490320
228186
228184
228195
752495
752482
752484
752507
490359
752498
490361
752527
228231
228235
752542
752541
490385
752531
228250
752554
752558
228267
752548
228277
228287
752567
228289
490436
752589
228299
752579
752583
228304
228308
490461
490460
752599
490457
228317
752618
752621
490464
228328
228333
228332
752639
490495
228346
228354
752650
490501
490499
228358
490511
228363
228360
490506
752644
752667
490514
228379
752658
228383
752661
752660
490534
752674
752691
228423
228420
490570
752708
752731
490582
490576
228440
752737
752742
228466
228474
490620
490630
228486
752781
228495
752795
228498
752793
752792
752799
490643
228509
490648
490662
228513
752803
490667
752804
752825
752830
752840
490691
228554
752839
228558
228557
752836
752856
228567
228564
490704
752854
752874
490725
752872
752877
490721
228586
490734
752868
228592
752894
752892
490751
490748
228606
490761
752926
228628
752915
228639
752917
752916
752936
228646
752940
490797
752934
228654
490807
490803
490800
228667
490814
228671
752971
228675
228674
228673
490827
490838
228695
490847
490843
228702
490841
753002
753001
228711
752994
490861
228717
752996
228722
228721
490867
490879
490873
228732
490887
490885
753039
490882
753027
490894
228748
490901
228753
490897
753052
228762
228761
753047
753046
228773
228779
490927
228776
228780
490920
753083
228786
753081
753080
228790
490928
490941
753089
490957
753094
753114
753118
753108
490981
753122
753124
490996
491006
491005
491001
491010
228870
228869
753165
491021
753183
228887
753171
753169
491044
753199
753188
491061
228923
753227
491072
491095
491094
491100
753232
753237
491096
228967
228964
491119
491115
491114
753253
491135
228985
491130
228992
491140
228999
753294
753292
753287
229004
491158
229013
229012
753308
229019
491164
229021
753321
753325
491188
229046
491184
491194
491192
491207
491214
491211
753350
229068
229075
753369
753368
753375
753373
753372
753376
229110
229109
753404
491261
229118
753418
753414
229134
491274
753434
491295
491293
229157
229162
753441
491307
491319
229170
229176
229181
229180
229185
491331
753485
229202
491349
229206
491345
229210
491356
753494
753493
229212
491363
753516
491374
753505
491371
753508
229239
229242
229246
753547
753551
491392
491404
491413
229268
491418
229283
491431
753579
491429
491428
229280
753582
491435
229293
229299
491447
491445
229307
753610
491461
753609
491456
491471
753601
229326
753605
491464
753627
753625
229328
491487
491482
491491
753646
753635
753656
229364
753660
491527
491526
753665
753664
753671
491542
229393
753685
491556
491553
753709
491565
753702
229427
753714
491582
753719
753716
491591
229443
491590
753742
491585
229455
229454
229458
229463
491615
229470
753749
753771
229477
229482
753784
491636
491635
753790
229494
229493
491642
753803
229505
229510
491650
491648
491663
753792
753816
491668
753822
753820
229530
753835
491685
753832
491683
491681
229545
491688
229558
229556
753842
491704
229572
491724
229576
229583
753883
491730
753884
753875
491750
229607
229609
753892
753916
491771
753923
229642
491790
229647
229650
491797
229649
753951
491794
753948
753936
753960
491810
753966
491808
229672
753959
491824
229693
229699
753994
491842
491841
229711
753990
229708
491863
754009
229712
229722
754002
491866
491884
491883
491889
754033
491900
754037
229757
491897
491911
229761
229760
491919
491918
754050
229768
754055
491925
491923
229785
229791
491943
754089
754088
229803
229805
491959
491956
754109
491964
754096
229816
491963
229823
491983
491978
754117
754139
754140
229855
491995
491993
492005
754159
229863
492012
492011
754171
492022
229880
229886
229885
754164
754187
229889
754185
229895
492045
754181
492040
492052
754207
229915
754193
492070
229921
754222
492078
492085
754250
492096
754246
754265
229974
754259
492126
229977
229983
229981
754282
754287
229988
492141
492137
492150
492147
492156
492167
230018
230017
492164
754319
754318
230026
754306
230024
492172
492169
754331
492182
492180
230037
230042
230041
230045
492197
230053
230052
230063
230071
754367
230070
230075
754359
230077
492224
230091
230092
492240
492253
230115
230121
492267
754424
492272
230138
754423
230141
230146
230145
492303
754434
492318
230169
492317
492326
230178
230181
492332
492331
754471
754469
754493
492354
230214
492375
492372
754514
754517
492376
492391
492388
492387
754530
230249
230260
754545
492413
754544
230274
754575
492419
754584
754591
492445
492444
492443
754582
754603
230311
754605
230309
230308
492461
230317
492456
754618
230322
492470
754616
754608
492485
754639
230347
230354
492499
230359
230358
754647
230369
492516
492514
492513
230379
754661
492520
230390
230393
230404
230410
230418
230422
492575
754705
230430
754751
492592
492602
230462
230461
492600
230464
754781
492625
754768
754773
754795
754794
754792
492651
230511
754811
492662
754810
754802
754801
492667
230526
492665
492674
230538
492683
754823
230541
230546
492688
754835
754834
492727
754872
492721
492730
754869
492728
230595
754892
230611
754906
230627
492774
492783
230636
230641
492789
230647
230651
754934
230659
754957
754945
230664
754948
754971
230672
492828
492826
492839
230688
230698
492844
492841
755003
230704
492863
230719
754998
755017
230730
492872
230739
755034
230737
230741
230740
755025
492901
230753
492896
492917
492916
492915
230783
755081
755085
230794
230805
492945
755091
230811
230809
492955
492964
492961
492975
492972
230831
492980
492977
230836
230842
230846
492984
755147
755146
230853
230856
755143
755140
755163
755167
755166
230869
230868
755154
230881
493026
230890
230894
755173
230892
230897
493044
230903
230902
230906
230915
493061
230916
755207
230926
230931
230930
755224
493074
230937
230942
493093
230955
493102
493098
493110
493104
755251
493116
230973
230977
755276
230987
493134
755265
755264
755271
493130
755268
755290
755289
230999
493151
755285
231004
755305
231015
231012
755323
231024
493172
755324
231035
755313
755336
755335
755333
493205
231062
493211
755351
493210
755369
755372
755362
755360
231086
493237
231095
493245
755376
231096
755380
493255
231111
231109
231113
231112
755399
755419
231131
755428
755451
231159
755454
755442
231164
755469
493324
755460
231187
755482
755481
493332
493330
493343
755474
493341
755473
493349
493357
493364
493363
231226
493370
231228
231234
231233
231238
755533
493376
493391
231242
755521
755526
493384
493399
231248
755551
493393
755548
493392
755537
493401
755566
493410
755554
493421
755558
493427
755581
493436
493445
755599
231304
493451
231315
755608
493458
231316
493475
231346
231351
493496
493510
493508
493506
493519
231370
231368
755654
493514
231372
493524
493523
493522
755677
755667
755688
231398
231400
755687
755710
231422
493562
493561
755700
755723
755721
231432
755719
231436
231441
755743
493599
755733
231458
231464
755744
231470
755770
231474
231472
231479
493630
231494
755807
231510
493649
755804
755795
493663
231512
493657
231521
493667
493687
493685
493688
755850
493698
493696
231562
755840
755846
231565
493713
755869
493726
755863
231580
493732
231590
755873
755878
493737
755899
755897
493749
755903
231604
231611
231610
231613
493752
493767
231616
493760
755906
755905
493769
493778
755933
755921
755946
231652
493805
231662
493800
231664
755964
231673
493820
493818
231682
231680
493836
755993
231697
493840
231710
231715
231719
231718
756002
756000
756007
493877
756024
493876
493872
493887
231738
231741
231754
756058
493905
493904
756053
493924
231783
756077
231787
493933
231795
756083
231802
493950
231811
493958
756104
493955
493954
231822
493974
231824
231831
756115
493983
756143
756142
756140
493999
231851
756131
756132
231862
231866
756145
494011
756149
756148
756170
756169
231878
756172
231882
494027
756178
231906
494051
494049
494061
494057
494056
231921
231924
231934
494086
231941
756226
494090
494088
756249
494098
231963
494105
494104
231972
231979
494122
756280
231995
231994
756274
494149
756303
232007
756300
494154
756292
494166
494160
232030
232038
494177
494176
232045
756336
756343
494215
232066
494211
756354
756376
494227
756381
494239
494235
494246
494244
232104
494250
232110
756389
232120
232124
232129
494272
232139
232142
232147
232155
232159
494310
494314
232179
232180
232184
232190
232198
494337
232196
232203
232211
494359
232214
232220
232229
232233
756517
494387
494399
494395
756534
494411
232268
494418
494417
756572
494424
232289
232288
232307
756601
232311
756604
232315
232319
232318
756621
756613
756635
232342
232341
494490
494489
756651
756649
756654
232356
232363
756643
232362
494506
494517
756665
494513
494524
494523
756663
756675
494550
756691
494552
494564
494563
756706
756731
232440
232448
494606
232462
232475
494624
232484
232491
756770
232489
232493
494647
756785
232504
494660
756815
756803
494671
232520
494664
494677
756823
232543
232542
494682
494680
494693
232544
494688
232554
494702
756832
494711
756859
494708
494705
232564
232570
494717
232573
756874
494726
756878
756877
232581
232585
756864
756871
494743
494742
232593
494741
756888
756894
494750
756881
232605
494758
494756
232615
232619
494763
494762
232621
756900
232620
232626
232624
232629
494782
494778
232636
232643
232641
232640
756942
494786
756941
494795
232652
494806
756959
756946
494808
756970
232674
494820
756972
494816
232684
494839
756985
494834
756979
232699
756983
494853
232715
232714
756992
494858
232718
757022
494872
494886
494888
232755
494899
757067
494916
232775
494913
232772
494927
232776
494922
757081
757080
757085
232797
494948
494967
232818
757111
232828
757108
757131
494982
232833
494980
232843
757147
232849
494994
232857
757163
757162
232865
757160
495011
495010
495023
757153
757152
757156
495031
757181
495039
757173
232892
495046
495044
757187
757185
495050
757214
757202
232920
495066
757205
757204
495075
232936
495081
495095
757246
757244
495102
495099
232959
495097
232956
232962
757256
495119
495118
495115
495127
232979
757279
495122
232980
757276
495120
757268
495142
757294
757293
495148
757304
757296
495163
495174
233025
757314
233034
757339
233046
757341
495184
495194
495203
757356
757345
495211
495210
495223
233075
495222
757366
233086
495224
495235
233100
495254
233115
495259
233127
233130
233132
757438
233142
495293
495292
233150
233148
757428
757449
495311
757440
233167
233166
757469
233178
495322
495335
495332
233195
757479
233197
495350
757498
233219
233217
757513
233221
495360
757511
757523
233240
495385
233251
233248
495392
757548
233252
233259
233258
233263
495402
233261
495415
233265
495413
757565
233274
495421
495426
233291
757569
233299
233298
495445
757598
495452
233304
495450
495460
757608
233319
495458
233318
233323
495471
757602
757600
495467
757607
495466
233330
495477
495484
495480
495495
233351
233348
495503
233363
757659
757658
495508
495507
233364
233371
495517
757672
495523
757676
495535
233387
233386
757665
233395
495542
233393
495550
233400
757686
495545
495554
495575
233424
495570
757726
233428
495582
757714
495578
233438
495576
757743
495596
757734
233459
495615
757747
757751
495608
757770
757762
495627
495638
757790
757777
495643
495640
233507
757800
233515
233514
233512
495657
757819
233522
757820
495676
495674
757812
757834
233541
495680
233540
757826
757849
757842
495710
495707
233570
233572
233577
495722
495735
757882
495731
233589
495729
233595
233592
495748
233607
233611
495767
233616
495760
495774
495773
757910
495782
233639
495776
757932
233655
495803
757942
495813
757960
495812
233678
233677
233680
495828
757983
233684
233689
757969
233688
233697
495855
757990
495862
233719
233721
495873
233739
758019
495885
495882
495881
758043
758047
758032
233760
233770
495917
758049
758054
495912
233778
758072
495921
495934
495930
758095
495937
758082
758104
495966
233829
495968
758115
758114
233833
758113
758112
758119
233837
758139
495991
495990
233849
495994
496005
233870
758149
233868
233874
758169
758174
758161
233890
496038
758186
758188
496057
496064
496079
758211
233928
496076
758208
233934
233933
496087
233943
758225
233959
233963
758241
758268
758262
233987
233985
496132
233997
496144
758295
234013
758313
496171
758330
496180
758332
758320
496187
758324
758338
758336
234056
234060
234064
234070
496208
234077
234082
496230
496229
758376
758383
234087
758393
496245
234096
496244
234100
496240
758384
496250
234123
234121
758404
234131
758425
496276
234133
758428
234139
758419
234137
758443
496291
758433
758439
234157
496297
496307
234165
758451
758450
234168
496313
234179
496324
496322
758478
496335
758470
234188
234195
758488
234201
758481
758480
496345
496359
496367
758503
496360
758523
234226
758525
496382
496378
496391
758539
496390
496398
496406
496400
758556
234267
496408
234273
496421
496419
234279
234283
234280
758566
496436
758584
234298
758581
496440
234300
758602
496457
496464
758612
496486
758633
496480
496491
234349
234352
496508
496505
496519
758667
758671
234372
234379
234389
496529
496542
496541
496546
234411
234409
758715
758714
234421
496570
758710
234434
758729
496579
758723
234443
758724
234450
234448
496595
234454
496607
496605
234461
234460
234466
234464
234472
496627
758792
496644
496655
496654
234504
758784
496651
758788
496661
496671
496669
496667
496666
234525
758805
234528
758816
758822
234546
496692
496690
234549
758835
234560
496726
758877
496720
234593
234598
758894
758887
234610
234614
234612
758908
496766
758896
496762
758923
234624
234633
234638
758917
758938
496787
234647
758942
496785
234654
758954
234662
758951
496810
496830
758967
234686
758964
234691
496833
496846
496845
234704
234712
496858
496856
234724
234728
759008
496872
234742
759038
496880
496889
759048
759054
496909
496917
496913
759069
496922
496921
234781
496934
234784
234788
234807
496947
759090
759088
496965
234823
234825
496982
234838
496977
496990
759127
234851
759146
234849
234854
759139
759142
497001
234867
759161
497011
234868
234882
759176
759182
497038
497033
759192
234907
759211
234914
497060
759215
234918
234925
497064
759204
759228
497086
234942
759221
234940
497080
759238
497098
759237
497111
497107
497105
759248
234974
497112
497125
234981
759266
497134
234991
234990
497143
759289
497141
235001
759280
235006
497146
759284
759305
497167
759298
235021
497172
497181
235047
497187
497193
497202
235062
497214
497213
497209
235068
759373
497226
759386
497240
759380
235108
235115
235117
235127
235133
235136
497284
759428
497300
497296
235163
759442
235161
235160
759447
235166
235165
497304
497318
759462
235192
759479
497336
235203
759499
497345
759490
759488
235218
235221
759517
759504
497370
497369
235234
235246
497397
235248
235254
759548
759542
759561
235270
759555
759553
759557
235280
497428
497426
759582
759568
497435
235292
759595
497447
235296
235305
235311
497462
497461
235322
759605
759626
497475
497503
235356
497496
759663
235365
497504
235371
235378
759664
497530
235388
497528
497543
759689
497541
497540
497537
235407
235406
759706
497558
497555
759703
497563
235421
235420
497568
497578
759739
497588
235447
497584
235455
759759
759747
759746
759751
497610
235472
759762
759761
497627
497626
235491
235493
759789
759778
497644
759781
497654
497653
759801
235504
759806
497650
759795
759792
235516
497669
497665
759820
497674
759837
759827
497702
759848
759855
497708
497723
497721
235587
497731
235589
235588
497737
235596
497749
235605
497759
235611
759893
497764
497775
759904
497772
497771
235634
759930
497777
759932
497790
759920
497786
759949
235656
235663
235664
759965
235678
759981
759968
235694
235698
497844
759999
759985
235712
760015
235718
497868
497877
235733
235738
497883
760043
235749
760044
760038
760058
497909
235767
760063
497906
760062
235764
760073
760076
497941
235798
760083
497949
235800
235805
760105
235817
760126
235830
235829
235835
497981
235833
497979
760118
235837
497977
235843
497989
235841
497987
235845
235852
235863
498013
498011
235869
498020
235878
235877
760162
235887
760164
235890
235889
760179
760176
760182
498041
760200
760195
760196
235926
498081
498094
760224
760228
760254
235957
760252
760246
498105
235968
498127
760283
760287
498131
498130
760272
235992
760298
760302
760300
498159
498157
236017
760319
498162
498161
236020
760308
760330
760335
236036
498176
498191
236055
760337
760341
498214
498210
498209
498230
236082
236081
760376
236080
236086
498226
498236
498232
760398
236101
760396
498255
498254
236104
498252
236113
236123
760403
760401
498278
760425
760420
498295
760440
236155
760434
760432
498297
498307
498314
498334
236190
760468
760490
236193
498350
760481
498346
236204
498359
498358
498366
236227
498374
236225
498368
236236
760541
236245
236260
236266
236265
760550
498409
236274
498420
498418
498417
498416
498429
498439
236294
236293
760588
236297
236301
760600
236311
498448
236315
498463
236319
498468
236334
498487
236338
498483
760639
760625
498492
760631
236349
236348
498488
760648
760643
236366
498519
498517
498516
760664
760659
236377
236387
236391
760687
498531
236407
498559
236412
236419
498565
236416
760716
760704
236430
236433
760734
760720
236446
760746
498598
236450
236449
498595
236463
760743
498602
236462
498613
760766
236480
498626
760780
236498
498645
498644
498640
498655
760784
498651
498650
498670
498679
236529
498675
498689
760839
498696
498711
760858
498708
498705
760860
236564
498704
498717
760853
498723
236583
498722
498728
498743
498740
760883
498747
498759
236610
498756
236613
760909
760899
760896
760901
236620
236628
760924
236638
498791
760936
236647
760935
760934
760932
498805
498803
236663
498802
760948
760971
498820
236678
760961
236687
760965
760987
498838
760991
498832
760979
236707
498863
498860
236719
498856
236722
498866
761020
761009
761014
236739
498886
761024
498891
761028
498917
761058
761082
761084
236792
236797
761076
498951
236802
498946
761089
236816
761104
761110
761109
236834
761129
236837
761132
236841
498986
498984
498994
499001
761141
499014
761162
499013
236871
499023
761158
761157
499039
761170
236888
236898
761192
236896
499044
236900
761187
761190
499057
761202
236926
499065
761205
761204
761229
499085
761221
499092
236950
236949
236954
499102
761238
236963
761258
761256
236967
499116
761273
499121
499134
236986
236984
236991
499131
761270
236989
236995
499136
236996
237002
499158
761305
237008
761310
499171
237031
237030
761312
237039
761316
499188
761342
761332
237052
237059
237066
237065
237071
499208
237075
237084
499234
761390
237093
499246
237106
237104
499250
761393
761392
761418
761417
499267
237126
499283
761439
237142
499282
237140
237147
499290
761453
499296
499310
237160
237171
761469
237172
237178
237177
499321
761486
761473
237196
761497
499345
237211
499355
237220
499372
499368
761529
499381
237238
761532
237241
499389
499388
761525
499385
237251
761547
499398
499397
237253
761548
499402
499415
237275
237274
499420
499418
761582
499447
237296
499455
761589
499459
499457
499466
761604
499464
761624
761616
761623
499482
237347
237353
499501
237357
499497
499496
499508
237360
237364
761650
499518
237368
499515
237374
761652
237378
761677
499537
237406
499544
237410
237409
499557
499554
499553
499562
499561
499573
499572
499571
761724
499586
761758
499600
761756
761744
237475
499619
237478
761772
499627
761786
237492
237496
237503
237506
761795
237513
761798
237516
237521
499679
499675
237540
237547
761824
761831
237549
761849
499698
237563
237567
499705
237573
761868
499726
761862
237582
237581
761860
237587
499730
499728
499757
761895
761893
499766
237630
761930
761929
499789
237640
237645
761924
499795
761948
237652
237658
761938
761942
761941
237669
761957
761977
761980
761969
761974
499833
237699
499846
499845
499842
237701
499841
761985
499850
237713
237721
762007
762027
762025
237735
762031
499873
237733
237736
237742
499892
762047
499888
762057
237766
237764
237773
499924
762076
762065
499932
499928
237797
762080
499957
237809
762110
499981
499980
237839
237838
762139
237842
237845
237844
499999
762159
500003
762150
762169
237878
762163
762162
762161
500024
500035
237895
500034
237896
237905
237910
500049
500059
237917
762196
500056
237923
762216
237929
237934
500072
762237
500080
762231
762250
762253
237957
237963
237961
762247
762244
237970
237968
237982
500130
762277
762299
762296
500148
762312
238023
762307
238024
500170
238035
238038
762334
500176
238041
238047
238048
238055
500214
238065
762357
238083
762383
500226
238085
500225
762380
500235
762374
500232
238092
762395
762392
500244
500243
238106
500252
238111
762400
762407
762406
500266
762429
238133
500272
500286
238137
238140
762442
762440
762447
762438
762456
762462
500305
238170
500316
500312
500327
762479
500321
238198
500336
762481
238200
500356
238212
500352
238219
762503
238221
500374
762522
238231
238243
762539
500387
238244
238250
238263
238261
762556
500413
762544
500422
762575
500416
762563
500430
238285
500436
762590
762579
238298
500445
762576
238306
762601
500451
762606
238309
238315
500462
238312
500471
762618
500476
238335
238338
500486
238336
238347
500494
762626
238350
762630
762628
762655
500498
762654
500511
762641
762640
500519
762664
500520
762660
500534
238386
500541
500539
238399
762676
762698
500552
762716
238429
500582
500581
762728
762723
238442
762722
238440
238450
500607
762739
762738
762737
762740
500600
238460
238466
762760
762767
500618
238476
500625
238484
500646
762792
500655
238507
762791
238519
238527
762806
762830
238534
500673
500686
762816
238549
762845
762832
762839
762861
238564
500704
500719
500716
238574
238572
238577
762879
762864
762893
762887
238606
762904
762910
762908
500763
238622
238621
762901
238620
238627
500780
762919
500787
762942
238650
500806
500803
500802
238667
500813
762944
238664
238675
238672
762975
500816
238682
762961
238686
238684
762990
238693
238692
238697
500855
763003
763007
763006
238719
238717
500867
238725
763009
238739
763036
500891
500902
763054
500897
238762
500908
238760
763071
763068
238783
500923
238784
238792
500940
238799
500937
500950
763096
238804
500959
763090
238808
763095
238812
763114
238823
500962
763116
500974
763111
238830
500970
238829
500968
763129
238832
763135
238839
238837
763122
238851
500995
763138
763137
763142
501015
501014
501011
763183
501039
763174
238907
501059
763203
238920
763204
238942
501095
501093
763247
763233
238959
501099
501098
238956
238961
238971
501118
238969
763255
763275
238978
238985
501131
501129
763269
501142
763283
501150
763280
501144
239011
239010
501156
501155
763309
239016
763302
501172
239035
763317
239041
763342
239045
763341
763334
239059
239062
239066
763344
763350
501210
239068
239079
501218
501226
763364
501224
239094
763390
239093
501252
239118
501268
501267
501266
501265
763415
239138
763439
763426
501302
501301
239159
501298
501297
239156
239182
239181
501331
501330
501343
501337
763477
501347
763491
239209
239208
501354
239213
239217
239223
763508
239228
239235
501383
763530
501386
239245
239254
763549
501392
763543
239263
763563
501410
501419
239279
239281
239291
501445
239297
763592
763585
763591
501448
763609
239312
239316
763601
239331
239335
763619
239337
763643
501502
763633
239358
763637
763659
239369
239372
501537
501551
501548
763708
501564
239422
501574
501573
763727
239439
501578
239438
763718
239437
501576
763738
763737
501589
501599
501598
239454
763734
239456
763758
239461
239467
763749
239474
763769
501619
763762
763764
239489
239494
763779
501647
501640
501660
763799
501658
239517
239516
239523
763818
239521
501669
501677
239528
501676
501674
501672
501687
239538
763832
501684
763839
501683
239540
763825
763831
763830
763849
501709
763847
501713
501723
763861
501720
501731
763872
501740
501739
501736
501751
501749
239601
501744
763895
501754
239613
763917
763907
239624
501770
763935
501778
239636
763926
239649
763944
501795
501793
501806
501805
239662
501802
239666
763966
501808
239668
239673
763976
239686
239685
501824
763973
763994
763993
763996
239710
501848
239723
501869
764000
764027
764026
501877
501873
764017
764016
501880
501895
239747
764032
239752
239758
501896
239767
764063
239775
239774
239773
501925
764078
764077
501920
764068
239793
239803
501949
501948
239806
501958
239809
501956
239815
501954
501967
764096
764100
501974
501973
764127
239830
501969
501982
764114
239836
501988
764143
764141
501994
239854
764133
239852
239856
502002
764158
502001
502015
239871
239870
764150
239874
502020
764174
502027
239889
764191
239893
764203
764206
764204
239914
502060
239919
764219
502065
239931
502076
239938
764234
239941
764226
239946
502093
764252
502096
764244
764271
764258
502134
502131
502130
764279
502151
764295
240014
764313
502172
502170
240030
240035
240034
502177
502186
502198
240048
502205
764341
502213
764366
502210
240070
240068
764354
764352
240072
240082
240095
240102
502240
764386
764385
764389
764409
240122
502270
502269
240126
240125
240124
764427
240129
502285
764422
502281
240141
502292
240149
502289
764444
502302
502311
240160
764456
240167
502305
764460
502314
240174
764475
502326
764479
240180
240187
502329
502340
240199
240207
764486
240215
502354
764509
502367
764498
502375
764525
502377
240247
764543
240246
764531
240255
240256
502402
502415
240275
502420
764563
502438
764585
764588
764579
764578
502454
240304
502451
240308
764617
240321
240325
240329
502487
764635
240342
764627
240345
502501
764655
240358
764645
240365
764667
240369
240377
240390
764685
240393
764691
502552
240418
764713
502561
764705
240425
764709
240438
502578
764723
240447
502599
502598
240449
764744
502596
502605
764736
240463
240460
240469
764756
764776
240485
502637
764772
764794
240497
502641
240510
764809
502659
240517
764807
240525
240524
764804
502679
240529
764824
240536
502682
764840
764847
502698
240557
764857
240568
502726
764872
502723
764878
764894
240607
502745
764884
240604
764906
240622
502762
240630
764924
240634
764913
764919
240643
764943
240646
240645
764953
240669
764968
240676
240685
502837
764991
240696
765005
240712
502860
240718
502871
240722
240727
240726
240724
502879
502873
765034
502884
765037
765036
240751
502903
765050
240754
765053
240775
765069
765068
240779
765080
765087
765085
502942
240794
240792
240803
240800
240815
765117
502961
765105
502972
240828
502982
502981
502989
502996
765148
240857
503003
240861
240866
503010
240876
503027
240885
240891
765168
240888
503033
240907
503051
503050
240909
765210
503060
765208
503059
240921
765200
503067
765204
240931
765229
765217
765223
503083
503082
503080
503093
240944
240951
765244
503097
765263
240967
503105
503119
503115
503112
765266
765264
765271
503131
240998
765287
241007
503159
765311
503154
241018
765303
241022
241026
503169
241039
241036
503186
765340
765335
241053
503193
241052
765352
241067
503215
503214
765351
241068
241079
765372
241081
765361
503226
765366
765365
503238
765389
503247
503245
765402
503251
765394
241116
503267
503279
765408
503276
241137
503283
765436
241147
765455
503296
765440
503305
503315
241179
765458
503325
503320
503333
503331
765486
241192
765499
765496
503346
241205
241204
503354
503352
765514
241223
503374
765510
241233
241241
503386
241251
241255
503407
765567
241271
241275
765553
503418
765557
765578
765575
503433
241303
503454
765586
503453
765589
241315
765601
503464
241331
765625
241335
503475
503484
503482
503495
503494
765641
241349
241357
503507
241367
241366
241364
765648
503535
241387
241385
503533
765689
241397
241401
503544
503553
241426
503572
241430
241429
503583
765739
241440
241444
503598
241454
765732
241458
765753
241457
765752
503600
765756
241471
241470
503609
241479
241478
503617
503629
765784
503645
241506
503652
765806
503650
241515
241526
765821
765820
241534
241538
765832
765838
765848
503706
765845
503715
503742
765872
241592
765877
241596
241603
503750
765897
503744
241608
765914
241625
765910
503768
241634
765929
503781
241637
241646
765944
765949
503807
241661
503823
241677
765976
503827
765980
765969
241696
503844
241703
241701
241700
503840
503855
241711
503851
765989
766010
766005
503864
766026
503877
766024
766031
503875
766029
503872
766028
241739
503884
503881
766042
503893
503892
241755
241752
503910
241767
241766
766062
766051
241775
503914
241779
766077
241791
766090
503941
766093
503937
503950
503957
241809
766104
766111
241813
503964
766103
503972
503971
766114
766113
766142
503997
503994
766158
766148
504022
241879
766173
241877
241881
504027
241890
766185
766184
241898
241896
504051
241910
241913
504061
504060
766199
504071
504068
504079
504078
241935
766215
241933
504073
504087
241937
766233
241942
504081
504095
504093
504091
241948
766249
766252
504110
504105
504104
241969
504121
766287
241988
766284
504151
766298
504145
766291
242009
504157
504156
504166
242022
766317
766316
504160
504174
766331
242034
504180
766333
504176
504187
242051
766344
504195
766349
766339
242058
242057
766342
504201
504214
766361
766360
242074
504222
504220
766352
242072
242078
242077
766357
504217
766356
242082
766377
242099
242096
766397
504255
766385
766410
504261
242118
766412
766407
504274
766429
766418
242136
242142
242141
504281
242151
242152
766438
504308
504304
242170
766449
766475
766473
504325
504324
766479
242182
766467
242185
766471
766492
504336
766480
242200
242206
504344
766498
504362
504361
242221
504360
242233
504377
242241
504393
504407
766547
242267
242265
504411
242270
242275
766562
504429
766564
766585
242289
242295
504434
504446
766576
242296
504442
242301
766581
766580
504454
766602
242306
504452
766605
242315
504462
242312
766610
504477
766635
242343
766628
766651
766649
242359
242362
766666
766664
242380
504531
242397
504536
504551
504547
242405
766693
242412
504566
242417
242423
766717
766704
766709
242428
504583
242432
766728
504576
766722
504587
504584
242450
766745
504596
766751
504593
766737
242462
242474
504618
504616
504639
504634
242493
766772
242499
766793
242500
242506
766785
242504
504652
242510
766809
504657
242520
766800
242527
242526
766830
504672
242542
766820
504689
242555
766835
242560
766863
504706
766861
766860
766853
766875
504725
242576
242581
766877
242587
242584
504731
242589
504729
766895
504750
242600
504746
504745
504744
242615
242614
766909
766903
766902
504769
766913
504788
766941
504796
242660
766946
242670
504820
766973
242683
766961
504838
504834
766990
242692
766978
766981
766980
504863
504858
504867
767023
504865
767008
242728
504876
767015
242734
242739
504884
242740
767036
504895
504891
767029
504903
504902
242752
767055
767053
504907
767047
242765
767067
242775
504914
767069
767068
767056
767063
504921
504935
767087
504930
242798
242803
242806
767100
767091
504966
242818
504965
242823
242826
504968
767131
767121
242846
504998
504996
504994
767149
242853
242856
505000
505015
505014
242866
242870
242869
767164
767154
505021
505019
505037
767173
242898
242908
505059
242918
767212
767202
242922
242927
505066
242925
767204
767227
242929
505086
242937
505084
505080
242951
767235
242954
505098
505097
505105
767260
767251
242968
242975
505114
767253
767272
767279
767277
767266
242985
242991
505130
505128
767286
767304
767310
767298
505162
243025
767321
505183
505177
505190
767334
767353
767345
243065
505213
767368
767363
243083
767367
505226
243084
505238
767390
243100
767380
767400
243113
505270
243126
767414
767433
767439
505281
243145
767430
505290
767429
505303
767451
767454
505296
243156
243161
243160
505308
243170
505317
505315
767468
505327
505326
243178
243181
505331
767485
505343
505341
767472
243198
505338
505337
505336
767502
767491
767494
505361
505373
767511
243230
767529
243233
243232
767522
243249
243256
505402
767541
243264
767567
767566
505423
505422
505419
243280
767576
767570
767569
505435
767572
243297
505443
767599
505441
767587
767585
767584
767588
767614
505457
243317
505456
243323
767600
243327
505465
767626
505486
767617
505485
505492
767647
505489
767635
243363
767662
243366
243364
767660
243376
767679
243382
767678
505534
767671
505548
243409
243422
505562
505570
767725
505581
243432
243439
243438
243447
243453
505604
243463
243471
505617
505627
243484
505624
767787
767786
243494
243493
505644
767802
243504
243511
767804
505663
243515
505668
243526
243525
243524
767820
243531
243529
767812
505672
767839
505680
505693
243548
505703
243554
767849
767848
505697
243566
243564
767864
767869
243577
243584
505750
243601
505747
243604
243611
505758
767888
767895
767894
505764
767918
767904
767931
767929
243633
505776
505786
767947
243649
243648
505807
243658
505803
243660
767952
505820
243683
767978
505830
767977
505827
767969
767968
767974
505844
767986
767985
767989
505848
768011
243719
768012
505879
505875
243732
505882
768046
243755
505902
768039
505907
243766
505905
243765
243764
505912
243779
243787
768065
505933
243784
243790
505939
505938
768094
505944
505957
768110
243819
505963
768101
243820
505974
768112
243837
505976
768139
768136
505988
505987
505999
768133
768153
243856
243862
768157
243867
768146
506010
768174
768172
243882
768161
243884
243891
768184
506035
506034
506032
243896
243903
243907
243904
506063
243914
506061
506059
506056
768219
768223
768221
768208
243934
243938
243937
768238
768237
768227
243955
243953
506100
768254
768253
768243
768241
768240
506107
506105
768264
243972
768281
506130
243990
243989
768278
243997
768276
768297
768302
244008
244018
768312
768318
506175
244026
768311
768309
506168
768334
244043
506184
244044
244054
506192
768348
768337
244062
506220
506226
768371
244090
244094
244099
506247
768399
506254
768386
244104
244110
768389
506249
244113
244118
506256
244126
768405
244125
768404
244124
244129
244133
244138
768440
244154
768432
506299
768436
244165
506305
244170
768449
244169
506313
506312
506327
244177
244176
244187
506334
506332
768470
506342
506339
768495
768493
506350
768481
506358
244209
768501
506383
768513
768536
506385
768540
768528
506394
768555
244271
244275
244279
768574
506437
768585
768590
244292
506447
506445
244303
244301
244306
244313
506471
768616
244326
506466
768621
768611
506478
768608
768615
244338
244347
506492
244353
768653
768644
768665
506514
506524
244391
506551
244405
768690
244409
768688
506565
768705
506569
506581
244442
768726
768747
244456
506600
506609
244468
244474
244472
768758
506628
244486
506638
768775
506635
506634
506633
768795
506640
244500
506648
768810
768808
506658
768814
244518
244522
768801
244531
506678
768824
506676
244534
244532
244543
768822
244548
244557
768836
506710
768863
244570
506717
768848
244575
506714
506712
506727
506725
506723
506720
506734
244586
768864
244584
768868
506728
244595
506739
768894
506738
244598
506750
244600
768880
244607
244606
506755
506763
244622
506760
768900
768927
506770
768925
506781
768917
768916
506788
244644
244650
506798
506796
768933
244659
506804
768947
768946
506809
244669
506808
768968
768975
506816
244683
506824
244695
244697
506844
506843
768983
768980
506849
244713
768993
244712
244721
769020
506877
244737
769039
506880
769036
244747
769026
506891
506902
769053
506918
506917
244769
769071
769068
506923
506934
769098
506950
769102
769090
769094
506967
769117
506960
506972
244829
769108
769130
506980
506978
769133
506991
769121
244841
769120
506984
769146
769145
506993
769141
507009
507008
244868
769153
507016
507029
507028
244891
507037
507033
507032
769192
244902
507040
244907
244906
244904
244911
507048
244915
244914
507061
769208
244912
507070
507067
244926
507076
244934
769230
769229
244932
769221
507081
507080
244946
244945
769244
507102
507100
769232
769239
244960
769262
507106
244972
244979
244977
507124
244983
507121
244996
245006
769304
507156
769311
769309
245019
507165
245016
507163
245020
507170
245029
245034
507180
507177
245049
245054
245052
507192
507207
507202
769357
507200
507220
245079
507216
245083
769385
245093
769389
245092
769379
507240
245105
769401
769393
507257
245116
507268
769409
769413
245132
769436
769427
507293
769424
507303
245155
769449
507301
507307
507317
507315
507314
245174
769469
245172
769463
245180
769483
769481
769487
245190
507340
245199
769503
245207
769502
245209
507353
769515
507366
507365
507363
245221
245220
769507
507371
245229
245228
245235
507382
769528
245236
769520
245249
769549
507392
245259
769537
245261
769540
507414
507421
769552
507417
769557
507416
507431
507427
507436
769575
769574
245301
507440
769584
245315
507460
769615
245327
507467
769606
245326
507476
507475
507486
245337
507495
507494
769647
245351
245357
769637
507497
507505
507504
245364
507519
769648
507527
769673
507521
507535
245391
507530
245393
245399
507546
245404
245408
769704
769710
507567
507566
769703
245427
769723
507574
245425
769720
507571
769724
769717
507577
245436
769739
769736
769743
769740
507597
507593
245463
507603
507611
245469
769771
245473
507617
245487
245486
769765
769784
245493
507633
507632
769779
507645
507643
769780
245505
245504
769804
245519
245518
769798
245516
245521
769816
769821
769811
769808
245532
769839
245546
769824
507691
769853
507707
507717
507713
769858
507725
769856
507735
769887
769873
245593
245599
769878
245607
507753
769913
245620
507775
245626
507772
769908
245635
769931
245633
507778
769934
507776
769923
769920
507786
769925
769947
507798
507795
769950
507793
769948
245667
769957
507831
245683
245681
769977
507838
507846
245696
507853
245704
245711
770008
245719
770013
507856
507871
245726
770026
507875
245734
770019
245743
770021
507880
770042
770045
245749
245755
507901
507898
245763
507907
770061
245771
770050
245769
770048
770055
770054
507913
507925
507924
507921
770076
507935
245785
245790
770090
507942
507936
770092
245815
770108
770103
770127
770115
245834
770117
507991
507989
245845
507996
508007
245859
245857
508004
770157
508000
245868
508021
770168
508027
508025
245884
770185
508037
508036
245907
245908
245918
770197
770223
508079
508077
245935
245933
508087
245937
508084
770238
508080
770224
508103
245952
508109
245965
508116
508125
508134
770274
770272
508138
508137
770277
770276
246003
246001
508149
508146
246015
508167
246016
508161
508175
246026
508174
770308
508182
770322
508187
770327
246045
246059
508207
770338
770342
508202
508201
508214
770367
246074
246073
246079
246087
770380
246090
770374
246099
246102
246107
246114
508256
770407
246124
508279
246128
508276
246135
508285
508284
246154
246156
246163
508309
770451
246173
770475
770474
246177
508324
770479
508322
246186
508329
770468
770491
508337
246196
770499
770514
770517
246237
508377
770529
246255
770533
770559
770551
246274
770568
770573
508430
246281
508426
770585
770584
508447
246298
246301
246300
246307
508453
246304
246308
246315
508463
770592
770597
246326
246329
770615
246338
508485
770636
508492
770631
770647
508506
246370
770662
246381
770686
770673
246404
770690
770688
770695
508570
770710
508583
770730
770729
246432
508578
770733
508591
770721
246450
770745
246455
770738
508606
770741
770763
508610
770752
508631
508628
770776
770770
508632
246496
246502
770789
246508
246514
508661
770808
246522
246520
770806
770818
246542
770843
770840
770838
246557
246563
770861
246574
770853
246578
508723
246582
770876
246587
246584
508731
770870
246590
246600
246604
508759
508766
770897
770903
770927
770924
770915
246635
246638
770936
508784
770931
770934
246652
770952
246666
246668
770974
770973
246687
770979
508842
246701
770980
246716
770996
771012
508872
771025
246755
508902
771052
246763
771043
771069
508913
771068
246772
246779
508924
246791
246790
246799
508951
246807
771100
771090
508956
246817
508962
246820
246839
508978
246838
771134
771132
508985
771146
508996
246854
246856
771161
509013
771179
771177
509028
771168
246903
771197
509050
509049
509063
246918
771213
509067
509078
771226
246934
771217
246936
509083
509082
246942
771221
509094
509102
509109
509119
509118
771254
771253
509112
246986
509132
246992
247001
509146
247008
509165
771297
509164
771296
771303
771300
771325
509178
247036
247043
247050
247048
771353
247056
509203
771358
771347
771344
771351
247070
771370
771369
509219
771372
247080
771386
247095
771379
771383
509254
509253
509251
771419
509267
247126
771411
509287
247138
771433
247142
509293
247150
247149
509301
509299
509298
509306
771446
509304
509317
247169
509315
247174
771469
771468
509326
509322
771461
509320
247191
509330
771475
247194
247203
509350
247207
509357
771488
771492
771513
247221
771510
247239
509376
247241
509388
509387
771545
247253
509392
247252
771541
509414
771553
771557
771556
771579
247290
509437
247299
509447
247297
247302
509451
771588
247308
771614
247327
247329
247328
771628
771618
509493
247344
247354
509511
509507
509515
247374
247379
247376
771679
509523
247381
771677
247387
247384
771670
247396
771684
771709
509567
247423
247422
247421
771701
247432
509580
247436
247441
509585
771729
509597
247455
509592
509605
509615
771747
247470
771749
509620
247478
771773
247485
509637
771791
771789
247502
247500
771780
509654
247505
509652
771800
771798
247521
509669
771822
771835
509683
509681
509693
509692
771824
247551
771830
509688
509700
247558
771847
509704
771844
247574
509713
771868
509724
509735
771882
247589
509729
509743
771894
771913
247617
509763
509775
247627
509770
771908
771931
247634
247636
247643
771922
509787
771945
247653
247658
509802
247661
771940
771965
509808
771959
247682
509829
247687
247686
771993
247701
771991
247710
247709
772008
247712
772015
247723
772004
772028
772022
509891
772044
247753
509900
247766
509904
509927
247776
509943
509941
772088
772093
509946
772104
772111
247812
247817
772102
509960
247825
509971
247831
772125
772115
509976
247836
247842
247841
247847
247844
509984
509996
772134
772133
772153
772144
510008
247874
510021
247872
247880
510027
247890
772185
247888
772190
510047
247899
772177
247896
510041
510055
247905
772207
247918
510057
247917
510056
247920
247930
247928
510076
247935
510074
510073
772239
772238
772237
772231
510090
772229
510088
772249
772255
772242
510107
247965
247964
510118
247979
772263
510122
772287
772284
247994
247992
772279
772276
772303
510146
772301
510158
772295
248015
772292
772317
772316
772305
772311
510183
772326
248052
510192
248067
510215
248064
510210
772364
248074
772352
510231
510228
772370
248089
510245
248105
510250
510260
248118
510271
772427
248134
772429
248138
248142
510293
248158
248157
510297
248156
510309
772456
772451
248170
772448
772452
248177
772467
248187
510334
248184
248190
248195
510340
772494
772492
248202
248201
510359
772511
248213
510367
510375
248226
510373
772526
248232
510378
248246
510398
772528
510393
510403
772558
772557
248265
248271
248272
510425
248299
772581
510453
772606
248308
772604
772595
772594
772592
510460
772599
248318
248321
772623
772615
510482
510480
772624
510489
772628
772649
510501
772653
772665
772670
772668
772662
510533
510529
248388
772674
510541
510549
248401
248400
248406
772701
248411
248412
510567
248419
510566
772707
248431
772709
772731
510579
248438
772747
248455
248454
510594
772743
772742
510600
248466
510609
772778
248487
510627
248486
772771
248508
510665
510685
248541
772847
772832
248563
772863
772862
772861
248571
510715
772874
510726
248581
248587
772870
510730
772891
510742
510740
248592
772888
248602
772905
510756
248619
510766
248622
248624
510768
248635
772913
248647
772932
510806
248657
510812
248671
248675
510819
772974
772960
772989
248692
248699
772978
773002
510848
510862
772999
773018
510868
773015
510883
510889
510902
248763
773042
510909
773047
773044
248770
248768
248774
510913
510924
510943
773075
773074
248801
773094
510953
510964
248823
248822
510961
248826
510978
248845
773143
511002
248867
773161
773166
511021
248876
248883
773178
511029
511047
773192
773198
511052
248909
773210
248912
511059
511058
511072
511086
773216
773223
248942
773221
511091
248948
248955
511096
248963
248961
773260
511119
773249
773253
773273
511124
773276
248986
511132
248990
773291
773295
249005
511159
249008
511166
249016
511162
511161
249024
773325
511181
511178
249043
249051
249049
249054
249061
249064
511209
249073
511220
511219
249081
511229
511228
249085
511236
511235
249095
511247
773378
249102
773397
511271
511264
773420
773410
511274
511289
773451
511303
773448
773454
249160
249169
511317
773471
511312
511322
773461
773487
511329
249195
773479
249197
511337
511348
773503
249206
511346
249210
773494
249214
511354
249219
511367
511372
249230
249235
511382
511380
773534
249243
511386
249246
249244
511398
249258
773538
511405
511404
249261
773563
511423
773554
249273
511421
249272
511419
511418
773578
773583
511437
511436
249293
511443
249302
773591
773589
773615
249317
511456
511471
511470
249320
249330
511477
773629
511481
249347
249353
773633
773638
249361
773657
773661
249368
773652
249377
511523
249380
249390
511530
773668
249395
511556
773704
511555
773709
249412
773697
773725
511581
773719
249437
773738
249444
511599
511595
249459
249457
249461
249467
773746
773751
249475
773762
249481
249480
511627
249485
511636
511642
249501
773781
511648
773794
249512
249517
511670
249521
249520
249526
773820
249530
511678
511676
511685
249542
249541
773836
511692
511691
773829
511698
511709
773847
249567
249564
773871
249585
249589
511740
773872
249597
249603
249600
511759
249615
773895
249620
249625
249629
249635
249637
773927
511787
511786
511795
773949
511801
773940
773962
511822
773953
773952
773959
773958
249678
773957
773956
511831
773978
249690
773968
511836
249695
511834
773973
511846
249697
773993
773992
773997
773996
249707
773990
249710
773989
249708
511859
774015
249717
249716
249722
249729
249739
774022
511895
774043
511902
249757
511896
774036
249756
249775
249774
511914
511927
774072
249782
774078
511920
511931
511936
249807
249815
511961
511974
511969
511968
774114
249833
511979
249838
249836
511989
511986
511997
512002
774158
512000
249871
512017
512016
512031
512030
774162
774160
249885
249890
774185
249895
512047
774179
512044
774176
774183
774180
249907
512053
774201
774206
249909
512058
249917
774217
774223
774209
249928
249939
774235
249937
249942
512080
774224
774228
774250
774253
512097
512111
774241
512107
249966
512117
249969
249968
512113
512127
249978
512124
512123
249982
249986
249985
249990
512143
249993
774279
774277
250000
774302
774291
774294
512167
774314
250017
250016
774310
774308
512168
512180
774328
774334
250042
512186
774345
512192
250063
512214
250069
512222
774356
512216
774379
512239
512237
774373
774395
512246
250104
250111
512259
250139
250138
512284
250143
512280
774447
250149
512302
512298
512310
250162
774460
250168
512315
774454
512326
512320
774467
250186
250184
774464
250190
250188
250193
512336
774485
512365
774502
512361
512360
774521
250229
512382
774513
512378
774518
512377
250240
774536
250248
774532
774555
512413
512412
512419
250278
774572
774562
512428
512447
512444
250303
774601
774606
250326
774621
774620
250342
512493
512492
250351
250349
512489
250348
774643
512511
774642
250366
774645
512504
774667
774665
774664
250375
774671
774670
774669
774656
774680
774686
250389
512542
250396
774703
250404
512557
774715
250419
250418
250427
774706
512573
512571
250443
250441
512585
250451
774747
774748
250462
512611
512610
774765
250475
512622
774783
250489
512632
774793
774799
774796
250508
774815
774813
250517
774812
250521
512676
250539
774843
250550
512689
250555
774835
512711
774857
512709
774856
774862
774861
512717
774876
512733
512730
250589
774891
512738
774905
774896
250625
250646
250645
512785
250644
774929
512796
250655
512803
250661
512800
250660
512815
250665
512812
512819
512818
774974
250677
512816
512831
774960
774967
774966
774990
250694
250697
774983
512840
512853
512850
774992
250729
512875
512882
250740
250747
512894
250750
250762
250761
775041
512913
775056
250780
250785
512930
775075
775074
250793
775072
775078
250797
775097
775100
775089
512965
775119
775107
250825
250830
250828
250833
250838
250840
775120
250845
512998
512996
512995
775149
250857
513015
775166
250869
775164
775152
250882
775176
250887
775182
775180
775170
250894
513034
513032
513046
775193
775187
250905
250909
775208
775212
250923
513070
250924
250931
513079
513087
513086
775218
250938
250940
513095
250947
775242
250951
250955
513103
513102
250958
250957
775257
250961
775256
513105
775251
513126
250987
250990
775280
775306
513153
513166
513165
251016
251021
251020
513174
251025
513171
251028
251047
513187
775340
513184
513199
775330
513195
775333
251057
251064
775350
513222
513217
251076
775372
775362
775367
251085
513239
775387
513238
251088
775383
775381
513240
775403
251106
775407
251109
251112
513256
775419
775416
251127
251126
513283
775437
251149
251148
775451
251154
513310
251166
251170
775469
513312
513327
513322
251190
251195
513343
775474
513341
251198
251197
251205
775490
513356
775515
513362
775517
775507
251227
513373
775531
513378
775532
513391
775521
513399
513397
251248
775550
251253
513404
775540
513412
251264
775565
251275
251274
775553
251279
775580
251291
775569
513433
775594
775599
513440
775585
513452
251308
513461
775601
251326
775606
251330
251328
251335
775631
251332
775628
775619
513483
251340
775641
775640
251355
775637
513511
513509
775656
775663
513507
775650
513516
775648
775679
775665
513532
775689
513538
775684
251411
251419
251423
775722
513569
251435
775718
251437
251444
775730
251448
775728
775734
251459
775754
251462
251461
775746
513613
251477
775763
513625
775764
513639
513635
775778
775782
513642
513651
775819
251527
775808
775815
251534
775825
251544
251551
251550
513702
251558
513697
775852
513709
775869
775868
251578
513726
251582
775887
775879
513739
775898
251606
513745
513758
513761
775907
775904
775928
513779
513791
251644
775945
251649
251654
251660
775967
513821
775957
251683
251687
775982
251691
775969
251695
513833
251693
251696
513841
513855
775986
513848
251726
513877
776024
251728
251734
776019
251739
776022
513881
776020
251740
776041
513890
776034
776038
513896
251767
776060
776051
251768
776052
776075
513920
776065
776068
251797
776092
776087
251806
251810
513957
251815
776096
513974
776112
513979
776134
513993
251857
776158
776145
776171
514019
251883
514031
514030
251880
514025
514024
251890
776185
251894
251903
514049
776195
514057
776219
776216
251926
776214
514072
514082
251951
776229
776251
514098
776253
251963
251964
514114
251973
514121
251981
251999
776301
252005
776290
514156
252012
776306
252026
252024
776335
514178
514177
776321
252044
514184
514199
252053
776348
776339
252056
252060
514200
514215
514209
252078
514231
252083
514229
514226
776382
776381
252089
252094
252099
252097
514244
514254
514253
514249
252108
776411
252114
252119
252127
776405
252125
252124
252131
252128
776431
514274
776419
514283
514295
776442
776447
514297
776449
252174
776472
514331
252188
252195
252199
514337
514356
514353
776509
776503
776502
776526
514377
514376
514389
776536
514386
252244
514398
514393
776559
514408
776548
252275
776569
776574
776572
252276
514430
252280
776564
252291
776586
514434
514433
776578
514443
514442
514450
252309
776604
776593
514456
514466
252330
252329
776608
252334
514487
252338
514484
776637
514494
514492
776655
514496
252362
252360
252367
514515
776670
252373
514524
514522
514534
252384
252388
514542
252401
252413
252419
514574
514568
252433
514586
514598
776746
252450
514597
776751
514604
776736
252463
252460
252464
514611
514610
514623
776777
252480
514628
252484
252495
252494
776787
252510
252513
252519
776807
514678
514687
776845
514703
776856
776861
776875
514735
514741
776895
776907
776904
776910
514753
776908
252619
252623
252626
514771
776924
514783
514782
776913
514780
252637
776916
252641
514787
776941
514798
514796
252657
514800
514814
776946
776944
514808
514824
776985
776990
776978
776981
777003
776995
252717
252716
514865
514875
777012
777035
252738
514884
777032
514883
514882
514893
514903
252763
252762
252761
514907
514904
514916
514914
252780
252786
514937
777102
514944
252809
777094
777113
252816
514962
777106
777135
777121
252840
514987
777124
252851
514999
514997
777144
515007
777163
777160
515012
777166
777165
515008
252877
515031
252880
777194
252901
515040
252909
252913
252923
515067
777205
515081
252940
777241
252944
252951
252959
777259
777258
515118
515117
777248
515114
515113
777274
777272
252976
252983
252991
252989
252992
515151
515150
777286
515144
777307
253010
515157
777308
777298
253018
253028
777319
253037
253043
777337
777336
777342
515194
515200
253065
777344
777350
253068
515230
515225
777390
253093
515244
777383
777380
253105
515248
777399
777398
515271
515266
777420
515276
253134
777435
777434
515284
253141
777427
515290
777429
515298
515305
515314
515312
777459
253176
515322
515320
515335
515334
777480
515331
515330
777503
515346
515344
515359
777491
777488
515355
515352
515372
777511
253234
515381
777528
253239
777534
777520
253240
253246
515399
777551
777550
777539
253263
515412
253270
515422
253272
515428
253287
515424
515433
777594
777592
777589
777588
777610
777608
777613
515471
253327
253329
515475
515474
777619
515487
515480
253345
253344
515488
777634
777633
515500
777637
777636
777656
777663
777654
253373
515523
777676
777664
515530
777668
777690
253403
777685
777708
515567
777699
253423
253422
253421
253424
777726
777725
777724
253438
777717
515577
777738
253442
515588
253451
253450
515596
253454
515602
253462
777758
777746
253465
515609
253476
253481
253493
253499
777783
515655
515653
515652
253511
253515
777793
777792
515658
515657
777796
777810
777815
777813
515672
253537
515685
777832
777836
515695
777830
515701
253552
515699
253556
515696
515711
515704
777864
777871
777868
777857
777861
515729
777885
777875
253594
515740
253603
253600
253604
253609
515753
777913
253622
777917
515773
253631
515771
777910
777922
253646
253655
777951
253653
777937
515803
515820
253678
253683
253681
777976
515827
515826
777982
515836
253694
777994
253696
777997
777985
777984
777991
253711
253715
515863
778010
253718
778013
778025
253736
778020
253747
778046
515902
778033
253758
253760
515904
515914
515913
253772
515935
253786
515931
253791
253804
778107
253811
253810
778106
778104
778110
778108
778097
253823
253821
515974
253826
515973
778124
515983
253839
778143
253846
516007
253856
253866
778144
253864
778151
516009
778172
778163
253891
778191
253893
516046
778177
516044
253907
516063
778193
516060
778192
253916
253922
778215
516074
516073
778234
516084
253946
516093
778224
516090
253948
516098
516109
253961
516108
253965
516104
778264
516114
516113
516112
253978
516124
778285
516128
253993
253997
254007
254006
254008
778292
254019
516169
516181
254037
778327
254044
778346
516195
516192
516206
516205
516201
254073
778377
778380
778368
516247
778392
778399
778398
778387
254107
778384
778389
516248
778411
778410
516260
254118
516258
778400
516268
254131
778427
778425
516277
254128
516273
254132
254143
516293
254151
254153
516299
778457
516308
516319
254171
254169
778452
254172
254179
254187
778467
778465
254188
254193
778483
516346
254215
516354
778498
516365
778503
254222
254220
254225
778526
516368
778518
254240
778536
254245
778540
254249
516396
254255
516395
778535
254258
254266
516410
778549
778567
778565
254290
254295
778579
254297
254302
516441
516449
516448
254315
254313
254317
778618
516469
516467
778622
778611
516478
516477
778614
778613
778612
254338
254337
254346
778625
516502
516498
778652
254363
778647
254366
254369
516514
778669
254372
254383
254381
778661
516534
778682
778680
778684
778703
516559
778715
254419
516565
516561
516575
254431
254430
516591
778722
254451
516598
778746
516595
254455
778760
254471
778776
516628
778782
254500
778796
516654
254504
254509
778810
778812
516679
778828
778819
516685
516694
516691
254550
516689
254552
516699
254562
516717
254574
778853
254580
516729
254589
778890
778888
516748
516745
778884
516753
254618
516769
516783
516782
516780
254639
254637
778917
254636
778938
254647
516798
778934
516793
778932
516803
254663
516802
778944
516810
516826
778985
516836
254688
778981
516840
779003
779005
779004
778999
779019
779023
516865
254725
779014
516872
779039
779047
779071
516925
779056
779063
516934
254785
779080
254791
516931
779084
254794
254802
779102
779101
516955
516953
779117
779116
779107
516975
254826
516970
516969
779108
516983
779130
516979
254837
779122
779121
516986
254856
517003
779143
254863
779162
254864
254871
254868
254875
254883
254882
517036
779174
254892
779194
254897
779193
254908
517056
254921
517069
254920
254926
517079
254934
779218
517084
254943
517081
517090
517104
779250
517116
254972
517112
779266
779265
254985
517132
517142
254999
254998
779294
517138
517144
255010
255009
255008
779308
255012
517167
517164
255023
517161
255020
255027
255025
779320
255030
517170
517168
517181
779319
779317
517191
779336
517187
255045
255044
779329
517195
779355
517206
779356
255075
779370
517221
779368
517237
779385
779391
517232
255099
517246
779382
779403
255111
255110
255114
779396
517266
255125
517279
779409
255135
517273
779412
255139
779439
255140
517280
255149
255155
255152
255161
779447
517305
517304
255171
779465
255177
779462
517321
255187
255186
779486
517336
517349
517348
517346
517356
517355
255214
255220
779516
517382
779533
255245
779525
517398
255255
517415
255266
517410
779558
779577
255281
517427
517426
779569
779568
255294
779573
779592
255300
517455
255306
779585
517452
779611
517461
779608
517456
517471
779603
255327
779607
255326
779606
779605
517464
255334
779622
255346
255345
779644
779659
517510
779661
517505
517517
517516
779654
255374
779652
779666
779671
517530
517528
517543
779688
255396
517550
779681
255406
255405
779684
255404
255410
517552
255419
779703
517561
517573
517571
779725
517569
255435
255439
255438
517576
517591
779733
255456
779759
255465
779745
517630
517627
255486
517626
779765
779786
255489
517637
779784
779788
255492
255500
255515
779793
779821
517665
255535
517674
255546
517703
255557
255556
517711
255565
779864
779863
255582
517721
255584
779886
255589
779884
255593
255600
779900
255604
255611
779894
255616
517762
517761
517760
255627
779905
255624
517770
779934
779932
779946
517798
255650
779949
255658
779936
779942
255661
517814
779961
255669
779954
255673
779953
255679
255678
779957
255683
517828
517839
255690
517834
517833
779984
517852
779988
255708
780010
517862
255712
517857
255716
255720
517875
255738
255746
255748
780044
255755
517902
780032
255756
255762
255771
517916
780055
517914
780052
517924
780093
780092
255803
517951
780081
255800
780087
255804
780111
255814
517953
517970
255833
255846
780142
517999
780130
255862
780157
780147
780144
255871
518017
518016
780163
518030
780160
255886
780166
518033
255892
780188
780179
780181
518053
255908
255914
518061
518060
255916
518070
255921
255929
518075
780213
518087
780235
518086
780233
255936
255944
518091
255950
518098
255965
518114
518113
518126
255977
255976
255983
780263
780261
255985
518141
780278
256014
780294
256016
256026
518180
256039
780321
256046
518207
256071
780358
780357
256076
256091
518239
256094
256093
518242
780396
780387
518253
518251
780410
518258
518271
780403
256121
256126
256125
780405
780427
780425
256129
518275
780431
256133
518286
780417
780423
780420
256140
518294
780441
518291
518301
518300
518299
256159
518309
780462
780461
256170
518315
256176
518320
780467
518331
780470
256193
256192
780495
256200
256210
780504
256215
518366
518360
780526
518370
256237
780517
518388
256255
780554
256257
256271
256269
780568
518417
780560
780591
780579
256298
518444
256300
518450
518448
256314
518471
518470
518469
256338
780636
256344
518490
780630
256354
780649
256352
780654
780643
256363
518506
780645
256370
518517
780665
518526
518525
518523
256382
518532
256389
780674
518542
780679
780702
518562
256421
518560
518574
518571
518568
780729
256438
780734
256437
780721
256440
256446
780747
780745
518606
518600
780740
256465
780766
256468
780753
780758
780757
518631
256484
518643
518641
256504
256514
518661
780813
518656
518670
780800
518679
256530
780825
780831
518674
256533
518682
780822
780843
256551
518689
780838
780859
256561
518717
256568
780853
518713
256573
780875
256578
256582
780869
780895
518736
256601
780881
256611
518767
518761
256625
780920
518780
518778
256642
256647
780943
780942
780941
256663
780958
518801
780957
780956
256665
780950
780973
518829
256686
518835
518846
256702
518840
256700
780980
781003
256706
256711
256710
780992
780997
781009
781039
518892
256744
256763
518910
781041
256761
256760
518907
256770
256768
256778
256788
781077
518936
518950
518947
781093
781105
781109
781108
781131
781129
781133
256837
781123
256841
518988
256845
519005
256857
519004
781160
781167
781165
781164
781153
781152
781159
519026
519036
256892
519032
519053
256918
781202
519074
256943
256942
519093
781247
256951
256950
519089
781245
781239
781259
781263
256965
519118
256969
519114
256973
781277
256980
519135
781269
256988
256993
519138
781287
781306
519158
257008
781311
519154
257018
257017
781302
781321
257024
519169
519189
781336
257046
519199
257049
519197
257063
519201
781346
519212
781351
519223
519221
257073
257078
781373
519217
257082
519227
257090
257092
257099
257098
781376
781402
781401
781395
519262
519259
257123
781415
257135
519285
781438
781425
257153
781442
257162
781440
519307
781446
519306
519305
519312
781457
519325
519324
257176
257187
519328
519339
257206
781501
257211
519353
257212
781516
257231
257230
257228
519381
519377
257236
781523
781520
257250
781544
519394
519393
257259
519406
519403
257261
781563
519414
257264
781565
781554
519419
257282
519428
781583
519424
519437
257288
781599
519441
257301
781585
257305
519453
781590
781611
519461
781615
519457
519471
781607
519475
781631
519474
257334
781619
257339
519485
781617
781623
519480
257345
519490
519503
257352
257356
519510
257362
257364
519504
257371
519518
781648
257375
257372
257379
257377
519524
257383
519522
257380
781665
519536
781683
781682
257402
257414
781709
257419
781697
781702
519587
781742
257444
781730
519593
519592
781757
781746
781750
257473
257477
257482
781760
257487
519625
519624
781790
257498
781777
257502
257506
257504
519651
257510
781805
257517
257524
781811
519678
257535
519686
257538
257537
257541
519681
781829
519703
257553
781855
257556
257567
257566
781844
519717
519714
257572
257581
519720
781884
257588
257592
781872
519739
781877
781876
519749
781896
519745
519754
519775
519774
519768
519791
257658
519803
257666
519823
257674
519825
781968
781973
519847
781995
519842
519840
781985
519869
519868
519865
782004
782024
257741
519894
519903
782034
782033
257759
782050
257769
519915
257773
782053
782075
519926
257777
257776
257781
519934
782070
782090
257799
257798
257801
519955
519966
782101
519961
519960
782122
782127
519969
782118
519991
782137
257840
519987
519985
257851
257855
782153
782147
520014
257865
520008
257874
520022
520020
520018
520017
257882
520029
520025
520035
257894
782177
520042
782195
782193
782196
257931
782215
257936
520082
782236
520095
257944
257955
782254
782243
782241
257960
257973
520124
520122
782283
520140
782272
520139
782299
258002
258001
782303
520146
258014
782293
520153
520175
258024
782311
782329
782328
520179
258036
258047
782344
258058
520206
258057
520221
782359
520219
258081
258086
782369
782394
520243
258102
258107
782386
258111
782390
258109
782388
782411
258117
258122
782401
782404
520275
782447
258151
520291
520290
520289
258153
258156
258162
258161
258164
782454
258177
520332
258190
520342
520340
258199
782494
782493
782487
782485
520358
258209
520356
520354
782510
520367
520361
782500
782512
520376
258243
782538
258241
520388
258245
520394
520392
520404
258264
520408
520422
258274
782572
258280
520427
258288
520432
782579
520452
520448
520463
258316
520470
782618
782637
520481
520492
258350
782628
520503
782653
258356
258363
520510
782646
520506
782645
520504
782671
520527
520526
782661
258387
782687
258394
782677
782698
520549
520544
258411
258415
258414
520554
258417
782719
520562
782718
520561
258427
520569
258433
782735
520579
782726
258463
782760
258464
258470
782765
258468
782754
782758
520628
520639
782792
258496
258509
782803
258527
782807
782806
782827
520677
520674
782820
258553
782838
258567
258565
782848
520713
258579
782874
520723
782871
782869
782868
258595
520742
258593
258596
782882
782887
520757
520756
782908
258620
520773
782924
782919
782918
520777
520776
782916
258642
782936
258647
782942
520786
782930
520796
782934
782952
520801
782945
258675
258673
782972
520831
258680
258689
258688
520834
520832
258706
258711
258719
258721
258727
520864
783020
783011
520883
258740
520880
520893
258751
258749
258759
258758
520897
520910
783041
258767
520919
783066
258769
783071
258786
258784
258791
258788
258793
258792
258799
783076
258802
520950
520949
258809
258814
783093
783105
520972
783108
520991
783122
258841
520988
783120
258847
520986
520995
258853
521001
521014
783165
258868
783154
783153
521020
258872
783159
258877
521038
258893
783172
258898
521054
258904
783211
783209
258912
258927
783205
783226
521073
783216
783223
783245
783234
258957
783256
783251
783249
521115
521114
521134
259019
521166
521164
259023
783301
259025
259029
259035
783318
783338
521185
521184
521199
521194
521206
521204
259056
259063
783356
521215
783345
259064
521209
783371
259075
521222
259077
783361
521227
259084
783387
521247
259097
783383
259103
259105
259114
521259
783399
783398
521266
521276
783415
521286
521282
521281
783436
259140
521290
783450
521300
783454
259157
783452
521310
259168
521313
259172
259181
259185
259184
521330
521340
521339
259196
521350
783502
521345
783489
259215
783514
521363
521371
259230
783509
521382
783528
259239
259238
521388
783551
783561
783565
521420
783556
259283
521431
259289
259294
259293
783592
259303
259306
259305
521463
521461
521466
521465
521464
259324
259333
521487
259347
259359
783639
259358
521497
521496
783663
259370
259377
521524
521523
259381
783664
521531
783688
783707
783704
521554
521553
783698
521563
259421
259426
783720
783714
521581
259437
521576
259443
259446
521599
259451
521593
521605
783752
783756
783744
783751
783749
259468
521623
521619
783763
521628
259480
521639
259490
259489
259495
521634
521633
783780
521654
259511
783806
783794
521660
521659
521671
783822
783815
259538
259542
783837
783829
521703
783851
259553
521698
259556
259563
783847
521718
521721
783861
521720
783884
521742
259593
783872
783878
521737
783902
259605
521758
783895
783892
521752
783915
521764
783919
521760
521775
783910
521779
521786
521785
259661
259660
521800
783966
783964
259673
259672
259677
259681
259692
783994
259698
521844
521840
521853
259704
783984
783990
259714
521858
259716
784001
784000
259727
259735
784030
521874
784017
784016
521883
521881
784040
784033
784059
259762
784048
259795
521939
521950
521944
521957
784104
784110
521965
784097
521962
259830
521982
784143
521987
521985
784140
259849
521995
784155
784152
784145
259868
522031
259882
784161
784160
784184
784191
522032
522046
259903
522040
259900
259907
522055
522051
259910
784206
259908
522068
784223
522066
784209
522073
522072
522083
784227
259955
784250
259953
522097
522105
259973
259977
784281
259984
259989
784285
259988
784299
784297
260001
522159
260009
260012
260019
784313
522174
260025
784304
260031
260046
522184
784346
522197
522195
522202
522200
260065
522213
260064
784366
260079
784376
260087
260086
260089
522237
260098
522241
784396
784387
260106
784390
260115
522263
260112
260118
784402
260125
522275
260135
784443
260150
522288
522301
784432
260159
260158
784437
260156
784436
522311
522308
784451
260170
522327
784474
522321
260186
784469
522328
260192
784481
260211
522357
784510
784509
522367
784497
522363
784520
522370
784524
260234
784514
260239
784519
522377
784517
784543
260246
260245
522385
522395
522413
522412
522411
260271
522410
260269
522408
260268
784572
260281
522427
260285
522424
260290
784584
260288
522434
522446
260296
260302
784594
784593
784597
522470
260321
260320
784609
784614
784632
522484
260343
260342
522482
522495
260344
260351
522489
260355
522503
260354
784653
522510
260361
522517
784664
522512
522527
260381
260380
784683
784680
784676
260401
784700
260419
522566
260427
260425
784711
260439
784733
784723
784722
784720
522585
260444
522595
784750
784749
260457
784736
522602
784742
260465
784764
522625
260491
784787
260511
784801
260527
260530
522677
784830
260533
260532
260544
784847
522702
784833
260553
260561
784856
522713
260572
522725
522730
784889
260599
260597
784887
260613
522767
522763
784902
522772
784927
522769
522768
522781
522778
784917
522799
522796
260648
784928
522794
522803
522802
260671
522811
522809
784968
522820
522825
784987
522838
522837
522836
260695
784977
784983
522843
260709
522857
260720
260727
522866
785034
260748
522903
785071
785069
260776
785056
785063
260781
522920
522934
260791
522929
785102
522946
785091
260814
522966
785112
522962
522971
785110
260828
785129
522989
260846
260861
785163
785166
785164
785157
785177
785176
260887
785170
260889
523036
523035
260895
523046
260897
260902
523051
523049
785188
523069
785207
260930
260929
785228
523095
785242
260948
523100
523106
785251
260971
785253
523112
785252
523134
785270
785289
523138
523137
523151
261000
261007
261011
785304
785309
785296
261021
785300
785322
523170
523183
523180
523179
785319
523178
261051
261054
261052
261063
261060
785345
261070
261074
523222
785369
785361
261081
523225
523239
261091
785386
523235
261095
523233
261099
261097
523254
523253
261104
523251
523249
261115
785398
261116
261123
523271
523269
523268
523267
523279
523275
523273
261142
261140
785427
785453
785443
523309
523307
261174
523327
261182
261180
261187
523335
785482
523332
785475
523343
523340
261199
523348
523344
261215
261217
785512
261220
261227
785507
785506
785504
261231
261242
261240
523397
785549
785537
261256
523404
261263
261262
261260
261267
785554
785579
523430
785577
261287
523425
785581
261284
523424
261290
523437
785575
523442
785596
261306
785585
785588
261312
785607
523464
785604
785627
261329
523477
785631
523486
261341
785643
523495
523501
785639
523509
785660
523513
785691
261395
261392
261399
785692
523550
261400
261406
785704
261415
523555
785708
261431
261430
785713
523591
261443
523587
523586
785742
261445
785741
261451
523596
523603
785745
523612
261470
785749
523608
785770
261474
261472
785760
785786
785789
261497
785776
523643
785783
785804
785795
523661
523656
523670
523669
523665
261524
785820
785811
523675
785832
523680
785824
523691
523688
523698
523716
785870
261579
261578
523733
523732
261594
785879
261601
785896
523747
261604
523758
523754
785915
785914
785912
261622
523762
261627
785910
523781
785932
261646
785924
523799
261652
785948
261659
523807
261658
261664
523817
523829
785980
523837
523845
785998
261707
261706
261705
786002
786001
786007
786004
786025
261735
523874
786019
523886
261738
523894
786041
523893
261754
523899
786037
261756
786063
523904
786060
523919
523915
261775
523913
261777
523934
261785
786071
261793
261796
261802
786087
523958
786105
261815
523966
523964
786123
786127
523970
261833
786119
261837
786130
261849
261852
524007
261863
786157
786147
524023
524020
786175
524016
524025
786191
261894
261893
524032
786179
786178
524051
786206
524049
524059
786199
786217
786222
261930
261936
261947
261946
786251
786250
524098
261963
524110
524108
261965
786269
524112
524135
524131
524143
261999
786297
786300
262011
262008
262014
786319
786305
262025
524183
262039
524177
262051
786345
262049
524192
262057
786341
786367
786355
524222
524221
786352
262077
786379
786376
524226
786371
786369
524236
524241
786389
524248
262115
262112
524267
262124
786424
524276
786430
786418
786423
448070
